wall_time_iso,ros_time_s,experiment_id,lighting,scenario,ground_truth_m,notes,person_z_m,person_detected,depth_valid,in_zone,depth_status_text,safety_state_text,safety_level,state_changed,det_count,det_depth_valid_count,detections_json,closest_det_conf,closest_bbox_cx,closest_bbox_cy,closest_bbox_w,closest_bbox_h,closest_depth_m,input_fps,output_fps
2026-04-22T15:40:07.231,1776861607.231531,exp5_right_to_left_cross_center,400_lux,right_to_left_cross_center_line,1.600,,-1.0000,0,0,0,,,0,0,0,0,[],0.0000,-1.00,-1.00,-1.00,-1.00,,0.00,3.32
2026-04-22T15:40:07.333,1776861607.332970,exp5_right_to_left_cross_center,400_lux,right_to_left_cross_center_line,1.600,,-1.0000,0,0,0,,,0,0,0,0,[],0.0000,-1.00,-1.00,-1.00,-1.00,,0.00,4.97
2026-04-22T15:40:07.431,1776861607.431232,exp5_right_to_left_cross_center,400_lux,right_to_left_cross_center_line,1.600,,-1.0000,0,0,0,,,0,0,0,0,[],0.0000,-1.00,-1.00,-1.00,-1.00,,0.00,5.99
2026-04-22T15:40:07.531,1776861607.531320,exp5_right_to_left_cross_center,400_lux,right_to_left_cross_center_line,1.600,,-1.0000,0,0,0,,,0,0,0,0,[],0.0000,-1.00,-1.00,-1.00,-1.00,,0.00,6.66
2026-04-22T15:40:07.631,1776861607.631117,exp5_right_to_left_cross_center,400_lux,right_to_left_cross_center_line,1.600,,-1.0000,0,0,0,,,0,0,0,0,[],0.0000,-1.00,-1.00,-1.00,-1.00,,0.00,7.13
2026-04-22T15:40:07.731,1776861607.731445,exp5_right_to_left_cross_center,400_lux,right_to_left_cross_center_line,1.600,,-1.0000,0,0,0,,,0,0,0,0,[],0.0000,-1.00,-1.00,-1.00,-1.00,,0.00,7.49
2026-04-22T15:40:07.831,1776861607.831163,exp5_right_to_left_cross_center,400_lux,right_to_left_cross_center_line,1.600,,-1.0000,0,0,0,,,0,0,0,0,[],0.0000,-1.00,-1.00,-1.00,-1.00,,0.00,7.77
2026-04-22T15:40:07.932,1776861607.932259,exp5_right_to_left_cross_center,400_lux,right_to_left_cross_center_line,1.600,,-1.0000,0,0,0,detected=False | in_zone=False | depth_valid=False | z=invalid | valid=0/0 | roi_mode=full,,0,0,0,0,[],0.0000,-1.00,-1.00,-1.00,-1.00,,2.00,7.98
2026-04-22T15:40:08.045,1776861608.045711,exp5_right_to_left_cross_center,400_lux,right_to_left_cross_center_line,1.600,,-1.0000,0,0,0,detected=False | in_zone=False | depth_valid=False | z=invalid | valid=0/0 | roi_mode=full,,0,0,0,0,[],0.0000,-1.00,-1.00,-1.00,-1.00,,0.00,8.82
2026-04-22T15:40:08.131,1776861608.131579,exp5_right_to_left_cross_center,400_lux,right_to_left_cross_center_line,1.600,,-1.0000,0,0,0,detected=False | in_zone=False | depth_valid=False | z=invalid | valid=0/0 | roi_mode=full,SAFE (z=invalid),0,0,0,0,[],0.0000,-1.00,-1.00,-1.00,-1.00,,10.03,10.03
2026-04-22T15:40:08.233,1776861608.233320,exp5_right_to_left_cross_center,400_lux,right_to_left_cross_center_line,1.600,,-1.0000,0,0,0,detected=False | in_zone=False | depth_valid=False | z=invalid | valid=0/0 | roi_mode=full,SAFE (z=invalid),0,0,0,0,[],0.0000,-1.00,-1.00,-1.00,-1.00,,9.97,9.97
2026-04-22T15:40:08.331,1776861608.331434,exp5_right_to_left_cross_center,400_lux,right_to_left_cross_center_line,1.600,,-1.0000,0,0,0,detected=False | in_zone=False | depth_valid=False | z=invalid | valid=0/0 | roi_mode=full,SAFE (z=invalid),0,0,0,0,[],0.0000,-1.00,-1.00,-1.00,-1.00,,7.52,10.02
2026-04-22T15:40:08.445,1776861608.445915,exp5_right_to_left_cross_center,400_lux,right_to_left_cross_center_line,1.600,,-1.0000,0,0,0,detected=False | in_zone=False | depth_valid=False | z=invalid | valid=0/0 | roi_mode=full,SAFE (z=invalid),0,0,0,0,[],0.0000,-1.00,-1.00,-1.00,-1.00,,7.79,9.73
2026-04-22T15:40:08.531,1776861608.531239,exp5_right_to_left_cross_center,400_lux,right_to_left_cross_center_line,1.600,,-1.0000,0,0,0,detected=False | in_zone=False | depth_valid=False | z=invalid | valid=0/0 | roi_mode=full,SAFE (z=invalid),0,0,0,0,[],0.0000,-1.00,-1.00,-1.00,-1.00,,8.35,10.02
2026-04-22T15:40:08.658,1776861608.658134,exp5_right_to_left_cross_center,400_lux,right_to_left_cross_center_line,1.600,,-1.0000,0,0,0,detected=False | in_zone=False | depth_valid=False | z=invalid | valid=0/0 | roi_mode=full,SAFE (z=invalid),0,0,0,0,[],0.0000,-1.00,-1.00,-1.00,-1.00,,8.27,9.64
2026-04-22T15:40:08.731,1776861608.731233,exp5_right_to_left_cross_center,400_lux,right_to_left_cross_center_line,1.600,,-1.0000,0,0,0,detected=False | in_zone=False | depth_valid=False | z=invalid | valid=0/0 | roi_mode=full,SAFE (z=invalid),0,0,0,0,[],0.0000,-1.00,-1.00,-1.00,-1.00,,8.76,10.01
2026-04-22T15:40:08.831,1776861608.831201,exp5_right_to_left_cross_center,400_lux,right_to_left_cross_center_line,1.600,,-1.0000,0,0,0,detected=False | in_zone=False | depth_valid=False | z=invalid | valid=0/0 | roi_mode=full,SAFE (z=invalid),0,0,0,0,[],0.0000,-1.00,-1.00,-1.00,-1.00,,8.90,10.01
2026-04-22T15:40:08.966,1776861608.966813,exp5_right_to_left_cross_center,400_lux,right_to_left_cross_center_line,1.600,,-1.0000,0,0,0,detected=False | in_zone=False | depth_valid=False | z=invalid | valid=0/0 | roi_mode=full,SAFE (z=invalid),0,0,0,0,[],0.0000,-1.00,-1.00,-1.00,-1.00,,7.73,9.67
2026-04-22T15:40:09.033,1776861609.033900,exp5_right_to_left_cross_center,400_lux,right_to_left_cross_center_line,1.600,,-1.0000,0,0,0,detected=False | in_zone=False | depth_valid=False | z=invalid | valid=0/0 | roi_mode=full,SAFE (z=invalid),0,0,0,0,[],0.0000,-1.00,-1.00,-1.00,-1.00,,29.81,14.90
2026-04-22T15:40:09.132,1776861609.132143,exp5_right_to_left_cross_center,400_lux,right_to_left_cross_center_line,1.600,,-1.0000,0,0,0,detected=False | in_zone=False | depth_valid=False | z=invalid | valid=0/0 | roi_mode=full,SAFE (z=invalid),0,0,0,0,[],0.0000,-1.00,-1.00,-1.00,-1.00,,24.20,12.10
2026-04-22T15:40:09.231,1776861609.231330,exp5_right_to_left_cross_center,400_lux,right_to_left_cross_center_line,1.600,,-1.0000,0,0,0,detected=False | in_zone=False | depth_valid=False | z=invalid | valid=0/0 | roi_mode=full,SAFE (z=invalid),0,0,0,0,[],0.0000,-1.00,-1.00,-1.00,-1.00,,26.46,11.34
2026-04-22T15:40:09.333,1776861609.333404,exp5_right_to_left_cross_center,400_lux,right_to_left_cross_center_line,1.600,,-1.0000,0,0,0,detected=False | in_zone=False | depth_valid=False | z=invalid | valid=0/0 | roi_mode=full,SAFE (z=invalid),0,0,0,0,[],0.0000,-1.00,-1.00,-1.00,-1.00,,21.82,10.91
2026-04-22T15:40:09.431,1776861609.431430,exp5_right_to_left_cross_center,400_lux,right_to_left_cross_center_line,1.600,,-1.0000,0,0,0,detected=False | in_zone=False | depth_valid=False | z=invalid | valid=0/0 | roi_mode=full,SAFE (z=invalid),0,0,0,0,[],0.0000,-1.00,-1.00,-1.00,-1.00,,19.37,10.76
2026-04-22T15:40:09.531,1776861609.531164,exp5_right_to_left_cross_center,400_lux,right_to_left_cross_center_line,1.600,,-1.0000,0,0,0,detected=False | in_zone=False | depth_valid=False | z=invalid | valid=0/0 | roi_mode=full,SAFE (z=invalid),0,0,0,0,[],0.0000,-1.00,-1.00,-1.00,-1.00,,15.95,10.63
2026-04-22T15:40:09.631,1776861609.631373,exp5_right_to_left_cross_center,400_lux,right_to_left_cross_center_line,1.600,,-1.0000,0,0,0,detected=False | in_zone=False | depth_valid=False | z=invalid | valid=0/0 | roi_mode=full,SAFE (z=invalid),0,0,0,0,[],0.0000,-1.00,-1.00,-1.00,-1.00,,15.05,10.53
2026-04-22T15:40:09.731,1776861609.731040,exp5_right_to_left_cross_center,400_lux,right_to_left_cross_center_line,1.600,,-1.0000,0,0,0,detected=False | in_zone=False | depth_valid=False | z=invalid | valid=0/0 | roi_mode=full,SAFE (z=invalid),0,0,0,0,[],0.0000,-1.00,-1.00,-1.00,-1.00,,14.39,10.47
2026-04-22T15:40:09.832,1776861609.832511,exp5_right_to_left_cross_center,400_lux,right_to_left_cross_center_line,1.600,,-1.0000,0,0,0,detected=False | in_zone=False | depth_valid=False | z=invalid | valid=0/0 | roi_mode=full,SAFE (z=invalid),0,0,0,0,[],0.0000,-1.00,-1.00,-1.00,-1.00,,15.02,10.40
2026-04-22T15:40:09.931,1776861609.931317,exp5_right_to_left_cross_center,400_lux,right_to_left_cross_center_line,1.600,,-1.0000,0,0,0,detected=False | in_zone=False | depth_valid=False | z=invalid | valid=0/0 | roi_mode=full,SAFE (z=invalid),0,0,0,0,[],0.0000,-1.00,-1.00,-1.00,-1.00,,15.55,10.37
2026-04-22T15:40:10.031,1776861610.031368,exp5_right_to_left_cross_center,400_lux,right_to_left_cross_center_line,1.600,,-1.0000,0,0,0,detected=False | in_zone=False | depth_valid=False | z=invalid | valid=0/0 | roi_mode=full,SAFE (z=invalid),0,0,0,0,[],0.0000,-1.00,-1.00,-1.00,-1.00,,15.03,10.33
2026-04-22T15:40:10.131,1776861610.131318,exp5_right_to_left_cross_center,400_lux,right_to_left_cross_center_line,1.600,,-1.0000,0,0,0,detected=False | in_zone=False | depth_valid=False | z=invalid | valid=0/0 | roi_mode=full,SAFE (z=invalid),0,0,0,0,[],0.0000,-1.00,-1.00,-1.00,-1.00,,10.00,10.00
2026-04-22T15:40:10.234,1776861610.234466,exp5_right_to_left_cross_center,400_lux,right_to_left_cross_center_line,1.600,,-1.0000,0,0,0,detected=False | in_zone=False | depth_valid=False | z=invalid | valid=0/0 | roi_mode=full,SAFE (z=invalid),0,0,0,0,[],0.0000,-1.00,-1.00,-1.00,-1.00,,9.85,9.85
2026-04-22T15:40:10.333,1776861610.333946,exp5_right_to_left_cross_center,400_lux,right_to_left_cross_center_line,1.600,,-1.0000,0,0,0,detected=False | in_zone=False | depth_valid=False | z=invalid | valid=0/0 | roi_mode=full,SAFE (z=invalid),0,0,0,0,[],0.0000,-1.00,-1.00,-1.00,-1.00,,9.91,9.91
2026-04-22T15:40:10.432,1776861610.432868,exp5_right_to_left_cross_center,400_lux,right_to_left_cross_center_line,1.600,,-1.0000,0,0,0,detected=False | in_zone=False | depth_valid=False | z=invalid | valid=0/0 | roi_mode=full,SAFE (z=invalid),0,0,0,0,[],0.0000,-1.00,-1.00,-1.00,-1.00,,9.96,9.96
2026-04-22T15:40:10.532,1776861610.532614,exp5_right_to_left_cross_center,400_lux,right_to_left_cross_center_line,1.600,,-1.0000,0,0,0,detected=False | in_zone=False | depth_valid=False | z=invalid | valid=0/0 | roi_mode=full,SAFE (z=invalid),0,0,0,0,[],0.0000,-1.00,-1.00,-1.00,-1.00,,11.97,9.98
2026-04-22T15:40:10.632,1776861610.632312,exp5_right_to_left_cross_center,400_lux,right_to_left_cross_center_line,1.600,,-1.0000,0,0,0,detected=False | in_zone=False | depth_valid=False | z=invalid | valid=0/0 | roi_mode=full,SAFE (z=invalid),0,0,0,0,[],0.0000,-1.00,-1.00,-1.00,-1.00,,13.31,9.98
2026-04-22T15:40:10.731,1776861610.731499,exp5_right_to_left_cross_center,400_lux,right_to_left_cross_center_line,1.600,,-1.0000,0,0,0,detected=False | in_zone=False | depth_valid=False | z=invalid | valid=0/0 | roi_mode=full,SAFE (z=invalid),0,0,0,0,[],0.0000,-1.00,-1.00,-1.00,-1.00,,12.86,10.00
2026-04-22T15:40:10.834,1776861610.834290,exp5_right_to_left_cross_center,400_lux,right_to_left_cross_center_line,1.600,,-1.0000,0,0,0,detected=False | in_zone=False | depth_valid=False | z=invalid | valid=0/0 | roi_mode=full,SAFE (z=invalid),0,0,0,0,[],0.0000,-1.00,-1.00,-1.00,-1.00,,12.45,9.96
2026-04-22T15:40:10.932,1776861610.932549,exp5_right_to_left_cross_center,400_lux,right_to_left_cross_center_line,1.600,,-1.0000,0,0,0,detected=False | in_zone=False | depth_valid=False | z=invalid | valid=0/0 | roi_mode=full,SAFE (z=invalid),0,0,0,0,[],0.0000,-1.00,-1.00,-1.00,-1.00,,13.32,9.99
2026-04-22T15:40:11.032,1776861611.032222,exp5_right_to_left_cross_center,400_lux,right_to_left_cross_center_line,1.600,,-1.0000,0,0,0,detected=False | in_zone=False | depth_valid=False | z=invalid | valid=0/0 | roi_mode=full,SAFE (z=invalid),0,0,0,0,[],0.0000,-1.00,-1.00,-1.00,-1.00,,13.99,9.99
2026-04-22T15:40:11.132,1776861611.132934,exp5_right_to_left_cross_center,400_lux,right_to_left_cross_center_line,1.600,,-1.0000,0,0,0,detected=False | in_zone=False | depth_valid=False | z=invalid | valid=0/0 | roi_mode=full,SAFE (z=invalid),0,0,0,0,[],0.0000,-1.00,-1.00,-1.00,-1.00,,9.93,9.93
2026-04-22T15:40:11.231,1776861611.231168,exp5_right_to_left_cross_center,400_lux,right_to_left_cross_center_line,1.600,,-1.0000,0,0,0,detected=False | in_zone=False | depth_valid=False | z=invalid | valid=0/0 | roi_mode=full,SAFE (z=invalid),0,0,0,0,[],0.0000,-1.00,-1.00,-1.00,-1.00,,15.08,10.05
2026-04-22T15:40:11.331,1776861611.331295,exp5_right_to_left_cross_center,400_lux,right_to_left_cross_center_line,1.600,,-1.0000,0,0,0,detected=False | in_zone=False | depth_valid=False | z=invalid | valid=0/0 | roi_mode=full,SAFE (z=invalid),0,0,0,0,[],0.0000,-1.00,-1.00,-1.00,-1.00,,13.37,10.03
2026-04-22T15:40:11.431,1776861611.431197,exp5_right_to_left_cross_center,400_lux,right_to_left_cross_center_line,1.600,,-1.0000,0,0,0,detected=False | in_zone=False | depth_valid=False | z=invalid | valid=0/0 | roi_mode=full,SAFE (z=invalid),0,0,0,0,[],0.0000,-1.00,-1.00,-1.00,-1.00,,12.53,10.03
2026-04-22T15:40:11.532,1776861611.532730,exp5_right_to_left_cross_center,400_lux,right_to_left_cross_center_line,1.600,,-1.0000,0,0,0,detected=False | in_zone=False | depth_valid=False | z=invalid | valid=0/0 | roi_mode=full,SAFE (z=invalid),0,0,0,0,[],0.0000,-1.00,-1.00,-1.00,-1.00,,11.99,9.99
2026-04-22T15:40:11.631,1776861611.631475,exp5_right_to_left_cross_center,400_lux,right_to_left_cross_center_line,1.600,,-1.0000,0,0,0,detected=False | in_zone=False | depth_valid=False | z=invalid | valid=0/0 | roi_mode=full,SAFE (z=invalid),0,0,0,0,[],0.0000,-1.00,-1.00,-1.00,-1.00,,13.35,10.01
2026-04-22T15:40:11.731,1776861611.731931,exp5_right_to_left_cross_center,400_lux,right_to_left_cross_center_line,1.600,,-1.0000,0,0,0,detected=False | in_zone=False | depth_valid=False | z=invalid | valid=0/0 | roi_mode=full,SAFE (z=invalid),0,0,0,0,[],0.0000,-1.00,-1.00,-1.00,-1.00,,11.43,10.00
2026-04-22T15:40:11.839,1776861611.839018,exp5_right_to_left_cross_center,400_lux,right_to_left_cross_center_line,1.600,,-1.0000,0,0,0,detected=False | in_zone=False | depth_valid=False | z=invalid | valid=0/0 | roi_mode=full,SAFE (z=invalid),0,0,0,0,[],0.0000,-1.00,-1.00,-1.00,-1.00,,9.92,9.92
2026-04-22T15:40:11.931,1776861611.931411,exp5_right_to_left_cross_center,400_lux,right_to_left_cross_center_line,1.600,,-1.0000,0,0,0,detected=False | in_zone=False | depth_valid=False | z=invalid | valid=0/0 | roi_mode=full,SAFE (z=invalid),0,0,0,0,[],0.0000,-1.00,-1.00,-1.00,-1.00,,10.01,10.01
2026-04-22T15:40:12.036,1776861612.036504,exp5_right_to_left_cross_center,400_lux,right_to_left_cross_center_line,1.600,,-1.0000,0,0,0,detected=False | in_zone=False | depth_valid=False | z=invalid | valid=0/0 | roi_mode=full,SAFE (z=invalid),0,0,0,0,[],0.0000,-1.00,-1.00,-1.00,-1.00,,9.96,9.96
2026-04-22T15:40:12.131,1776861612.131328,exp5_right_to_left_cross_center,400_lux,right_to_left_cross_center_line,1.600,,-1.0000,0,0,0,detected=False | in_zone=False | depth_valid=False | z=invalid | valid=0/0 | roi_mode=full,SAFE (z=invalid),0,0,0,0,[],0.0000,-1.00,-1.00,-1.00,-1.00,,10.54,10.54
2026-04-22T15:40:12.231,1776861612.231171,exp5_right_to_left_cross_center,400_lux,right_to_left_cross_center_line,1.600,,-1.0000,0,0,0,detected=False | in_zone=False | depth_valid=False | z=invalid | valid=0/0 | roi_mode=full,SAFE (z=invalid),0,0,0,0,[],0.0000,-1.00,-1.00,-1.00,-1.00,,10.27,10.27
2026-04-22T15:40:12.336,1776861612.336926,exp5_right_to_left_cross_center,400_lux,right_to_left_cross_center_line,1.600,,-1.0000,0,0,0,detected=False | in_zone=False | depth_valid=False | z=invalid | valid=0/0 | roi_mode=full,SAFE (z=invalid),0,0,0,0,[],0.0000,-1.00,-1.00,-1.00,-1.00,,9.99,9.99
2026-04-22T15:40:12.432,1776861612.432423,exp5_right_to_left_cross_center,400_lux,right_to_left_cross_center_line,1.600,,-1.0000,0,0,0,detected=False | in_zone=False | depth_valid=False | z=invalid | valid=0/0 | roi_mode=full,SAFE (z=invalid),0,0,0,0,[],0.0000,-1.00,-1.00,-1.00,-1.00,,10.10,10.10
2026-04-22T15:40:12.550,1776861612.550655,exp5_right_to_left_cross_center,400_lux,right_to_left_cross_center_line,1.600,,-1.0000,0,0,0,detected=False | in_zone=False | depth_valid=False | z=invalid | valid=0/0 | roi_mode=full,SAFE (z=invalid),0,0,0,0,[],0.0000,-1.00,-1.00,-1.00,-1.00,,9.72,9.72
2026-04-22T15:40:12.632,1776861612.632114,exp5_right_to_left_cross_center,400_lux,right_to_left_cross_center_line,1.600,,-1.0000,0,0,0,detected=False | in_zone=False | depth_valid=False | z=invalid | valid=0/0 | roi_mode=full,SAFE (z=invalid),0,0,0,0,[],0.0000,-1.00,-1.00,-1.00,-1.00,,10.07,10.07
2026-04-22T15:40:12.731,1776861612.731380,exp5_right_to_left_cross_center,400_lux,right_to_left_cross_center_line,1.600,,-1.0000,0,0,0,detected=False | in_zone=False | depth_valid=False | z=invalid | valid=0/0 | roi_mode=full,SAFE (z=invalid),0,0,0,0,[],0.0000,-1.00,-1.00,-1.00,-1.00,,8.63,10.07
2026-04-22T15:40:12.833,1776861612.833008,exp5_right_to_left_cross_center,400_lux,right_to_left_cross_center_line,1.600,,-1.0000,0,0,0,detected=False | in_zone=False | depth_valid=False | z=invalid | valid=0/0 | roi_mode=full,SAFE (z=invalid),0,0,0,0,[],0.0000,-1.00,-1.00,-1.00,-1.00,,8.79,10.04
2026-04-22T15:40:12.932,1776861612.932245,exp5_right_to_left_cross_center,400_lux,right_to_left_cross_center_line,1.600,,-1.0000,0,0,0,detected=False | in_zone=False | depth_valid=False | z=invalid | valid=0/0 | roi_mode=full,SAFE (z=invalid),0,0,0,0,[],0.0000,-1.00,-1.00,-1.00,-1.00,,10.05,10.05
2026-04-22T15:40:13.031,1776861613.031372,exp5_right_to_left_cross_center,400_lux,right_to_left_cross_center_line,1.600,,-1.0000,0,0,0,detected=False | in_zone=False | depth_valid=False | z=invalid | valid=0/0 | roi_mode=full,SAFE (z=invalid),0,0,0,0,[],0.0000,-1.00,-1.00,-1.00,-1.00,,9.05,10.05
2026-04-22T15:40:13.136,1776861613.136118,exp5_right_to_left_cross_center,400_lux,right_to_left_cross_center_line,1.600,,-1.0000,0,0,0,detected=False | in_zone=False | depth_valid=False | z=invalid | valid=0/0 | roi_mode=full,SAFE (z=invalid),0,0,0,0,[],0.0000,-1.00,-1.00,-1.00,-1.00,,9.09,10.00
2026-04-22T15:40:13.231,1776861613.231832,exp5_right_to_left_cross_center,400_lux,right_to_left_cross_center_line,1.600,,-1.0000,0,0,0,detected=False | in_zone=False | depth_valid=False | z=invalid | valid=0/0 | roi_mode=full,SAFE (z=invalid),0,0,0,0,[],0.0000,-1.00,-1.00,-1.00,-1.00,,20.90,10.45
2026-04-22T15:40:13.332,1776861613.332734,exp5_right_to_left_cross_center,400_lux,right_to_left_cross_center_line,1.600,,-1.0000,0,0,0,detected=False | in_zone=False | depth_valid=False | z=invalid | valid=0/0 | roi_mode=full,SAFE (z=invalid),0,0,0,0,[],0.0000,-1.00,-1.00,-1.00,-1.00,,15.26,10.17
2026-04-22T15:40:13.437,1776861613.437120,exp5_right_to_left_cross_center,400_lux,right_to_left_cross_center_line,1.600,,-1.0000,0,0,0,detected=False | in_zone=False | depth_valid=False | z=invalid | valid=0/0 | roi_mode=full,SAFE (z=invalid),0,0,0,0,[],0.0000,-1.00,-1.00,-1.00,-1.00,,13.29,9.97
2026-04-22T15:40:13.534,1776861613.533995,exp5_right_to_left_cross_center,400_lux,right_to_left_cross_center_line,1.600,,-1.0000,0,0,0,detected=False | in_zone=False | depth_valid=False | z=invalid | valid=0/0 | roi_mode=full,SAFE (z=invalid),0,0,0,0,[],0.0000,-1.00,-1.00,-1.00,-1.00,,10.05,10.05
2026-04-22T15:40:13.632,1776861613.632904,exp5_right_to_left_cross_center,400_lux,right_to_left_cross_center_line,1.600,,-1.0000,0,0,0,detected=False | in_zone=False | depth_valid=False | z=invalid | valid=0/0 | roi_mode=full,SAFE (z=invalid),0,0,0,0,[],0.0000,-1.00,-1.00,-1.00,-1.00,,10.06,10.06
2026-04-22T15:40:13.732,1776861613.732061,exp5_right_to_left_cross_center,400_lux,right_to_left_cross_center_line,1.600,,-1.0000,0,0,0,detected=False | in_zone=False | depth_valid=False | z=invalid | valid=0/0 | roi_mode=full,SAFE (z=invalid),0,0,0,0,[],0.0000,-1.00,-1.00,-1.00,-1.00,,10.07,10.07
2026-04-22T15:40:13.835,1776861613.835687,exp5_right_to_left_cross_center,400_lux,right_to_left_cross_center_line,1.600,,-1.0000,0,0,0,detected=False | in_zone=False | depth_valid=False | z=invalid | valid=0/0 | roi_mode=full,SAFE (z=invalid),0,0,0,0,[],0.0000,-1.00,-1.00,-1.00,-1.00,,11.44,10.01
2026-04-22T15:40:13.933,1776861613.933939,exp5_right_to_left_cross_center,400_lux,right_to_left_cross_center_line,1.600,,-1.0000,0,0,0,detected=False | in_zone=False | depth_valid=False | z=invalid | valid=0/0 | roi_mode=full,SAFE (z=invalid),0,0,0,0,[],0.0000,-1.00,-1.00,-1.00,-1.00,,11.28,10.03
2026-04-22T15:40:14.039,1776861614.039016,exp5_right_to_left_cross_center,400_lux,right_to_left_cross_center_line,1.600,,-1.0000,0,0,0,detected=False | in_zone=False | depth_valid=False | z=invalid | valid=0/0 | roi_mode=full,SAFE (z=invalid),0,0,0,0,[],0.0000,-1.00,-1.00,-1.00,-1.00,,12.18,9.97
2026-04-22T15:40:14.136,1776861614.136517,exp5_right_to_left_cross_center,400_lux,right_to_left_cross_center_line,1.600,,-1.0000,0,0,0,detected=False | in_zone=False | depth_valid=False | z=invalid | valid=0/0 | roi_mode=full,SAFE (z=invalid),0,0,0,0,[],0.0000,-1.00,-1.00,-1.00,-1.00,,12.99,10.00
2026-04-22T15:40:14.231,1776861614.231333,exp5_right_to_left_cross_center,400_lux,right_to_left_cross_center_line,1.600,,-1.0000,0,0,0,detected=False | in_zone=False | depth_valid=False | z=invalid | valid=0/0 | roi_mode=full,SAFE (z=invalid),0,0,0,0,[],0.0000,-1.00,-1.00,-1.00,-1.00,,10.55,10.55
2026-04-22T15:40:14.332,1776861614.332187,exp5_right_to_left_cross_center,400_lux,right_to_left_cross_center_line,1.600,,-1.0000,0,0,0,detected=False | in_zone=False | depth_valid=False | z=invalid | valid=0/0 | roi_mode=full,SAFE (z=invalid),0,0,0,0,[],0.0000,-1.00,-1.00,-1.00,-1.00,,10.22,10.22
2026-04-22T15:40:14.431,1776861614.431350,exp5_right_to_left_cross_center,400_lux,right_to_left_cross_center_line,1.600,,-1.0000,0,0,0,detected=False | in_zone=False | depth_valid=False | z=invalid | valid=0/0 | roi_mode=full,SAFE (z=invalid),0,0,0,0,[],0.0000,-1.00,-1.00,-1.00,-1.00,,10.18,10.18
2026-04-22T15:40:14.531,1776861614.531144,exp5_right_to_left_cross_center,400_lux,right_to_left_cross_center_line,1.600,,-1.0000,0,0,0,detected=False | in_zone=False | depth_valid=False | z=invalid | valid=0/0 | roi_mode=full,SAFE (z=invalid),0,0,0,0,[],0.0000,-1.00,-1.00,-1.00,-1.00,,10.14,10.14
2026-04-22T15:40:14.631,1776861614.631334,exp5_right_to_left_cross_center,400_lux,right_to_left_cross_center_line,1.600,,-1.0000,0,0,0,detected=False | in_zone=False | depth_valid=False | z=invalid | valid=0/0 | roi_mode=full,SAFE (z=invalid),0,0,0,0,[],0.0000,-1.00,-1.00,-1.00,-1.00,,10.10,10.10
2026-04-22T15:40:14.731,1776861614.731211,exp5_right_to_left_cross_center,400_lux,right_to_left_cross_center_line,1.600,,-1.0000,0,0,0,detected=False | in_zone=False | depth_valid=False | z=invalid | valid=0/0 | roi_mode=full,SAFE (z=invalid),0,0,0,0,[],0.0000,-1.00,-1.00,-1.00,-1.00,,10.09,10.09
2026-04-22T15:40:14.834,1776861614.834296,exp5_right_to_left_cross_center,400_lux,right_to_left_cross_center_line,1.600,,-1.0000,0,0,0,detected=False | in_zone=False | depth_valid=False | z=invalid | valid=0/0 | roi_mode=full,SAFE (z=invalid),0,0,0,0,[],0.0000,-1.00,-1.00,-1.00,-1.00,,10.03,10.03
2026-04-22T15:40:14.938,1776861614.938855,exp5_right_to_left_cross_center,400_lux,right_to_left_cross_center_line,1.600,,-1.0000,0,0,0,detected=False | in_zone=False | depth_valid=False | z=invalid | valid=0/0 | roi_mode=full,SAFE (z=invalid),0,0,0,0,[],0.0000,-1.00,-1.00,-1.00,-1.00,,9.97,9.97
2026-04-22T15:40:15.032,1776861615.032373,exp5_right_to_left_cross_center,400_lux,right_to_left_cross_center_line,1.600,,-1.0000,0,0,0,detected=False | in_zone=False | depth_valid=False | z=invalid | valid=0/0 | roi_mode=full,SAFE (z=invalid),0,0,0,0,[],0.0000,-1.00,-1.00,-1.00,-1.00,,10.05,10.05
2026-04-22T15:40:15.141,1776861615.141651,exp5_right_to_left_cross_center,400_lux,right_to_left_cross_center_line,1.600,,-1.0000,0,0,0,detected=False | in_zone=False | depth_valid=False | z=invalid | valid=0/0 | roi_mode=full,SAFE (z=invalid),0,0,0,0,[],0.0000,-1.00,-1.00,-1.00,-1.00,,9.95,9.95
2026-04-22T15:40:15.239,1776861615.238966,exp5_right_to_left_cross_center,400_lux,right_to_left_cross_center_line,1.600,,-1.0000,0,0,0,detected=False | in_zone=False | depth_valid=False | z=invalid | valid=0/0 | roi_mode=full,SAFE (z=invalid),0,0,0,0,[],0.0000,-1.00,-1.00,-1.00,-1.00,,10.28,10.28
2026-04-22T15:40:15.331,1776861615.331136,exp5_right_to_left_cross_center,400_lux,right_to_left_cross_center_line,1.600,,-1.0000,0,0,0,detected=False | in_zone=False | depth_valid=False | z=invalid | valid=0/0 | roi_mode=full,SAFE (z=invalid),0,0,0,0,[],0.0000,-1.00,-1.00,-1.00,-1.00,,5.28,10.55
2026-04-22T15:40:15.432,1776861615.432754,exp5_right_to_left_cross_center,400_lux,right_to_left_cross_center_line,1.600,,-1.0000,0,0,0,detected=False | in_zone=False | depth_valid=False | z=invalid | valid=0/0 | roi_mode=full,SAFE (z=invalid),0,0,0,0,[],0.0000,-1.00,-1.00,-1.00,-1.00,,3.44,10.31
2026-04-22T15:40:15.531,1776861615.531518,exp5_right_to_left_cross_center,400_lux,right_to_left_cross_center_line,1.600,,-1.0000,0,0,0,detected=False | in_zone=False | depth_valid=False | z=invalid | valid=0/0 | roi_mode=full,SAFE (z=invalid),0,0,0,0,[],0.0000,-1.00,-1.00,-1.00,-1.00,,5.13,10.26
2026-04-22T15:40:15.631,1776861615.631038,exp5_right_to_left_cross_center,400_lux,right_to_left_cross_center_line,1.600,,-1.0000,0,0,0,detected=False | in_zone=False | depth_valid=False | z=invalid | valid=0/0 | roi_mode=full,SAFE (z=invalid),0,0,0,0,[],0.0000,-1.00,-1.00,-1.00,-1.00,,10.22,10.22
2026-04-22T15:40:15.730,1776861615.730935,exp5_right_to_left_cross_center,400_lux,right_to_left_cross_center_line,1.600,,-1.0000,0,0,0,detected=False | in_zone=False | depth_valid=False | z=invalid | valid=0/0 | roi_mode=full,SAFE (z=invalid),0,0,0,0,[],0.0000,-1.00,-1.00,-1.00,-1.00,,10.18,10.18
2026-04-22T15:40:15.836,1776861615.836044,exp5_right_to_left_cross_center,400_lux,right_to_left_cross_center_line,1.600,,-1.0000,0,0,0,detected=False | in_zone=False | depth_valid=False | z=invalid | valid=0/0 | roi_mode=full,SAFE (z=invalid),0,0,0,0,[],0.0000,-1.00,-1.00,-1.00,-1.00,,10.08,10.08
2026-04-22T15:40:15.934,1776861615.934930,exp5_right_to_left_cross_center,400_lux,right_to_left_cross_center_line,1.600,,-1.0000,0,0,0,detected=False | in_zone=False | depth_valid=False | z=invalid | valid=0/0 | roi_mode=full,SAFE (z=invalid),0,0,0,0,[],0.0000,-1.00,-1.00,-1.00,-1.00,,10.08,10.08
2026-04-22T15:40:16.031,1776861616.031429,exp5_right_to_left_cross_center,400_lux,right_to_left_cross_center_line,1.600,,-1.0000,0,0,0,detected=False | in_zone=False | depth_valid=False | z=invalid | valid=0/0 | roi_mode=full,SAFE (z=invalid),0,0,0,0,[],0.0000,-1.00,-1.00,-1.00,-1.00,,10.11,10.11
2026-04-22T15:40:16.131,1776861616.131273,exp5_right_to_left_cross_center,400_lux,right_to_left_cross_center_line,1.600,,-1.0000,0,0,0,detected=False | in_zone=False | depth_valid=False | z=invalid | valid=0/0 | roi_mode=full,SAFE (z=invalid),0,0,0,0,[],0.0000,-1.00,-1.00,-1.00,-1.00,,10.10,10.10
2026-04-22T15:40:16.233,1776861616.233755,exp5_right_to_left_cross_center,400_lux,right_to_left_cross_center_line,1.600,,-1.0000,0,0,0,detected=False | in_zone=False | depth_valid=False | z=invalid | valid=0/0 | roi_mode=full,SAFE (z=invalid),0,0,0,0,[],0.0000,-1.00,-1.00,-1.00,-1.00,,9.16,10.07
2026-04-22T15:40:16.331,1776861616.331426,exp5_right_to_left_cross_center,400_lux,right_to_left_cross_center_line,1.600,,-1.0000,0,0,0,detected=False | in_zone=False | depth_valid=False | z=invalid | valid=0/0 | roi_mode=full,SAFE (z=invalid),0,0,0,0,[],0.0000,-1.00,-1.00,-1.00,-1.00,,20.48,10.24
2026-04-22T15:40:16.431,1776861616.431354,exp5_right_to_left_cross_center,400_lux,right_to_left_cross_center_line,1.600,,-1.0000,0,0,0,detected=False | in_zone=False | depth_valid=False | z=invalid | valid=0/0 | roi_mode=full,SAFE (z=invalid),0,0,0,0,[],0.0000,-1.00,-1.00,-1.00,-1.00,,20.24,10.12
2026-04-22T15:40:16.533,1776861616.533573,exp5_right_to_left_cross_center,400_lux,right_to_left_cross_center_line,1.600,,-1.0000,0,0,0,detected=False | in_zone=False | depth_valid=False | z=invalid | valid=0/0 | roi_mode=full,SAFE (z=invalid),0,0,0,0,[],0.0000,-1.00,-1.00,-1.00,-1.00,,16.68,10.01
2026-04-22T15:40:16.634,1776861616.634453,exp5_right_to_left_cross_center,400_lux,right_to_left_cross_center_line,1.600,,-1.0000,0,0,0,detected=False | in_zone=False | depth_valid=False | z=invalid | valid=0/0 | roi_mode=full,SAFE (z=invalid),0,0,0,0,[],0.0000,-1.00,-1.00,-1.00,-1.00,,17.47,9.98
2026-04-22T15:40:16.736,1776861616.736266,exp5_right_to_left_cross_center,400_lux,right_to_left_cross_center_line,1.600,,-1.0000,0,0,0,detected=False | in_zone=False | depth_valid=False | z=invalid | valid=0/0 | roi_mode=full,SAFE (z=invalid),0,0,0,0,[],0.0000,-1.00,-1.00,-1.00,-1.00,,13.93,9.95
2026-04-22T15:40:16.837,1776861616.837141,exp5_right_to_left_cross_center,400_lux,right_to_left_cross_center_line,1.600,,-1.0000,0,0,0,detected=False | in_zone=False | depth_valid=False | z=invalid | valid=0/0 | roi_mode=full,SAFE (z=invalid),0,0,0,0,[],0.0000,-1.00,-1.00,-1.00,-1.00,,11.60,9.94
2026-04-22T15:40:16.933,1776861616.933424,exp5_right_to_left_cross_center,400_lux,right_to_left_cross_center_line,1.600,,-1.0000,0,0,0,detected=False | in_zone=False | depth_valid=False | z=invalid | valid=0/0 | roi_mode=full,SAFE (z=invalid),0,0,0,0,[],0.0000,-1.00,-1.00,-1.00,-1.00,,11.43,10.00
2026-04-22T15:40:17.036,1776861617.035996,exp5_right_to_left_cross_center,400_lux,right_to_left_cross_center_line,1.600,,-1.0000,0,0,0,detected=False | in_zone=False | depth_valid=False | z=invalid | valid=0/0 | roi_mode=full,SAFE (z=invalid),0,0,0,0,[],0.0000,-1.00,-1.00,-1.00,-1.00,,12.53,10.03
2026-04-22T15:40:17.132,1776861617.132082,exp5_right_to_left_cross_center,400_lux,right_to_left_cross_center_line,1.600,,-1.0000,0,0,0,detected=False | in_zone=False | depth_valid=False | z=invalid | valid=0/0 | roi_mode=full,SAFE (z=invalid),0,0,0,0,[],0.0000,-1.00,-1.00,-1.00,-1.00,,11.13,10.02
2026-04-22T15:40:17.231,1776861617.231258,exp5_right_to_left_cross_center,400_lux,right_to_left_cross_center_line,1.600,,-1.0000,0,0,0,detected=False | in_zone=False | depth_valid=False | z=invalid | valid=0/0 | roi_mode=full,SAFE (z=invalid),0,0,0,0,[],0.0000,-1.00,-1.00,-1.00,-1.00,,11.03,10.03
2026-04-22T15:40:17.338,1776861617.338082,exp5_right_to_left_cross_center,400_lux,right_to_left_cross_center_line,1.600,,-1.0000,0,0,0,detected=False | in_zone=False | depth_valid=False | z=invalid | valid=0/0 | roi_mode=full,SAFE (z=invalid),0,0,0,0,[],0.0000,-1.00,-1.00,-1.00,-1.00,,10.87,9.96
2026-04-22T15:40:17.431,1776861617.431448,exp5_right_to_left_cross_center,400_lux,right_to_left_cross_center_line,1.600,,-1.0000,0,0,0,detected=False | in_zone=False | depth_valid=False | z=invalid | valid=0/0 | roi_mode=full,SAFE (z=invalid),0,0,0,0,[],0.0000,-1.00,-1.00,-1.00,-1.00,,21.42,10.71
2026-04-22T15:40:17.531,1776861617.531940,exp5_right_to_left_cross_center,400_lux,right_to_left_cross_center_line,1.600,,-1.0000,0,0,0,detected=False | in_zone=False | depth_valid=False | z=invalid | valid=0/0 | roi_mode=full,SAFE (z=invalid),0,0,0,0,[],0.0000,-1.00,-1.00,-1.00,-1.00,,10.32,10.32
2026-04-22T15:40:17.633,1776861617.633093,exp5_right_to_left_cross_center,400_lux,right_to_left_cross_center_line,1.600,,-1.0000,0,0,0,detected=False | in_zone=False | depth_valid=False | z=invalid | valid=0/0 | roi_mode=full,SAFE (z=invalid),0,0,0,0,[],0.0000,-1.00,-1.00,-1.00,-1.00,,10.17,10.17
2026-04-22T15:40:17.731,1776861617.731667,exp5_right_to_left_cross_center,400_lux,right_to_left_cross_center_line,1.600,,-1.0000,0,0,0,detected=False | in_zone=False | depth_valid=False | z=invalid | valid=0/0 | roi_mode=full,SAFE (z=invalid),0,0,0,0,[],0.0000,-1.00,-1.00,-1.00,-1.00,,10.16,10.16
2026-04-22T15:40:17.831,1776861617.831339,exp5_right_to_left_cross_center,400_lux,right_to_left_cross_center_line,1.600,,-1.0000,0,0,0,detected=False | in_zone=False | depth_valid=False | z=invalid | valid=0/0 | roi_mode=full,SAFE (z=invalid),0,0,0,0,[],0.0000,-1.00,-1.00,-1.00,-1.00,,10.14,10.14
2026-04-22T15:40:17.930,1776861617.930934,exp5_right_to_left_cross_center,400_lux,right_to_left_cross_center_line,1.600,,-1.0000,0,0,0,detected=False | in_zone=False | depth_valid=False | z=invalid | valid=0/0 | roi_mode=full,SAFE (z=invalid),0,0,0,0,[],0.0000,-1.00,-1.00,-1.00,-1.00,,13.49,10.12
2026-04-22T15:40:18.031,1776861618.031435,exp5_right_to_left_cross_center,400_lux,right_to_left_cross_center_line,1.600,,-1.0000,0,0,0,detected=False | in_zone=False | depth_valid=False | z=invalid | valid=0/0 | roi_mode=full,SAFE (z=invalid),0,0,0,0,[],0.0000,-1.00,-1.00,-1.00,-1.00,,11.54,10.10
2026-04-22T15:40:18.135,1776861618.135095,exp5_right_to_left_cross_center,400_lux,right_to_left_cross_center_line,1.600,,-1.0000,0,0,0,detected=False | in_zone=False | depth_valid=False | z=invalid | valid=0/0 | roi_mode=full,SAFE (z=invalid),0,0,0,0,[],0.0000,-1.00,-1.00,-1.00,-1.00,,10.04,10.04
2026-04-22T15:40:18.232,1776861618.232761,exp5_right_to_left_cross_center,400_lux,right_to_left_cross_center_line,1.600,,-1.0000,0,0,0,detected=False | in_zone=False | depth_valid=False | z=invalid | valid=0/0 | roi_mode=full,SAFE (z=invalid),0,0,0,0,[],0.0000,-1.00,-1.00,-1.00,-1.00,,11.18,10.06
2026-04-22T15:40:18.332,1776861618.332046,exp5_right_to_left_cross_center,400_lux,right_to_left_cross_center_line,1.600,,-1.0000,0,0,0,detected=False | in_zone=False | depth_valid=False | z=invalid | valid=0/0 | roi_mode=full,SAFE (z=invalid),0,0,0,0,[],0.0000,-1.00,-1.00,-1.00,-1.00,,11.07,10.06
2026-04-22T15:40:18.433,1776861618.433777,exp5_right_to_left_cross_center,400_lux,right_to_left_cross_center_line,1.600,,-1.0000,0,0,0,detected=False | in_zone=False | depth_valid=False | z=invalid | valid=0/0 | roi_mode=full,SAFE (z=invalid),0,0,0,0,[],0.0000,-1.00,-1.00,-1.00,-1.00,,11.86,10.04
2026-04-22T15:40:18.531,1776861618.531154,exp5_right_to_left_cross_center,400_lux,right_to_left_cross_center_line,1.600,,-1.0000,0,0,0,detected=False | in_zone=False | depth_valid=False | z=invalid | valid=0/0 | roi_mode=full,SAFE (z=invalid),0,0,0,0,[],0.0000,-1.00,-1.00,-1.00,-1.00,,0.00,10.27
2026-04-22T15:40:18.634,1776861618.634094,exp5_right_to_left_cross_center,400_lux,right_to_left_cross_center_line,1.600,,-1.0000,0,0,0,detected=False | in_zone=False | depth_valid=False | z=invalid | valid=0/0 | roi_mode=full,SAFE (z=invalid),0,0,0,0,[],0.0000,-1.00,-1.00,-1.00,-1.00,,4.99,9.98
2026-04-22T15:40:18.734,1776861618.734150,exp5_right_to_left_cross_center,400_lux,right_to_left_cross_center_line,1.600,,-1.0000,0,0,0,detected=False | in_zone=False | depth_valid=False | z=invalid | valid=0/0 | roi_mode=full,SAFE (z=invalid),0,0,0,0,[],0.0000,-1.00,-1.00,-1.00,-1.00,,9.99,9.99
2026-04-22T15:40:18.842,1776861618.842957,exp5_right_to_left_cross_center,400_lux,right_to_left_cross_center_line,1.600,,-1.0000,0,0,0,detected=False | in_zone=False | depth_valid=False | z=invalid | valid=0/0 | roi_mode=full,SAFE (z=invalid),0,0,0,0,[],0.0000,-1.00,-1.00,-1.00,-1.00,,9.78,9.78
2026-04-22T15:40:18.931,1776861618.931415,exp5_right_to_left_cross_center,400_lux,right_to_left_cross_center_line,1.600,,-1.0000,0,0,0,detected=False | in_zone=False | depth_valid=False | z=invalid | valid=0/0 | roi_mode=full,SAFE (z=invalid),0,0,0,0,[],0.0000,-1.00,-1.00,-1.00,-1.00,,10.05,10.05
2026-04-22T15:40:19.031,1776861619.031196,exp5_right_to_left_cross_center,400_lux,right_to_left_cross_center_line,1.600,,-1.0000,0,0,0,detected=False | in_zone=False | depth_valid=False | z=invalid | valid=0/0 | roi_mode=full,SAFE (z=invalid),0,0,0,0,[],0.0000,-1.00,-1.00,-1.00,-1.00,,10.04,10.04
2026-04-22T15:40:19.131,1776861619.131366,exp5_right_to_left_cross_center,400_lux,right_to_left_cross_center_line,1.600,,-1.0000,0,0,0,detected=False | in_zone=False | depth_valid=False | z=invalid | valid=0/0 | roi_mode=full,SAFE (z=invalid),0,0,0,0,[],0.0000,-1.00,-1.00,-1.00,-1.00,,10.03,10.03
2026-04-22T15:40:19.232,1776861619.232440,exp5_right_to_left_cross_center,400_lux,right_to_left_cross_center_line,1.600,,-1.0000,0,0,0,detected=False | in_zone=False | depth_valid=False | z=invalid | valid=0/0 | roi_mode=full,SAFE (z=invalid),0,0,0,0,[],0.0000,-1.00,-1.00,-1.00,-1.00,,10.02,10.02
2026-04-22T15:40:19.333,1776861619.333493,exp5_right_to_left_cross_center,400_lux,right_to_left_cross_center_line,1.600,,-1.0000,0,0,0,detected=False | in_zone=False | depth_valid=False | z=invalid | valid=0/0 | roi_mode=full,SAFE (z=invalid),0,0,0,0,[],0.0000,-1.00,-1.00,-1.00,-1.00,,8.90,10.02
2026-04-22T15:40:19.436,1776861619.435988,exp5_right_to_left_cross_center,400_lux,right_to_left_cross_center_line,1.600,,-1.0000,0,0,0,detected=False | in_zone=False | depth_valid=False | z=invalid | valid=0/0 | roi_mode=full,SAFE (z=invalid),0,0,0,0,[],0.0000,-1.00,-1.00,-1.00,-1.00,,9.98,9.98
2026-04-22T15:40:19.531,1776861619.531848,exp5_right_to_left_cross_center,400_lux,right_to_left_cross_center_line,1.600,,-1.0000,0,0,0,detected=False | in_zone=False | depth_valid=False | z=invalid | valid=0/0 | roi_mode=full,SAFE (z=invalid),0,0,0,0,[],0.0000,-1.00,-1.00,-1.00,-1.00,,0.00,10.44
2026-04-22T15:40:19.631,1776861619.631792,exp5_right_to_left_cross_center,400_lux,right_to_left_cross_center_line,1.600,,-1.0000,0,0,0,detected=False | in_zone=False | depth_valid=False | z=invalid | valid=0/0 | roi_mode=full,SAFE (z=invalid),0,0,0,0,[],0.0000,-1.00,-1.00,-1.00,-1.00,,0.00,10.22
2026-04-22T15:40:19.754,1776861619.754429,exp5_right_to_left_cross_center,400_lux,right_to_left_cross_center_line,1.600,,-1.0000,0,0,0,detected=False | in_zone=False | depth_valid=False | z=invalid | valid=0/0 | roi_mode=full,SAFE (z=invalid),0,0,0,0,[],0.0000,-1.00,-1.00,-1.00,-1.00,,6.28,9.42
2026-04-22T15:40:19.831,1776861619.831494,exp5_right_to_left_cross_center,400_lux,right_to_left_cross_center_line,1.600,,-1.0000,0,0,0,detected=False | in_zone=False | depth_valid=False | z=invalid | valid=0/0 | roi_mode=full,SAFE (z=invalid),0,0,0,0,[],0.0000,-1.00,-1.00,-1.00,-1.00,,10.11,10.11
2026-04-22T15:40:19.937,1776861619.937910,exp5_right_to_left_cross_center,400_lux,right_to_left_cross_center_line,1.600,,-1.0000,0,0,0,detected=False | in_zone=False | depth_valid=False | z=invalid | valid=0/0 | roi_mode=full,SAFE (z=invalid),0,0,0,0,[],0.0000,-1.00,-1.00,-1.00,-1.00,,9.96,9.96
2026-04-22T15:40:20.032,1776861620.032164,exp5_right_to_left_cross_center,400_lux,right_to_left_cross_center_line,1.600,,-1.0000,0,0,0,detected=False | in_zone=False | depth_valid=False | z=invalid | valid=0/0 | roi_mode=full,SAFE (z=invalid),0,0,0,0,[],0.0000,-1.00,-1.00,-1.00,-1.00,,8.39,10.06
2026-04-22T15:40:20.131,1776861620.131930,exp5_right_to_left_cross_center,400_lux,right_to_left_cross_center_line,1.600,,-1.0000,0,0,0,detected=False | in_zone=False | depth_valid=False | z=invalid | valid=0/0 | roi_mode=full,SAFE (z=invalid),0,0,0,0,[],0.0000,-1.00,-1.00,-1.00,-1.00,,7.18,10.06
2026-04-22T15:40:20.232,1776861620.232269,exp5_right_to_left_cross_center,400_lux,right_to_left_cross_center_line,1.600,,-1.0000,0,0,0,detected=False | in_zone=False | depth_valid=False | z=invalid | valid=0/0 | roi_mode=full,SAFE (z=invalid),0,0,0,0,[],0.0000,-1.00,-1.00,-1.00,-1.00,,7.54,10.05
2026-04-22T15:40:20.331,1776861620.331611,exp5_right_to_left_cross_center,400_lux,right_to_left_cross_center_line,1.600,,-1.0000,0,0,0,detected=False | in_zone=False | depth_valid=False | z=invalid | valid=0/0 | roi_mode=full,SAFE (z=invalid),0,0,0,0,[],0.0000,-1.00,-1.00,-1.00,-1.00,,8.93,10.05
2026-04-22T15:40:20.433,1776861620.433297,exp5_right_to_left_cross_center,400_lux,right_to_left_cross_center_line,1.600,,-1.0000,0,0,0,detected=False | in_zone=False | depth_valid=False | z=invalid | valid=0/0 | roi_mode=full,SAFE (z=invalid),0,0,0,0,[],0.0000,-1.00,-1.00,-1.00,-1.00,,9.02,10.03
2026-04-22T15:40:20.535,1776861620.535471,exp5_right_to_left_cross_center,400_lux,right_to_left_cross_center_line,1.600,,-1.0000,0,0,0,detected=False | in_zone=False | depth_valid=False | z=invalid | valid=0/0 | roi_mode=full,SAFE (z=invalid),0,0,0,0,[],0.0000,-1.00,-1.00,-1.00,-1.00,,9.10,10.00
2026-04-22T15:40:20.632,1776861620.632149,exp5_right_to_left_cross_center,400_lux,right_to_left_cross_center_line,1.600,,-1.0000,0,0,0,detected=False | in_zone=False | depth_valid=False | z=invalid | valid=0/0 | roi_mode=full,SAFE (z=invalid),0,0,0,0,[],0.0000,-1.00,-1.00,-1.00,-1.00,,10.35,10.35
2026-04-22T15:40:20.732,1776861620.732015,exp5_right_to_left_cross_center,400_lux,right_to_left_cross_center_line,1.600,,-1.0000,0,0,0,detected=False | in_zone=False | depth_valid=False | z=invalid | valid=0/0 | roi_mode=full,SAFE (z=invalid),0,0,0,0,[],0.0000,-1.00,-1.00,-1.00,-1.00,,10.18,10.18
2026-04-22T15:40:20.833,1776861620.833063,exp5_right_to_left_cross_center,400_lux,right_to_left_cross_center_line,1.600,,-1.0000,0,0,0,detected=False | in_zone=False | depth_valid=False | z=invalid | valid=0/0 | roi_mode=full,SAFE (z=invalid),0,0,0,0,[],0.0000,-1.00,-1.00,-1.00,-1.00,,13.44,10.08
2026-04-22T15:40:20.933,1776861620.933453,exp5_right_to_left_cross_center,400_lux,right_to_left_cross_center_line,1.600,,-1.0000,0,0,0,detected=False | in_zone=False | depth_valid=False | z=invalid | valid=0/0 | roi_mode=full,SAFE (z=invalid),0,0,0,0,[],0.0000,-1.00,-1.00,-1.00,-1.00,,10.05,10.05
2026-04-22T15:40:21.033,1776861621.033183,exp5_right_to_left_cross_center,400_lux,right_to_left_cross_center_line,1.600,,-1.0000,0,0,0,detected=False | in_zone=False | depth_valid=False | z=invalid | valid=0/0 | roi_mode=full,SAFE (z=invalid),0,0,0,0,[],0.0000,-1.00,-1.00,-1.00,-1.00,,16.07,10.05
2026-04-22T15:40:21.132,1776861621.132799,exp5_right_to_left_cross_center,400_lux,right_to_left_cross_center_line,1.600,,-1.0000,0,0,0,detected=False | in_zone=False | depth_valid=False | z=invalid | valid=0/0 | roi_mode=full,SAFE (z=invalid),0,0,0,0,[],0.0000,-1.00,-1.00,-1.00,-1.00,,13.39,10.04
2026-04-22T15:40:21.232,1776861621.232670,exp5_right_to_left_cross_center,400_lux,right_to_left_cross_center_line,1.600,,-1.0000,0,0,0,detected=False | in_zone=False | depth_valid=False | z=invalid | valid=0/0 | roi_mode=full,SAFE (z=invalid),0,0,0,0,[],0.0000,-1.00,-1.00,-1.00,-1.00,,12.91,10.04
2026-04-22T15:40:21.332,1776861621.332376,exp5_right_to_left_cross_center,400_lux,right_to_left_cross_center_line,1.600,,-1.0000,0,0,0,detected=False | in_zone=False | depth_valid=False | z=invalid | valid=0/0 | roi_mode=full,SAFE (z=invalid),0,0,0,0,[],0.0000,-1.00,-1.00,-1.00,-1.00,,13.80,10.04
2026-04-22T15:40:21.432,1776861621.432870,exp5_right_to_left_cross_center,400_lux,right_to_left_cross_center_line,1.600,,-1.0000,0,0,0,detected=False | in_zone=False | depth_valid=False | z=invalid | valid=0/0 | roi_mode=full,SAFE (z=invalid),0,0,1,0,"[{""cx"":149.24,""cy"":475.84,""w"":297.32,""h"":942.51,""x1"":0,""y1"":1,""x2"":50,""y2"":158,""conf"":0.936,""depth_m"":null,""depth_valid"":false}]",0.9360,149.24,475.84,297.32,942.51,,14.49,10.03
2026-04-22T15:40:21.531,1776861621.531162,exp5_right_to_left_cross_center,400_lux,right_to_left_cross_center_line,1.600,,-1.0000,0,0,0,detected=False | in_zone=False | depth_valid=False | z=invalid | valid=0/0 | roi_mode=full,SAFE (z=invalid),0,0,1,0,"[{""cx"":149.24,""cy"":475.84,""w"":297.32,""h"":942.51,""x1"":0,""y1"":1,""x2"":50,""y2"":158,""conf"":0.936,""depth_m"":null,""depth_valid"":false}]",0.9360,149.24,475.84,297.32,942.51,,13.06,10.04
2026-04-22T15:40:21.633,1776861621.633619,exp5_right_to_left_cross_center,400_lux,right_to_left_cross_center_line,1.600,,2.0373,1,1,1,detected=True | in_zone=True | depth_valid=True | z=2.04 m | valid=937/7850 | roi_mode=full,SAFE (z=invalid),0,0,1,0,"[{""cx"":149.24,""cy"":475.84,""w"":297.32,""h"":942.51,""x1"":0,""y1"":1,""x2"":50,""y2"":158,""conf"":0.936,""depth_m"":null,""depth_valid"":false}]",0.9360,149.24,475.84,297.32,942.51,,13.66,10.02
2026-04-22T15:40:21.735,1776861621.735019,exp5_right_to_left_cross_center,400_lux,right_to_left_cross_center_line,1.600,,2.0373,0,1,0,detected=False | in_zone=False | depth_valid=True | z=2.04 m | valid=0/0 | roi_mode=full,SAFE (z=2.04m),0,1,1,0,"[{""cx"":149.24,""cy"":475.84,""w"":297.32,""h"":942.51,""x1"":0,""y1"":1,""x2"":50,""y2"":158,""conf"":0.936,""depth_m"":null,""depth_valid"":false}]",0.9360,149.24,475.84,297.32,942.51,,9.86,9.86
2026-04-22T15:40:21.833,1776861621.833458,exp5_right_to_left_cross_center,400_lux,right_to_left_cross_center_line,1.600,,2.0373,0,1,0,detected=False | in_zone=False | depth_valid=True | z=2.04 m | valid=0/0 | roi_mode=full,SAFE (z=2.04m),0,0,1,0,"[{""cx"":149.24,""cy"":475.84,""w"":297.32,""h"":942.51,""x1"":0,""y1"":1,""x2"":50,""y2"":158,""conf"":0.936,""depth_m"":null,""depth_valid"":false}]",0.9360,149.24,475.84,297.32,942.51,,10.01,10.01
2026-04-22T15:40:21.939,1776861621.939235,exp5_right_to_left_cross_center,400_lux,right_to_left_cross_center_line,1.600,,2.0373,0,1,0,detected=False | in_zone=False | depth_valid=True | z=2.04 m | valid=0/0 | roi_mode=full,SAFE (z=2.04m),0,0,1,0,"[{""cx"":178.74,""cy"":481.12,""w"":357.49,""h"":953.58,""x1"":0,""y1"":1,""x2"":60,""y2"":160,""conf"":0.9148,""depth_m"":null,""depth_valid"":false}]",0.9148,178.74,481.12,357.49,953.58,,6.54,9.82
2026-04-22T15:40:22.033,1776861622.033000,exp5_right_to_left_cross_center,400_lux,right_to_left_cross_center_line,1.600,,2.0057,1,1,1,detected=True | in_zone=True | depth_valid=True | z=2.01 m | valid=1375/9540 | roi_mode=full,SAFE (z=2.02m),0,1,1,0,"[{""cx"":178.74,""cy"":481.12,""w"":357.49,""h"":953.58,""x1"":0,""y1"":1,""x2"":60,""y2"":160,""conf"":0.9148,""depth_m"":null,""depth_valid"":false}]",0.9148,178.74,481.12,357.49,953.58,,10.02,10.02
2026-04-22T15:40:22.131,1776861622.131183,exp5_right_to_left_cross_center,400_lux,right_to_left_cross_center_line,1.600,,1.9962,1,1,1,detected=True | in_zone=True | depth_valid=True | z=2.00 m | valid=1325/9540 | roi_mode=full,SAFE (z=2.00m),0,1,1,0,"[{""cx"":178.74,""cy"":481.12,""w"":357.49,""h"":953.58,""x1"":0,""y1"":1,""x2"":60,""y2"":160,""conf"":0.9148,""depth_m"":null,""depth_valid"":false}]",0.9148,178.74,481.12,357.49,953.58,,10.05,10.05
2026-04-22T15:40:22.232,1776861622.232367,exp5_right_to_left_cross_center,400_lux,right_to_left_cross_center_line,1.600,,1.9962,0,1,0,detected=False | in_zone=False | depth_valid=True | z=2.00 m | valid=0/0 | roi_mode=full,SAFE (z=2.00m),0,0,1,0,"[{""cx"":386.45,""cy"":478.54,""w"":380.54,""h"":951.62,""x1"":33,""y1"":0,""x2"":96,""y2"":159,""conf"":0.9199,""depth_m"":null,""depth_valid"":false}]",0.9199,386.45,478.54,380.54,951.62,,10.02,10.02
2026-04-22T15:40:22.332,1776861622.332645,exp5_right_to_left_cross_center,400_lux,right_to_left_cross_center_line,1.600,,1.8832,1,1,1,detected=True | in_zone=True | depth_valid=True | z=1.88 m | valid=1960/10017 | roi_mode=full,SAFE (z=1.86m),0,1,1,0,"[{""cx"":386.45,""cy"":478.54,""w"":380.54,""h"":951.62,""x1"":33,""y1"":0,""x2"":96,""y2"":159,""conf"":0.9199,""depth_m"":null,""depth_valid"":false}]",0.9199,386.45,478.54,380.54,951.62,,12.88,10.01
2026-04-22T15:40:22.433,1776861622.433281,exp5_right_to_left_cross_center,400_lux,right_to_left_cross_center_line,1.600,,1.8832,1,1,1,detected=True | in_zone=True | depth_valid=True | z=1.88 m | valid=1960/10017 | roi_mode=full,SAFE (z=1.86m),0,0,1,0,"[{""cx"":386.45,""cy"":478.54,""w"":380.54,""h"":951.62,""x1"":33,""y1"":0,""x2"":96,""y2"":159,""conf"":0.9199,""depth_m"":null,""depth_valid"":false}]",0.9199,386.45,478.54,380.54,951.62,,11.25,10.00
2026-04-22T15:40:22.535,1776861622.535417,exp5_right_to_left_cross_center,400_lux,right_to_left_cross_center_line,1.600,,1.9131,0,1,0,detected=False | in_zone=False | depth_valid=True | z=1.91 m | valid=0/0 | roi_mode=full,SAFE (z=1.91m),0,1,1,0,"[{""cx"":386.45,""cy"":478.54,""w"":380.54,""h"":951.62,""x1"":33,""y1"":0,""x2"":96,""y2"":159,""conf"":0.9199,""depth_m"":null,""depth_valid"":false}]",0.9199,386.45,478.54,380.54,951.62,,13.31,9.98
2026-04-22T15:40:22.631,1776861622.631433,exp5_right_to_left_cross_center,400_lux,right_to_left_cross_center_line,1.600,,1.9131,0,1,0,detected=False | in_zone=False | depth_valid=True | z=1.91 m | valid=0/0 | roi_mode=full,SAFE (z=1.91m),0,0,1,0,"[{""cx"":386.45,""cy"":478.54,""w"":380.54,""h"":951.62,""x1"":33,""y1"":0,""x2"":96,""y2"":159,""conf"":0.9199,""depth_m"":null,""depth_valid"":false}]",0.9199,386.45,478.54,380.54,951.62,,13.03,10.02
2026-04-22T15:40:22.737,1776861622.737634,exp5_right_to_left_cross_center,400_lux,right_to_left_cross_center_line,1.600,,1.9131,0,1,0,detected=False | in_zone=False | depth_valid=True | z=1.91 m | valid=0/0 | roi_mode=full,SAFE (z=1.91m),0,0,1,0,"[{""cx"":572.58,""cy"":482.03,""w"":439.9,""h"":950.14,""x1"":59,""y1"":1,""x2"":133,""y2"":160,""conf"":0.9058,""depth_m"":null,""depth_valid"":false}]",0.9058,572.58,482.03,439.90,950.14,,12.68,9.96
2026-04-22T15:40:22.832,1776861622.831895,exp5_right_to_left_cross_center,400_lux,right_to_left_cross_center_line,1.600,,1.9131,0,1,0,detected=False | in_zone=False | depth_valid=True | z=1.91 m | valid=0/0 | roi_mode=full,SAFE (z=1.91m),0,0,1,0,"[{""cx"":572.58,""cy"":482.03,""w"":439.9,""h"":950.14,""x1"":59,""y1"":1,""x2"":133,""y2"":160,""conf"":0.9058,""depth_m"":null,""depth_valid"":false}]",0.9058,572.58,482.03,439.90,950.14,,0.00,10.61
2026-04-22T15:40:22.933,1776861622.933210,exp5_right_to_left_cross_center,400_lux,right_to_left_cross_center_line,1.600,,1.9131,0,1,0,detected=False | in_zone=False | depth_valid=True | z=1.91 m | valid=0/0 | roi_mode=full,SAFE (z=1.91m),0,0,1,0,"[{""cx"":572.58,""cy"":482.03,""w"":439.9,""h"":950.14,""x1"":59,""y1"":1,""x2"":133,""y2"":160,""conf"":0.9058,""depth_m"":null,""depth_valid"":false}]",0.9058,572.58,482.03,439.90,950.14,,0.00,10.23
2026-04-22T15:40:23.036,1776861623.036355,exp5_right_to_left_cross_center,400_lux,right_to_left_cross_center_line,1.600,,1.9538,1,1,1,detected=True | in_zone=True | depth_valid=True | z=1.95 m | valid=2860/11766 | roi_mode=full,SAFE (z=1.96m),0,1,1,0,"[{""cx"":572.58,""cy"":482.03,""w"":439.9,""h"":950.14,""x1"":59,""y1"":1,""x2"":133,""y2"":160,""conf"":0.9058,""depth_m"":null,""depth_valid"":false}]",0.9058,572.58,482.03,439.90,950.14,,6.70,10.04
2026-04-22T15:40:23.133,1776861623.133378,exp5_right_to_left_cross_center,400_lux,right_to_left_cross_center_line,1.600,,1.9538,0,1,0,detected=False | in_zone=False | depth_valid=True | z=1.95 m | valid=0/0 | roi_mode=full,SAFE (z=1.95m),0,1,1,0,"[{""cx"":572.58,""cy"":482.03,""w"":439.9,""h"":950.14,""x1"":59,""y1"":1,""x2"":133,""y2"":160,""conf"":0.9058,""depth_m"":null,""depth_valid"":false}]",0.9058,572.58,482.03,439.90,950.14,,10.11,10.11
2026-04-22T15:40:23.231,1776861623.231359,exp5_right_to_left_cross_center,400_lux,right_to_left_cross_center_line,1.600,,1.9665,1,1,1,detected=True | in_zone=True | depth_valid=True | z=1.97 m | valid=3857/13833 | roi_mode=full,SAFE (z=1.95m),0,0,1,0,"[{""cx"":607.66,""cy"":483.17,""w"":524.01,""h"":953.66,""x1"":58,""y1"":1,""x2"":145,""y2"":160,""conf"":0.8984,""depth_m"":null,""depth_valid"":false}]",0.8984,607.66,483.17,524.01,953.66,,10.13,10.13
2026-04-22T15:40:23.336,1776861623.336912,exp5_right_to_left_cross_center,400_lux,right_to_left_cross_center_line,1.600,,1.9695,1,1,1,detected=True | in_zone=True | depth_valid=True | z=1.97 m | valid=3846/13833 | roi_mode=full,SAFE (z=1.97m),0,1,1,0,"[{""cx"":607.66,""cy"":483.17,""w"":524.01,""h"":953.66,""x1"":58,""y1"":1,""x2"":145,""y2"":160,""conf"":0.8984,""depth_m"":null,""depth_valid"":false}]",0.8984,607.66,483.17,524.01,953.66,,11.68,10.01
2026-04-22T15:40:23.432,1776861623.432029,exp5_right_to_left_cross_center,400_lux,right_to_left_cross_center_line,1.600,,1.9695,1,1,1,detected=True | in_zone=True | depth_valid=True | z=1.97 m | valid=3846/13833 | roi_mode=full,SAFE (z=1.97m),0,0,1,0,"[{""cx"":607.66,""cy"":483.17,""w"":524.01,""h"":953.66,""x1"":58,""y1"":1,""x2"":145,""y2"":160,""conf"":0.8984,""depth_m"":null,""depth_valid"":false}]",0.8984,607.66,483.17,524.01,953.66,,10.08,10.08
2026-04-22T15:40:23.535,1776861623.535081,exp5_right_to_left_cross_center,400_lux,right_to_left_cross_center_line,1.600,,1.9695,0,1,0,detected=False | in_zone=False | depth_valid=True | z=1.97 m | valid=0/0 | roi_mode=full,SAFE (z=1.97m),0,0,1,0,"[{""cx"":607.66,""cy"":483.17,""w"":524.01,""h"":953.66,""x1"":58,""y1"":1,""x2"":145,""y2"":160,""conf"":0.8984,""depth_m"":null,""depth_valid"":false}]",0.8984,607.66,483.17,524.01,953.66,,11.29,10.03
2026-04-22T15:40:23.633,1776861623.633800,exp5_right_to_left_cross_center,400_lux,right_to_left_cross_center_line,1.600,,1.9695,0,1,0,detected=False | in_zone=False | depth_valid=True | z=1.97 m | valid=0/0 | roi_mode=full,SAFE (z=1.97m),0,0,1,0,"[{""cx"":607.66,""cy"":483.17,""w"":524.01,""h"":953.66,""x1"":58,""y1"":1,""x2"":145,""y2"":160,""conf"":0.8984,""depth_m"":null,""depth_valid"":false}]",0.8984,607.66,483.17,524.01,953.66,,11.16,10.04
2026-04-22T15:40:23.734,1776861623.734178,exp5_right_to_left_cross_center,400_lux,right_to_left_cross_center_line,1.600,,1.9764,1,1,1,detected=True | in_zone=True | depth_valid=True | z=1.98 m | valid=3134/11692 | roi_mode=full,SAFE (z=1.97m),0,0,1,0,"[{""cx"":610.62,""cy"":481.38,""w"":438.36,""h"":950.73,""x1"":65,""y1"":1,""x2"":139,""y2"":159,""conf"":0.8874,""depth_m"":null,""depth_valid"":false}]",0.8874,610.62,481.38,438.36,950.73,,11.04,10.03
2026-04-22T15:40:23.831,1776861623.831177,exp5_right_to_left_cross_center,400_lux,right_to_left_cross_center_line,1.600,,1.9777,1,1,1,detected=True | in_zone=True | depth_valid=True | z=1.98 m | valid=3204/11692 | roi_mode=full,SAFE (z=1.98m),0,1,1,0,"[{""cx"":610.62,""cy"":481.38,""w"":438.36,""h"":950.73,""x1"":65,""y1"":1,""x2"":139,""y2"":159,""conf"":0.8874,""depth_m"":null,""depth_valid"":false}]",0.8874,610.62,481.38,438.36,950.73,,10.97,10.06
2026-04-22T15:40:23.931,1776861623.931448,exp5_right_to_left_cross_center,400_lux,right_to_left_cross_center_line,1.600,,1.9780,1,1,1,detected=True | in_zone=True | depth_valid=True | z=1.98 m | valid=3248/11692 | roi_mode=full,SAFE (z=1.98m),0,0,1,0,"[{""cx"":610.62,""cy"":481.38,""w"":438.36,""h"":950.73,""x1"":65,""y1"":1,""x2"":139,""y2"":159,""conf"":0.8874,""depth_m"":null,""depth_valid"":false}]",0.8874,610.62,481.38,438.36,950.73,,19.95,9.97
2026-04-22T15:40:24.033,1776861624.033154,exp5_right_to_left_cross_center,400_lux,right_to_left_cross_center_line,1.600,,1.9781,1,1,1,detected=True | in_zone=True | depth_valid=True | z=1.98 m | valid=3170/11692 | roi_mode=full,SAFE (z=1.98m),0,0,1,0,"[{""cx"":610.62,""cy"":481.38,""w"":438.36,""h"":950.73,""x1"":65,""y1"":1,""x2"":139,""y2"":159,""conf"":0.8874,""depth_m"":null,""depth_valid"":false}]",0.8874,610.62,481.38,438.36,950.73,,19.81,9.90
2026-04-22T15:40:24.138,1776861624.138259,exp5_right_to_left_cross_center,400_lux,right_to_left_cross_center_line,1.600,,1.9781,0,1,0,detected=False | in_zone=False | depth_valid=True | z=1.98 m | valid=0/0 | roi_mode=full,SAFE (z=1.98m),0,0,1,0,"[{""cx"":610.62,""cy"":481.38,""w"":438.36,""h"":950.73,""x1"":65,""y1"":1,""x2"":139,""y2"":159,""conf"":0.8874,""depth_m"":null,""depth_valid"":false}]",0.8874,610.62,481.38,438.36,950.73,,16.28,9.77
2026-04-22T15:40:24.234,1776861624.234075,exp5_right_to_left_cross_center,400_lux,right_to_left_cross_center_line,1.600,,1.9781,0,1,0,detected=False | in_zone=False | depth_valid=True | z=1.98 m | valid=0/0 | roi_mode=full,SAFE (z=1.98m),0,0,1,0,"[{""cx"":670.07,""cy"":482.31,""w"":492.36,""h"":942.82,""x1"":71,""y1"":2,""x2"":153,""y2"":159,""conf"":0.9269,""depth_m"":null,""depth_valid"":false}]",0.9269,670.07,482.31,492.36,942.82,,12.41,9.93
2026-04-22T15:40:24.331,1776861624.331419,exp5_right_to_left_cross_center,400_lux,right_to_left_cross_center_line,1.600,,1.9781,1,1,1,detected=True | in_zone=True | depth_valid=True | z=1.98 m | valid=3829/12874 | roi_mode=full,SAFE (z=1.98m),0,0,1,0,"[{""cx"":670.07,""cy"":482.31,""w"":492.36,""h"":942.82,""x1"":71,""y1"":2,""x2"":153,""y2"":159,""conf"":0.9269,""depth_m"":null,""depth_valid"":false}]",0.9269,670.07,482.31,492.36,942.82,,11.99,10.00
2026-04-22T15:40:24.455,1776861624.451548,exp5_right_to_left_cross_center,400_lux,right_to_left_cross_center_line,1.600,,1.9781,1,1,1,detected=True | in_zone=True | depth_valid=True | z=1.98 m | valid=3602/12874 | roi_mode=full,SAFE (z=1.98m),0,0,1,0,"[{""cx"":670.07,""cy"":482.31,""w"":492.36,""h"":942.82,""x1"":71,""y1"":2,""x2"":153,""y2"":159,""conf"":0.9269,""depth_m"":null,""depth_valid"":false}]",0.9269,670.07,482.31,492.36,942.82,,11.28,9.67
2026-04-22T15:40:24.533,1776861624.533833,exp5_right_to_left_cross_center,400_lux,right_to_left_cross_center_line,1.600,,1.9849,1,1,1,detected=True | in_zone=True | depth_valid=True | z=1.98 m | valid=3566/12874 | roi_mode=full,SAFE (z=1.98m),0,0,1,0,"[{""cx"":670.07,""cy"":482.31,""w"":492.36,""h"":942.82,""x1"":71,""y1"":2,""x2"":153,""y2"":159,""conf"":0.9269,""depth_m"":null,""depth_valid"":false}]",0.9269,670.07,482.31,492.36,942.82,,12.81,9.96
2026-04-22T15:40:24.639,1776861624.639449,exp5_right_to_left_cross_center,400_lux,right_to_left_cross_center_line,1.600,,1.9849,0,1,0,detected=False | in_zone=False | depth_valid=True | z=1.98 m | valid=0/0 | roi_mode=full,SAFE (z=1.98m),0,0,1,0,"[{""cx"":942.78,""cy"":474.23,""w"":426.59,""h"":947.93,""x1"":122,""y1"":0,""x2"":193,""y2"":158,""conf"":0.9229,""depth_m"":null,""depth_valid"":false}]",0.9229,942.78,474.23,426.59,947.93,,12.37,9.90
2026-04-22T15:40:24.732,1776861624.732600,exp5_right_to_left_cross_center,400_lux,right_to_left_cross_center_line,1.600,,1.9849,0,1,0,detected=False | in_zone=False | depth_valid=True | z=1.98 m | valid=0/0 | roi_mode=full,SAFE (z=1.98m),0,0,1,0,"[{""cx"":942.78,""cy"":474.23,""w"":426.59,""h"":947.93,""x1"":122,""y1"":0,""x2"":193,""y2"":158,""conf"":0.9229,""depth_m"":null,""depth_valid"":false}]",0.9229,942.78,474.23,426.59,947.93,,11.09,9.98
2026-04-22T15:40:24.832,1776861624.832817,exp5_right_to_left_cross_center,400_lux,right_to_left_cross_center_line,1.600,,2.0355,1,1,1,detected=True | in_zone=True | depth_valid=True | z=2.04 m | valid=3034/11218 | roi_mode=full,SAFE (z=2.02m),0,1,1,0,"[{""cx"":942.78,""cy"":474.23,""w"":426.59,""h"":947.93,""x1"":122,""y1"":0,""x2"":193,""y2"":158,""conf"":0.9229,""depth_m"":null,""depth_valid"":false}]",0.9229,942.78,474.23,426.59,947.93,,11.98,9.98
2026-04-22T15:40:24.931,1776861624.931469,exp5_right_to_left_cross_center,400_lux,right_to_left_cross_center_line,1.600,,2.0355,1,1,1,detected=True | in_zone=True | depth_valid=True | z=2.04 m | valid=3034/11218 | roi_mode=full,SAFE (z=2.02m),0,0,1,0,"[{""cx"":942.78,""cy"":474.23,""w"":426.59,""h"":947.93,""x1"":122,""y1"":0,""x2"":193,""y2"":158,""conf"":0.9229,""depth_m"":null,""depth_valid"":false}]",0.9229,942.78,474.23,426.59,947.93,,0.00,10.14
2026-04-22T15:40:25.032,1776861625.032665,exp5_right_to_left_cross_center,400_lux,right_to_left_cross_center_line,1.600,,2.0355,0,1,0,detected=False | in_zone=False | depth_valid=True | z=2.04 m | valid=0/0 | roi_mode=full,SAFE (z=2.04m),0,1,1,0,"[{""cx"":991.09,""cy"":466.27,""w"":368.65,""h"":924.37,""x1"":135,""y1"":1,""x2"":197,""y2"":155,""conf"":0.8802,""depth_m"":null,""depth_valid"":false}]",0.8802,991.09,466.27,368.65,924.37,,5.01,10.01
2026-04-22T15:40:25.133,1776861625.132989,exp5_right_to_left_cross_center,400_lux,right_to_left_cross_center_line,1.600,,2.0751,1,1,1,detected=True | in_zone=True | depth_valid=True | z=2.08 m | valid=2075/9548 | roi_mode=full,SAFE (z=2.08m),0,1,1,0,"[{""cx"":991.09,""cy"":466.27,""w"":368.65,""h"":924.37,""x1"":135,""y1"":1,""x2"":197,""y2"":155,""conf"":0.8802,""depth_m"":null,""depth_valid"":false}]",0.8802,991.09,466.27,368.65,924.37,,6.66,9.99
2026-04-22T15:40:25.231,1776861625.231678,exp5_right_to_left_cross_center,400_lux,right_to_left_cross_center_line,1.600,,2.0755,1,1,1,detected=True | in_zone=True | depth_valid=True | z=2.08 m | valid=2053/9548 | roi_mode=full,SAFE (z=2.08m),0,0,1,0,"[{""cx"":991.09,""cy"":466.27,""w"":368.65,""h"":924.37,""x1"":135,""y1"":1,""x2"":197,""y2"":155,""conf"":0.8802,""depth_m"":null,""depth_valid"":false}]",0.8802,991.09,466.27,368.65,924.37,,7.52,10.03
2026-04-22T15:40:25.332,1776861625.332703,exp5_right_to_left_cross_center,400_lux,right_to_left_cross_center_line,1.600,,2.0756,1,1,1,detected=True | in_zone=True | depth_valid=True | z=2.08 m | valid=2148/9548 | roi_mode=full,SAFE (z=2.08m),0,0,1,0,"[{""cx"":991.09,""cy"":466.27,""w"":368.65,""h"":924.37,""x1"":135,""y1"":1,""x2"":197,""y2"":155,""conf"":0.8802,""depth_m"":null,""depth_valid"":false}]",0.8802,991.09,466.27,368.65,924.37,,8.00,10.00
2026-04-22T15:40:25.436,1776861625.436834,exp5_right_to_left_cross_center,400_lux,right_to_left_cross_center_line,1.600,,2.1013,1,1,1,detected=True | in_zone=True | depth_valid=True | z=2.10 m | valid=1862/9086 | roi_mode=full,SAFE (z=2.09m),0,1,1,0,"[{""cx"":1018.43,""cy"":462.64,""w"":352.21,""h"":919.44,""x1"":141,""y1"":0,""x2"":200,""y2"":154,""conf"":0.906,""depth_m"":null,""depth_valid"":false}]",0.9060,1018.43,462.64,352.21,919.44,,9.93,9.93
2026-04-22T15:40:25.531,1776861625.531444,exp5_right_to_left_cross_center,400_lux,right_to_left_cross_center_line,1.600,,2.0951,1,1,1,detected=True | in_zone=True | depth_valid=True | z=2.10 m | valid=1910/9086 | roi_mode=full,SAFE (z=2.10m),0,1,1,0,"[{""cx"":1018.43,""cy"":462.64,""w"":352.21,""h"":919.44,""x1"":141,""y1"":0,""x2"":200,""y2"":154,""conf"":0.906,""depth_m"":null,""depth_valid"":false}]",0.9060,1018.43,462.64,352.21,919.44,,10.02,10.02
2026-04-22T15:40:25.633,1776861625.633120,exp5_right_to_left_cross_center,400_lux,right_to_left_cross_center_line,1.600,,2.0952,1,1,1,detected=True | in_zone=True | depth_valid=True | z=2.10 m | valid=1906/9086 | roi_mode=full,SAFE (z=2.10m),0,0,1,0,"[{""cx"":1018.43,""cy"":462.64,""w"":352.21,""h"":919.44,""x1"":141,""y1"":0,""x2"":200,""y2"":154,""conf"":0.906,""depth_m"":null,""depth_valid"":false}]",0.9060,1018.43,462.64,352.21,919.44,,11.25,10.00
2026-04-22T15:40:25.731,1776861625.731162,exp5_right_to_left_cross_center,400_lux,right_to_left_cross_center_line,1.600,,2.0952,0,1,0,detected=False | in_zone=False | depth_valid=True | z=2.10 m | valid=0/0 | roi_mode=full,SAFE (z=2.10m),0,0,1,0,"[{""cx"":1018.43,""cy"":462.64,""w"":352.21,""h"":919.44,""x1"":141,""y1"":0,""x2"":200,""y2"":154,""conf"":0.906,""depth_m"":null,""depth_valid"":false}]",0.9060,1018.43,462.64,352.21,919.44,,11.13,10.02
2026-04-22T15:40:25.835,1776861625.835253,exp5_right_to_left_cross_center,400_lux,right_to_left_cross_center_line,1.600,,2.0952,0,1,0,detected=False | in_zone=False | depth_valid=True | z=2.10 m | valid=0/0 | roi_mode=full,SAFE (z=2.10m),0,0,1,0,"[{""cx"":1018.43,""cy"":462.64,""w"":352.21,""h"":919.44,""x1"":141,""y1"":0,""x2"":200,""y2"":154,""conf"":0.906,""depth_m"":null,""depth_valid"":false}]",0.9060,1018.43,462.64,352.21,919.44,,10.97,9.98
2026-04-22T15:40:25.932,1776861625.932721,exp5_right_to_left_cross_center,400_lux,right_to_left_cross_center_line,1.600,,2.0952,0,1,0,detected=False | in_zone=False | depth_valid=True | z=2.10 m | valid=0/0 | roi_mode=full,SAFE (z=2.10m),0,0,1,0,"[{""cx"":1018.43,""cy"":462.64,""w"":352.21,""h"":919.44,""x1"":141,""y1"":0,""x2"":200,""y2"":154,""conf"":0.906,""depth_m"":null,""depth_valid"":false}]",0.9060,1018.43,462.64,352.21,919.44,,10.26,10.26
2026-04-22T15:40:26.033,1776861626.033708,exp5_right_to_left_cross_center,400_lux,right_to_left_cross_center_line,1.600,,-1.0000,0,0,0,detected=False | in_zone=False | depth_valid=False | z=invalid | valid=0/0 | roi_mode=full,SAFE (z=invalid),0,1,1,0,"[{""cx"":1130.22,""cy"":452.91,""w"":299.55,""h"":903.04,""x1"":164,""y1"":0,""x2"":214,""y2"":151,""conf"":0.9256,""depth_m"":null,""depth_valid"":false}]",0.9256,1130.22,452.91,299.55,903.04,,15.12,10.08
2026-04-22T15:40:26.131,1776861626.131132,exp5_right_to_left_cross_center,400_lux,right_to_left_cross_center_line,1.600,,-1.0000,0,0,0,detected=False | in_zone=False | depth_valid=False | z=invalid | valid=0/0 | roi_mode=full,SAFE (z=invalid),0,0,1,0,"[{""cx"":1130.22,""cy"":452.91,""w"":299.55,""h"":903.04,""x1"":164,""y1"":0,""x2"":214,""y2"":151,""conf"":0.9256,""depth_m"":null,""depth_valid"":false}]",0.9256,1130.22,452.91,299.55,903.04,,10.14,10.14
2026-04-22T15:40:26.232,1776861626.231963,exp5_right_to_left_cross_center,400_lux,right_to_left_cross_center_line,1.600,,2.1232,1,1,1,detected=True | in_zone=True | depth_valid=True | z=2.12 m | valid=948/7550 | roi_mode=full,SAFE (z=invalid),0,0,1,0,"[{""cx"":1130.22,""cy"":452.91,""w"":299.55,""h"":903.04,""x1"":164,""y1"":0,""x2"":214,""y2"":151,""conf"":0.9256,""depth_m"":null,""depth_valid"":false}]",0.9256,1130.22,452.91,299.55,903.04,,12.60,10.08
2026-04-22T15:40:26.334,1776861626.334109,exp5_right_to_left_cross_center,400_lux,right_to_left_cross_center_line,1.600,,2.1311,1,1,1,detected=True | in_zone=True | depth_valid=True | z=2.13 m | valid=914/7550 | roi_mode=full,SAFE (z=2.13m),0,1,1,0,"[{""cx"":1130.22,""cy"":452.91,""w"":299.55,""h"":903.04,""x1"":164,""y1"":0,""x2"":214,""y2"":151,""conf"":0.9256,""depth_m"":null,""depth_valid"":false}]",0.9256,1130.22,452.91,299.55,903.04,,12.03,10.02
2026-04-22T15:40:26.435,1776861626.435349,exp5_right_to_left_cross_center,400_lux,right_to_left_cross_center_line,1.600,,2.1311,1,1,1,detected=True | in_zone=True | depth_valid=True | z=2.13 m | valid=914/7550 | roi_mode=full,SAFE (z=2.13m),0,0,1,0,"[{""cx"":1130.22,""cy"":452.91,""w"":299.55,""h"":903.04,""x1"":164,""y1"":0,""x2"":214,""y2"":151,""conf"":0.9256,""depth_m"":null,""depth_valid"":false}]",0.9256,1130.22,452.91,299.55,903.04,,10.01,10.01
2026-04-22T15:40:26.534,1776861626.534889,exp5_right_to_left_cross_center,400_lux,right_to_left_cross_center_line,1.600,,2.1311,1,1,1,detected=True | in_zone=True | depth_valid=True | z=2.13 m | valid=914/7550 | roi_mode=full,SAFE (z=2.13m),0,0,0,0,[],0.0000,-1.00,-1.00,-1.00,-1.00,,8.58,10.01
2026-04-22T15:40:26.633,1776861626.633193,exp5_right_to_left_cross_center,400_lux,right_to_left_cross_center_line,1.600,,2.1311,1,1,1,detected=True | in_zone=True | depth_valid=True | z=2.13 m | valid=914/7550 | roi_mode=full,SAFE (z=2.13m),0,0,0,0,[],0.0000,-1.00,-1.00,-1.00,-1.00,,7.52,10.03
2026-04-22T15:40:26.731,1776861626.731146,exp5_right_to_left_cross_center,400_lux,right_to_left_cross_center_line,1.600,,2.1311,0,1,0,detected=False | in_zone=False | depth_valid=True | z=2.13 m | valid=0/0 | roi_mode=full,SAFE (z=2.13m),0,0,0,0,[],0.0000,-1.00,-1.00,-1.00,-1.00,,7.81,10.05
2026-04-22T15:40:26.881,1776861626.881173,exp5_right_to_left_cross_center,400_lux,right_to_left_cross_center_line,1.600,,2.1311,0,1,0,detected=False | in_zone=False | depth_valid=True | z=2.13 m | valid=0/0 | roi_mode=full,SAFE (z=2.13m),0,0,0,0,[],0.0000,-1.00,-1.00,-1.00,-1.00,,6.69,9.56
2026-04-22T15:40:26.933,1776861626.933085,exp5_right_to_left_cross_center,400_lux,right_to_left_cross_center_line,1.600,,2.1311,0,1,0,detected=False | in_zone=False | depth_valid=True | z=2.13 m | valid=0/0 | roi_mode=full,SAFE (z=2.13m),0,0,0,0,[],0.0000,-1.00,-1.00,-1.00,-1.00,,57.79,19.26
2026-04-22T15:40:27.032,1776861627.032350,exp5_right_to_left_cross_center,400_lux,right_to_left_cross_center_line,1.600,,-1.0000,0,0,0,detected=False | in_zone=False | depth_valid=False | z=invalid | valid=0/0 | roi_mode=full,SAFE (z=invalid),0,1,0,0,[],0.0000,-1.00,-1.00,-1.00,-1.00,,26.45,13.23
2026-04-22T15:40:27.134,1776861627.134667,exp5_right_to_left_cross_center,400_lux,right_to_left_cross_center_line,1.600,,-1.0000,0,0,0,detected=False | in_zone=False | depth_valid=False | z=invalid | valid=0/0 | roi_mode=full,SAFE (z=invalid),0,0,0,0,[],0.0000,-1.00,-1.00,-1.00,-1.00,,23.67,11.83
2026-04-22T15:40:27.232,1776861627.232819,exp5_right_to_left_cross_center,400_lux,right_to_left_cross_center_line,1.600,,-1.0000,0,0,0,detected=False | in_zone=False | depth_valid=False | z=invalid | valid=0/0 | roi_mode=full,SAFE (z=invalid),0,0,0,0,[],0.0000,-1.00,-1.00,-1.00,-1.00,,19.90,11.37
2026-04-22T15:40:27.332,1776861627.332886,exp5_right_to_left_cross_center,400_lux,right_to_left_cross_center_line,1.600,,-1.0000,0,0,0,detected=False | in_zone=False | depth_valid=False | z=invalid | valid=0/0 | roi_mode=full,SAFE (z=invalid),0,0,0,0,[],0.0000,-1.00,-1.00,-1.00,-1.00,,19.92,11.07
2026-04-22T15:40:27.432,1776861627.432089,exp5_right_to_left_cross_center,400_lux,right_to_left_cross_center_line,1.600,,-1.0000,0,0,0,detected=False | in_zone=False | depth_valid=False | z=invalid | valid=0/0 | roi_mode=full,SAFE (z=invalid),0,0,0,0,[],0.0000,-1.00,-1.00,-1.00,-1.00,,21.78,10.89
2026-04-22T15:40:27.534,1776861627.534057,exp5_right_to_left_cross_center,400_lux,right_to_left_cross_center_line,1.600,,-1.0000,0,0,0,detected=False | in_zone=False | depth_valid=False | z=invalid | valid=0/0 | roi_mode=full,SAFE (z=invalid),0,0,0,0,[],0.0000,-1.00,-1.00,-1.00,-1.00,,19.91,10.72
2026-04-22T15:40:27.632,1776861627.632097,exp5_right_to_left_cross_center,400_lux,right_to_left_cross_center_line,1.600,,-1.0000,0,0,0,detected=False | in_zone=False | depth_valid=False | z=invalid | valid=0/0 | roi_mode=full,SAFE (z=invalid),0,0,0,0,[],0.0000,-1.00,-1.00,-1.00,-1.00,,18.64,10.65
2026-04-22T15:40:27.731,1776861627.731276,exp5_right_to_left_cross_center,400_lux,right_to_left_cross_center_line,1.600,,-1.0000,0,0,0,detected=False | in_zone=False | depth_valid=False | z=invalid | valid=0/0 | roi_mode=full,SAFE (z=invalid),0,0,0,0,[],0.0000,-1.00,-1.00,-1.00,-1.00,,17.64,10.59
2026-04-22T15:40:27.831,1776861627.831258,exp5_right_to_left_cross_center,400_lux,right_to_left_cross_center_line,1.600,,-1.0000,0,0,0,detected=False | in_zone=False | depth_valid=False | z=invalid | valid=0/0 | roi_mode=full,SAFE (z=invalid),0,0,0,0,[],0.0000,-1.00,-1.00,-1.00,-1.00,,16.84,10.53
2026-04-22T15:40:27.935,1776861627.935809,exp5_right_to_left_cross_center,400_lux,right_to_left_cross_center_line,1.600,,-1.0000,0,0,0,detected=False | in_zone=False | depth_valid=False | z=invalid | valid=0/0 | roi_mode=full,SAFE (z=invalid),0,0,0,0,[],0.0000,-1.00,-1.00,-1.00,-1.00,,17.07,10.43
2026-04-22T15:40:28.031,1776861628.031235,exp5_right_to_left_cross_center,400_lux,right_to_left_cross_center_line,1.600,,-1.0000,0,0,0,detected=False | in_zone=False | depth_valid=False | z=invalid | valid=0/0 | roi_mode=full,SAFE (z=invalid),0,0,0,0,[],0.0000,-1.00,-1.00,-1.00,-1.00,,10.48,10.48
2026-04-22T15:40:28.131,1776861628.131753,exp5_right_to_left_cross_center,400_lux,right_to_left_cross_center_line,1.600,,-1.0000,0,0,0,detected=False | in_zone=False | depth_valid=False | z=invalid | valid=0/0 | roi_mode=full,SAFE (z=invalid),0,0,0,0,[],0.0000,-1.00,-1.00,-1.00,-1.00,,15.31,10.21
2026-04-22T15:40:28.231,1776861628.231565,exp5_right_to_left_cross_center,400_lux,right_to_left_cross_center_line,1.600,,-1.0000,0,0,0,detected=False | in_zone=False | depth_valid=False | z=invalid | valid=0/0 | roi_mode=full,SAFE (z=invalid),0,0,0,0,[],0.0000,-1.00,-1.00,-1.00,-1.00,,16.91,10.14
2026-04-22T15:40:28.332,1776861628.332922,exp5_right_to_left_cross_center,400_lux,right_to_left_cross_center_line,1.600,,-1.0000,0,0,0,detected=False | in_zone=False | depth_valid=False | z=invalid | valid=0/0 | roi_mode=full,SAFE (z=invalid),0,0,0,0,[],0.0000,-1.00,-1.00,-1.00,-1.00,,17.63,10.07
2026-04-22T15:40:28.433,1776861628.433157,exp5_right_to_left_cross_center,400_lux,right_to_left_cross_center_line,1.600,,-1.0000,0,0,0,detected=False | in_zone=False | depth_valid=False | z=invalid | valid=0/0 | roi_mode=full,SAFE (z=invalid),0,0,0,0,[],0.0000,-1.00,-1.00,-1.00,-1.00,,18.10,10.05
2026-04-22T15:40:28.533,1776861628.533524,exp5_right_to_left_cross_center,400_lux,right_to_left_cross_center_line,1.600,,-1.0000,0,0,0,detected=False | in_zone=False | depth_valid=False | z=invalid | valid=0/0 | roi_mode=full,SAFE (z=invalid),0,0,0,0,[],0.0000,-1.00,-1.00,-1.00,-1.00,,16.73,10.04
2026-04-22T15:40:28.631,1776861628.631162,exp5_right_to_left_cross_center,400_lux,right_to_left_cross_center_line,1.600,,-1.0000,0,0,0,detected=False | in_zone=False | depth_valid=False | z=invalid | valid=0/0 | roi_mode=full,SAFE (z=invalid),0,0,0,0,[],0.0000,-1.00,-1.00,-1.00,-1.00,,17.26,10.07
2026-04-22T15:40:28.731,1776861628.731515,exp5_right_to_left_cross_center,400_lux,right_to_left_cross_center_line,1.600,,-1.0000,0,0,0,detected=False | in_zone=False | depth_valid=False | z=invalid | valid=0/0 | roi_mode=full,SAFE (z=invalid),0,0,0,0,[],0.0000,-1.00,-1.00,-1.00,-1.00,,16.34,10.05
2026-04-22T15:40:28.831,1776861628.831899,exp5_right_to_left_cross_center,400_lux,right_to_left_cross_center_line,1.600,,-1.0000,0,0,0,detected=False | in_zone=False | depth_valid=False | z=invalid | valid=0/0 | roi_mode=full,SAFE (z=invalid),0,0,0,0,[],0.0000,-1.00,-1.00,-1.00,-1.00,,17.86,10.04
2026-04-22T15:40:28.933,1776861628.933528,exp5_right_to_left_cross_center,400_lux,right_to_left_cross_center_line,1.600,,-1.0000,0,0,0,detected=False | in_zone=False | depth_valid=False | z=invalid | valid=0/0 | roi_mode=full,SAFE (z=invalid),0,0,0,0,[],0.0000,-1.00,-1.00,-1.00,-1.00,,17.04,10.02
2026-04-22T15:40:29.031,1776861629.031417,exp5_right_to_left_cross_center,400_lux,right_to_left_cross_center_line,1.600,,-1.0000,0,0,0,detected=False | in_zone=False | depth_valid=False | z=invalid | valid=0/0 | roi_mode=full,SAFE (z=invalid),0,0,0,0,[],0.0000,-1.00,-1.00,-1.00,-1.00,,16.43,10.04
2026-04-22T15:40:29.131,1776861629.131549,exp5_right_to_left_cross_center,400_lux,right_to_left_cross_center_line,1.600,,-1.0000,0,0,0,detected=False | in_zone=False | depth_valid=False | z=invalid | valid=0/0 | roi_mode=full,SAFE (z=invalid),0,0,0,0,[],0.0000,-1.00,-1.00,-1.00,-1.00,,0.00,9.99
2026-04-22T15:40:29.231,1776861629.231491,exp5_right_to_left_cross_center,400_lux,right_to_left_cross_center_line,1.600,,-1.0000,0,0,0,detected=False | in_zone=False | depth_valid=False | z=invalid | valid=0/0 | roi_mode=full,SAFE (z=invalid),0,0,0,0,[],0.0000,-1.00,-1.00,-1.00,-1.00,,5.00,10.00
2026-04-22T15:40:29.354,1776861629.354759,exp5_right_to_left_cross_center,400_lux,right_to_left_cross_center_line,1.600,,-1.0000,0,0,0,detected=False | in_zone=False | depth_valid=False | z=invalid | valid=0/0 | roi_mode=full,SAFE (z=invalid),0,0,0,0,[],0.0000,-1.00,-1.00,-1.00,-1.00,,9.28,9.28
2026-04-22T15:40:29.432,1776861629.432226,exp5_right_to_left_cross_center,400_lux,right_to_left_cross_center_line,1.600,,-1.0000,0,0,0,detected=False | in_zone=False | depth_valid=False | z=invalid | valid=0/0 | roi_mode=full,SAFE (z=invalid),0,0,0,0,[],0.0000,-1.00,-1.00,-1.00,-1.00,,12.47,9.98
2026-04-22T15:40:29.531,1776861629.531194,exp5_right_to_left_cross_center,400_lux,right_to_left_cross_center_line,1.600,,-1.0000,0,0,0,detected=False | in_zone=False | depth_valid=False | z=invalid | valid=0/0 | roi_mode=full,SAFE (z=invalid),0,0,0,0,[],0.0000,-1.00,-1.00,-1.00,-1.00,,12.01,10.00
2026-04-22T15:40:29.643,1776861629.643378,exp5_right_to_left_cross_center,400_lux,right_to_left_cross_center_line,1.600,,-1.0000,0,0,0,detected=False | in_zone=False | depth_valid=False | z=invalid | valid=0/0 | roi_mode=full,SAFE (z=invalid),0,0,0,0,[],0.0000,-1.00,-1.00,-1.00,-1.00,,11.44,9.80
2026-04-22T15:40:29.734,1776861629.734134,exp5_right_to_left_cross_center,400_lux,right_to_left_cross_center_line,1.600,,-1.0000,0,0,0,detected=False | in_zone=False | depth_valid=False | z=invalid | valid=0/0 | roi_mode=full,SAFE (z=invalid),0,0,0,0,[],0.0000,-1.00,-1.00,-1.00,-1.00,,12.81,9.96
2026-04-22T15:40:29.832,1776861629.832002,exp5_right_to_left_cross_center,400_lux,right_to_left_cross_center_line,1.600,,-1.0000,0,0,0,detected=False | in_zone=False | depth_valid=False | z=invalid | valid=0/0 | roi_mode=full,SAFE (z=invalid),0,0,0,0,[],0.0000,-1.00,-1.00,-1.00,-1.00,,12.49,9.99
2026-04-22T15:40:29.931,1776861629.931116,exp5_right_to_left_cross_center,400_lux,right_to_left_cross_center_line,1.600,,-1.0000,0,0,0,detected=False | in_zone=False | depth_valid=False | z=invalid | valid=0/0 | roi_mode=full,SAFE (z=invalid),0,0,0,0,[],0.0000,-1.00,-1.00,-1.00,-1.00,,12.23,10.00
2026-04-22T15:40:30.031,1776861630.031264,exp5_right_to_left_cross_center,400_lux,right_to_left_cross_center_line,1.600,,-1.0000,0,0,0,detected=False | in_zone=False | depth_valid=False | z=invalid | valid=0/0 | roi_mode=full,SAFE (z=invalid),0,0,0,0,[],0.0000,-1.00,-1.00,-1.00,-1.00,,11.00,10.00
2026-04-22T15:40:30.134,1776861630.134008,exp5_right_to_left_cross_center,400_lux,right_to_left_cross_center_line,1.600,,-1.0000,0,0,0,detected=False | in_zone=False | depth_valid=False | z=invalid | valid=0/0 | roi_mode=full,SAFE (z=invalid),0,0,0,0,[],0.0000,-1.00,-1.00,-1.00,-1.00,,11.79,9.98
2026-04-22T15:40:30.231,1776861630.231560,exp5_right_to_left_cross_center,400_lux,right_to_left_cross_center_line,1.600,,-1.0000,0,0,0,detected=False | in_zone=False | depth_valid=False | z=invalid | valid=0/0 | roi_mode=full,SAFE (z=invalid),0,0,0,0,[],0.0000,-1.00,-1.00,-1.00,-1.00,,20.50,10.25
2026-04-22T15:40:30.331,1776861630.331530,exp5_right_to_left_cross_center,400_lux,right_to_left_cross_center_line,1.600,,-1.0000,0,0,0,detected=False | in_zone=False | depth_valid=False | z=invalid | valid=0/0 | roi_mode=full,SAFE (z=invalid),0,0,0,0,[],0.0000,-1.00,-1.00,-1.00,-1.00,,25.32,10.13
2026-04-22T15:40:30.433,1776861630.433056,exp5_right_to_left_cross_center,400_lux,right_to_left_cross_center_line,1.600,,-1.0000,0,0,0,detected=False | in_zone=False | depth_valid=False | z=invalid | valid=0/0 | roi_mode=full,SAFE (z=invalid),0,0,0,0,[],0.0000,-1.00,-1.00,-1.00,-1.00,,20.06,10.03
2026-04-22T15:40:30.531,1776861630.531410,exp5_right_to_left_cross_center,400_lux,right_to_left_cross_center_line,1.600,,-1.0000,0,0,0,detected=False | in_zone=False | depth_valid=False | z=invalid | valid=0/0 | roi_mode=full,SAFE (z=invalid),0,0,0,0,[],0.0000,-1.00,-1.00,-1.00,-1.00,,15.10,10.07
2026-04-22T15:40:30.631,1776861630.631952,exp5_right_to_left_cross_center,400_lux,right_to_left_cross_center_line,1.600,,-1.0000,0,0,0,detected=False | in_zone=False | depth_valid=False | z=invalid | valid=0/0 | roi_mode=full,SAFE (z=invalid),0,0,0,0,[],0.0000,-1.00,-1.00,-1.00,-1.00,,12.05,10.04
2026-04-22T15:40:30.732,1776861630.732862,exp5_right_to_left_cross_center,400_lux,right_to_left_cross_center_line,1.600,,-1.0000,0,0,0,detected=False | in_zone=False | depth_valid=False | z=invalid | valid=0/0 | roi_mode=full,SAFE (z=invalid),0,0,0,0,[],0.0000,-1.00,-1.00,-1.00,-1.00,,10.02,10.02
2026-04-22T15:40:30.833,1776861630.833091,exp5_right_to_left_cross_center,400_lux,right_to_left_cross_center_line,1.600,,-1.0000,0,0,0,detected=False | in_zone=False | depth_valid=False | z=invalid | valid=0/0 | roi_mode=full,SAFE (z=invalid),0,0,0,0,[],0.0000,-1.00,-1.00,-1.00,-1.00,,10.01,10.01
2026-04-22T15:40:30.931,1776861630.931148,exp5_right_to_left_cross_center,400_lux,right_to_left_cross_center_line,1.600,,-1.0000,0,0,0,detected=False | in_zone=False | depth_valid=False | z=invalid | valid=0/0 | roi_mode=full,SAFE (z=invalid),0,0,0,0,[],0.0000,-1.00,-1.00,-1.00,-1.00,,8.78,10.04
2026-04-22T15:40:31.032,1776861631.032708,exp5_right_to_left_cross_center,400_lux,right_to_left_cross_center_line,1.600,,-1.0000,0,0,0,detected=False | in_zone=False | depth_valid=False | z=invalid | valid=0/0 | roi_mode=full,SAFE (z=invalid),0,0,0,0,[],0.0000,-1.00,-1.00,-1.00,-1.00,,7.79,10.01
2026-04-22T15:40:31.134,1776861631.134063,exp5_right_to_left_cross_center,400_lux,right_to_left_cross_center_line,1.600,,-1.0000,0,0,0,detected=False | in_zone=False | depth_valid=False | z=invalid | valid=0/0 | roi_mode=full,SAFE (z=invalid),0,0,0,0,[],0.0000,-1.00,-1.00,-1.00,-1.00,,8.00,10.00
2026-04-22T15:40:31.234,1776861631.234455,exp5_right_to_left_cross_center,400_lux,right_to_left_cross_center_line,1.600,,-1.0000,0,0,0,detected=False | in_zone=False | depth_valid=False | z=invalid | valid=0/0 | roi_mode=full,SAFE (z=invalid),0,0,0,0,[],0.0000,-1.00,-1.00,-1.00,-1.00,,9.96,9.96
2026-04-22T15:40:31.331,1776861631.331189,exp5_right_to_left_cross_center,400_lux,right_to_left_cross_center_line,1.600,,-1.0000,0,0,0,detected=False | in_zone=False | depth_valid=False | z=invalid | valid=0/0 | roi_mode=full,SAFE (z=invalid),0,0,0,0,[],0.0000,-1.00,-1.00,-1.00,-1.00,,10.15,10.15
2026-04-22T15:40:31.431,1776861631.431757,exp5_right_to_left_cross_center,400_lux,right_to_left_cross_center_line,1.600,,-1.0000,0,0,0,detected=False | in_zone=False | depth_valid=False | z=invalid | valid=0/0 | roi_mode=full,SAFE (z=invalid),0,0,0,0,[],0.0000,-1.00,-1.00,-1.00,-1.00,,13.44,10.08
2026-04-22T15:40:31.531,1776861631.531573,exp5_right_to_left_cross_center,400_lux,right_to_left_cross_center_line,1.600,,-1.0000,0,0,0,detected=False | in_zone=False | depth_valid=False | z=invalid | valid=0/0 | roi_mode=full,SAFE (z=invalid),0,0,0,0,[],0.0000,-1.00,-1.00,-1.00,-1.00,,15.09,10.06
2026-04-22T15:40:31.631,1776861631.631176,exp5_right_to_left_cross_center,400_lux,right_to_left_cross_center_line,1.600,,-1.0000,0,0,0,detected=False | in_zone=False | depth_valid=False | z=invalid | valid=0/0 | roi_mode=full,SAFE (z=invalid),0,0,0,0,[],0.0000,-1.00,-1.00,-1.00,-1.00,,14.08,10.06
2026-04-22T15:40:31.733,1776861631.733537,exp5_right_to_left_cross_center,400_lux,right_to_left_cross_center_line,1.600,,-1.0000,0,0,0,detected=False | in_zone=False | depth_valid=False | z=invalid | valid=0/0 | roi_mode=full,SAFE (z=invalid),0,0,0,0,[],0.0000,-1.00,-1.00,-1.00,-1.00,,13.34,10.01
2026-04-22T15:40:31.831,1776861631.831422,exp5_right_to_left_cross_center,400_lux,right_to_left_cross_center_line,1.600,,-1.0000,0,0,0,detected=False | in_zone=False | depth_valid=False | z=invalid | valid=0/0 | roi_mode=full,SAFE (z=invalid),0,0,0,0,[],0.0000,-1.00,-1.00,-1.00,-1.00,,15.77,10.04
2026-04-22T15:40:31.931,1776861631.931401,exp5_right_to_left_cross_center,400_lux,right_to_left_cross_center_line,1.600,,-1.0000,0,0,0,detected=False | in_zone=False | depth_valid=False | z=invalid | valid=0/0 | roi_mode=full,SAFE (z=invalid),0,0,0,0,[],0.0000,-1.00,-1.00,-1.00,-1.00,,13.80,10.03
2026-04-22T15:40:32.031,1776861632.031367,exp5_right_to_left_cross_center,400_lux,right_to_left_cross_center_line,1.600,,-1.0000,0,0,0,detected=False | in_zone=False | depth_valid=False | z=invalid | valid=0/0 | roi_mode=full,SAFE (z=invalid),0,0,0,0,[],0.0000,-1.00,-1.00,-1.00,-1.00,,13.37,10.03
2026-04-22T15:40:32.133,1776861632.133163,exp5_right_to_left_cross_center,400_lux,right_to_left_cross_center_line,1.600,,-1.0000,0,0,0,detected=False | in_zone=False | depth_valid=False | z=invalid | valid=0/0 | roi_mode=full,SAFE (z=invalid),0,0,0,0,[],0.0000,-1.00,-1.00,-1.00,-1.00,,15.01,10.01
2026-04-22T15:40:32.231,1776861632.231845,exp5_right_to_left_cross_center,400_lux,right_to_left_cross_center_line,1.600,,-1.0000,0,0,0,detected=False | in_zone=False | depth_valid=False | z=invalid | valid=0/0 | roi_mode=full,SAFE (z=invalid),0,0,0,0,[],0.0000,-1.00,-1.00,-1.00,-1.00,,14.57,10.02
2026-04-22T15:40:32.331,1776861632.331275,exp5_right_to_left_cross_center,400_lux,right_to_left_cross_center_line,1.600,,-1.0000,0,0,0,detected=False | in_zone=False | depth_valid=False | z=invalid | valid=0/0 | roi_mode=full,SAFE (z=invalid),0,0,0,0,[],0.0000,-1.00,-1.00,-1.00,-1.00,,20.12,10.06
2026-04-22T15:40:32.434,1776861632.434154,exp5_right_to_left_cross_center,400_lux,right_to_left_cross_center_line,1.600,,-1.0000,0,0,0,detected=False | in_zone=False | depth_valid=False | z=invalid | valid=0/0 | roi_mode=full,SAFE (z=invalid),0,0,0,0,[],0.0000,-1.00,-1.00,-1.00,-1.00,,14.83,9.89
2026-04-22T15:40:32.531,1776861632.531258,exp5_right_to_left_cross_center,400_lux,right_to_left_cross_center_line,1.600,,-1.0000,0,0,0,detected=False | in_zone=False | depth_valid=False | z=invalid | valid=0/0 | roi_mode=full,SAFE (z=invalid),0,0,0,0,[],0.0000,-1.00,-1.00,-1.00,-1.00,,13.36,10.02
2026-04-22T15:40:32.631,1776861632.631207,exp5_right_to_left_cross_center,400_lux,right_to_left_cross_center_line,1.600,,-1.0000,0,0,0,detected=False | in_zone=False | depth_valid=False | z=invalid | valid=0/0 | roi_mode=full,SAFE (z=invalid),0,0,0,0,[],0.0000,-1.00,-1.00,-1.00,-1.00,,12.52,10.02
2026-04-22T15:40:32.732,1776861632.732015,exp5_right_to_left_cross_center,400_lux,right_to_left_cross_center_line,1.600,,-1.0000,0,0,0,detected=False | in_zone=False | depth_valid=False | z=invalid | valid=0/0 | roi_mode=full,SAFE (z=invalid),0,0,0,0,[],0.0000,-1.00,-1.00,-1.00,-1.00,,12.00,10.00
2026-04-22T15:40:32.832,1776861632.832058,exp5_right_to_left_cross_center,400_lux,right_to_left_cross_center_line,1.600,,-1.0000,0,0,0,detected=False | in_zone=False | depth_valid=False | z=invalid | valid=0/0 | roi_mode=full,SAFE (z=invalid),0,0,0,0,[],0.0000,-1.00,-1.00,-1.00,-1.00,,10.00,10.00
2026-04-22T15:40:32.932,1776861632.932678,exp5_right_to_left_cross_center,400_lux,right_to_left_cross_center_line,1.600,,-1.0000,0,0,0,detected=False | in_zone=False | depth_valid=False | z=invalid | valid=0/0 | roi_mode=full,SAFE (z=invalid),0,0,0,0,[],0.0000,-1.00,-1.00,-1.00,-1.00,,9.99,9.99
2026-04-22T15:40:33.031,1776861633.031170,exp5_right_to_left_cross_center,400_lux,right_to_left_cross_center_line,1.600,,-1.0000,0,0,0,detected=False | in_zone=False | depth_valid=False | z=invalid | valid=0/0 | roi_mode=full,SAFE (z=invalid),0,0,0,0,[],0.0000,-1.00,-1.00,-1.00,-1.00,,8.76,10.01
2026-04-22T15:40:33.131,1776861633.131252,exp5_right_to_left_cross_center,400_lux,right_to_left_cross_center_line,1.600,,-1.0000,0,0,0,detected=False | in_zone=False | depth_valid=False | z=invalid | valid=0/0 | roi_mode=full,SAFE (z=invalid),0,0,0,0,[],0.0000,-1.00,-1.00,-1.00,-1.00,,8.89,10.01
2026-04-22T15:40:33.231,1776861633.231218,exp5_right_to_left_cross_center,400_lux,right_to_left_cross_center_line,1.600,,-1.0000,0,0,0,detected=False | in_zone=False | depth_valid=False | z=invalid | valid=0/0 | roi_mode=full,SAFE (z=invalid),0,0,0,0,[],0.0000,-1.00,-1.00,-1.00,-1.00,,9.01,10.01
2026-04-22T15:40:33.331,1776861633.331138,exp5_right_to_left_cross_center,400_lux,right_to_left_cross_center_line,1.600,,-1.0000,0,0,0,detected=False | in_zone=False | depth_valid=False | z=invalid | valid=0/0 | roi_mode=full,SAFE (z=invalid),0,0,0,0,[],0.0000,-1.00,-1.00,-1.00,-1.00,,10.01,10.01
2026-04-22T15:40:33.431,1776861633.431351,exp5_right_to_left_cross_center,400_lux,right_to_left_cross_center_line,1.600,,-1.0000,0,0,0,detected=False | in_zone=False | depth_valid=False | z=invalid | valid=0/0 | roi_mode=full,SAFE (z=invalid),0,0,0,0,[],0.0000,-1.00,-1.00,-1.00,-1.00,,0.00,9.98
2026-04-22T15:40:33.531,1776861633.531666,exp5_right_to_left_cross_center,400_lux,right_to_left_cross_center_line,1.600,,-1.0000,0,0,0,detected=False | in_zone=False | depth_valid=False | z=invalid | valid=0/0 | roi_mode=full,SAFE (z=invalid),0,0,0,0,[],0.0000,-1.00,-1.00,-1.00,-1.00,,4.99,9.97
2026-04-22T15:40:33.631,1776861633.631270,exp5_right_to_left_cross_center,400_lux,right_to_left_cross_center_line,1.600,,-1.0000,0,0,0,detected=False | in_zone=False | depth_valid=False | z=invalid | valid=0/0 | roi_mode=full,SAFE (z=invalid),0,0,0,0,[],0.0000,-1.00,-1.00,-1.00,-1.00,,3.33,10.00
2026-04-22T15:40:33.732,1776861633.732006,exp5_right_to_left_cross_center,400_lux,right_to_left_cross_center_line,1.600,,-1.0000,0,0,0,detected=False | in_zone=False | depth_valid=False | z=invalid | valid=0/0 | roi_mode=full,SAFE (z=invalid),0,0,0,0,[],0.0000,-1.00,-1.00,-1.00,-1.00,,2.49,9.98
2026-04-22T15:40:33.832,1776861633.832558,exp5_right_to_left_cross_center,400_lux,right_to_left_cross_center_line,1.600,,-1.0000,0,0,0,detected=False | in_zone=False | depth_valid=False | z=invalid | valid=0/0 | roi_mode=full,SAFE (z=invalid),0,0,0,0,[],0.0000,-1.00,-1.00,-1.00,-1.00,,3.99,9.97
2026-04-22T15:40:33.935,1776861633.935646,exp5_right_to_left_cross_center,400_lux,right_to_left_cross_center_line,1.600,,-1.0000,0,0,0,detected=False | in_zone=False | depth_valid=False | z=invalid | valid=0/0 | roi_mode=full,SAFE (z=invalid),0,0,0,0,[],0.0000,-1.00,-1.00,-1.00,-1.00,,4.96,9.93
2026-04-22T15:40:34.033,1776861634.033044,exp5_right_to_left_cross_center,400_lux,right_to_left_cross_center_line,1.600,,-1.0000,0,0,0,detected=False | in_zone=False | depth_valid=False | z=invalid | valid=0/0 | roi_mode=full,SAFE (z=invalid),0,0,0,0,[],0.0000,-1.00,-1.00,-1.00,-1.00,,4.27,9.97
2026-04-22T15:40:34.133,1776861634.133352,exp5_right_to_left_cross_center,400_lux,right_to_left_cross_center_line,1.600,,-1.0000,0,0,0,detected=False | in_zone=False | depth_valid=False | z=invalid | valid=0/0 | roi_mode=full,SAFE (z=invalid),0,0,0,0,[],0.0000,-1.00,-1.00,-1.00,-1.00,,3.74,9.97
2026-04-22T15:40:34.231,1776861634.231119,exp5_right_to_left_cross_center,400_lux,right_to_left_cross_center_line,1.600,,-1.0000,0,0,0,detected=False | in_zone=False | depth_valid=False | z=invalid | valid=0/0 | roi_mode=full,SAFE (z=invalid),0,0,0,0,[],0.0000,-1.00,-1.00,-1.00,-1.00,,3.33,10.00
2026-04-22T15:40:34.333,1776861634.333849,exp5_right_to_left_cross_center,400_lux,right_to_left_cross_center_line,1.600,,-1.0000,0,0,0,detected=False | in_zone=False | depth_valid=False | z=invalid | valid=0/0 | roi_mode=full,SAFE (z=invalid),0,0,0,0,[],0.0000,-1.00,-1.00,-1.00,-1.00,,2.99,9.97
2026-04-22T15:40:34.433,1776861634.433200,exp5_right_to_left_cross_center,400_lux,right_to_left_cross_center_line,1.600,,-1.0000,0,0,0,detected=False | in_zone=False | depth_valid=False | z=invalid | valid=0/0 | roi_mode=full,SAFE (z=invalid),0,0,0,0,[],0.0000,-1.00,-1.00,-1.00,-1.00,,10.07,10.07
2026-04-22T15:40:34.533,1776861634.533046,exp5_right_to_left_cross_center,400_lux,right_to_left_cross_center_line,1.600,,-1.0000,0,0,0,detected=False | in_zone=False | depth_valid=False | z=invalid | valid=0/0 | roi_mode=full,SAFE (z=invalid),0,0,0,0,[],0.0000,-1.00,-1.00,-1.00,-1.00,,20.08,10.04
2026-04-22T15:40:34.657,1776861634.657814,exp5_right_to_left_cross_center,400_lux,right_to_left_cross_center_line,1.600,,-1.0000,0,0,0,detected=False | in_zone=False | depth_valid=False | z=invalid | valid=0/0 | roi_mode=full,SAFE (z=invalid),0,0,0,0,[],0.0000,-1.00,-1.00,-1.00,-1.00,,15.43,9.26
2026-04-22T15:40:34.734,1776861634.734160,exp5_right_to_left_cross_center,400_lux,right_to_left_cross_center_line,1.600,,-1.0000,0,0,0,detected=False | in_zone=False | depth_valid=False | z=invalid | valid=0/0 | roi_mode=full,SAFE (z=invalid),0,0,0,0,[],0.0000,-1.00,-1.00,-1.00,-1.00,,17.49,9.99
2026-04-22T15:40:34.832,1776861634.832254,exp5_right_to_left_cross_center,400_lux,right_to_left_cross_center_line,1.600,,-1.0000,0,0,0,detected=False | in_zone=False | depth_valid=False | z=invalid | valid=0/0 | roi_mode=full,SAFE (z=invalid),0,0,0,0,[],0.0000,-1.00,-1.00,-1.00,-1.00,,20.06,10.03
2026-04-22T15:40:34.935,1776861634.935261,exp5_right_to_left_cross_center,400_lux,right_to_left_cross_center_line,1.600,,-1.0000,0,0,0,detected=False | in_zone=False | depth_valid=False | z=invalid | valid=0/0 | roi_mode=full,SAFE (z=invalid),0,0,0,0,[],0.0000,-1.00,-1.00,-1.00,-1.00,,19.95,9.98
2026-04-22T15:40:35.031,1776861635.031961,exp5_right_to_left_cross_center,400_lux,right_to_left_cross_center_line,1.600,,-1.0000,0,0,0,detected=False | in_zone=False | depth_valid=False | z=invalid | valid=0/0 | roi_mode=full,SAFE (z=invalid),0,0,0,0,[],0.0000,-1.00,-1.00,-1.00,-1.00,,20.05,10.03
2026-04-22T15:40:35.131,1776861635.131209,exp5_right_to_left_cross_center,400_lux,right_to_left_cross_center_line,1.600,,-1.0000,0,0,0,detected=False | in_zone=False | depth_valid=False | z=invalid | valid=0/0 | roi_mode=full,SAFE (z=invalid),0,0,0,0,[],0.0000,-1.00,-1.00,-1.00,-1.00,,20.07,10.03
2026-04-22T15:40:35.231,1776861635.231141,exp5_right_to_left_cross_center,400_lux,right_to_left_cross_center_line,1.600,,-1.0000,0,0,0,detected=False | in_zone=False | depth_valid=False | z=invalid | valid=0/0 | roi_mode=full,SAFE (z=invalid),0,0,0,0,[],0.0000,-1.00,-1.00,-1.00,-1.00,,18.95,10.03
2026-04-22T15:40:35.331,1776861635.331141,exp5_right_to_left_cross_center,400_lux,right_to_left_cross_center_line,1.600,,-1.0000,0,0,0,detected=False | in_zone=False | depth_valid=False | z=invalid | valid=0/0 | roi_mode=full,SAFE (z=invalid),0,0,0,0,[],0.0000,-1.00,-1.00,-1.00,-1.00,,19.05,10.03
2026-04-22T15:40:35.431,1776861635.431145,exp5_right_to_left_cross_center,400_lux,right_to_left_cross_center_line,1.600,,-1.0000,0,0,0,detected=False | in_zone=False | depth_valid=False | z=invalid | valid=0/0 | roi_mode=full,SAFE (z=invalid),0,0,0,0,[],0.0000,-1.00,-1.00,-1.00,-1.00,,18.23,10.02
2026-04-22T15:40:35.532,1776861635.532109,exp5_right_to_left_cross_center,400_lux,right_to_left_cross_center_line,1.600,,-1.0000,0,0,0,detected=False | in_zone=False | depth_valid=False | z=invalid | valid=0/0 | roi_mode=full,SAFE (z=invalid),0,0,0,0,[],0.0000,-1.00,-1.00,-1.00,-1.00,,9.91,9.91
2026-04-22T15:40:35.631,1776861635.631223,exp5_right_to_left_cross_center,400_lux,right_to_left_cross_center_line,1.600,,-1.0000,0,0,0,detected=False | in_zone=False | depth_valid=False | z=invalid | valid=0/0 | roi_mode=full,SAFE (z=invalid),0,0,0,0,[],0.0000,-1.00,-1.00,-1.00,-1.00,,14.99,10.00
2026-04-22T15:40:35.731,1776861635.731286,exp5_right_to_left_cross_center,400_lux,right_to_left_cross_center_line,1.600,,-1.0000,0,0,0,detected=False | in_zone=False | depth_valid=False | z=invalid | valid=0/0 | roi_mode=full,SAFE (z=invalid),0,0,0,0,[],0.0000,-1.00,-1.00,-1.00,-1.00,,13.33,10.00
2026-04-22T15:40:35.831,1776861635.831895,exp5_right_to_left_cross_center,400_lux,right_to_left_cross_center_line,1.600,,-1.0000,0,0,0,detected=False | in_zone=False | depth_valid=False | z=invalid | valid=0/0 | roi_mode=full,SAFE (z=invalid),0,0,0,0,[],0.0000,-1.00,-1.00,-1.00,-1.00,,12.48,9.98
2026-04-22T15:40:35.931,1776861635.931307,exp5_right_to_left_cross_center,400_lux,right_to_left_cross_center_line,1.600,,-1.0000,0,0,0,detected=False | in_zone=False | depth_valid=False | z=invalid | valid=0/0 | roi_mode=full,SAFE (z=invalid),0,0,0,0,[],0.0000,-1.00,-1.00,-1.00,-1.00,,12.00,10.00
2026-04-22T15:40:36.035,1776861636.035138,exp5_right_to_left_cross_center,400_lux,right_to_left_cross_center_line,1.600,,-1.0000,0,0,0,detected=False | in_zone=False | depth_valid=False | z=invalid | valid=0/0 | roi_mode=full,SAFE (z=invalid),0,0,0,0,[],0.0000,-1.00,-1.00,-1.00,-1.00,,11.59,9.93
2026-04-22T15:40:36.134,1776861636.134498,exp5_right_to_left_cross_center,400_lux,right_to_left_cross_center_line,1.600,,-1.0000,0,0,0,detected=False | in_zone=False | depth_valid=False | z=invalid | valid=0/0 | roi_mode=full,SAFE (z=invalid),0,0,0,0,[],0.0000,-1.00,-1.00,-1.00,-1.00,,11.37,9.95
2026-04-22T15:40:36.231,1776861636.231218,exp5_right_to_left_cross_center,400_lux,right_to_left_cross_center_line,1.600,,-1.0000,0,0,0,detected=False | in_zone=False | depth_valid=False | z=invalid | valid=0/0 | roi_mode=full,SAFE (z=invalid),0,0,0,0,[],0.0000,-1.00,-1.00,-1.00,-1.00,,13.75,10.00
2026-04-22T15:40:36.331,1776861636.331418,exp5_right_to_left_cross_center,400_lux,right_to_left_cross_center_line,1.600,,-1.0000,0,0,0,detected=False | in_zone=False | depth_valid=False | z=invalid | valid=0/0 | roi_mode=full,SAFE (z=invalid),0,0,0,0,[],0.0000,-1.00,-1.00,-1.00,-1.00,,14.44,10.00
2026-04-22T15:40:36.433,1776861636.432966,exp5_right_to_left_cross_center,400_lux,right_to_left_cross_center_line,1.600,,-1.0000,0,0,0,detected=False | in_zone=False | depth_valid=False | z=invalid | valid=0/0 | roi_mode=full,SAFE (z=invalid),0,0,0,0,[],0.0000,-1.00,-1.00,-1.00,-1.00,,13.97,9.98
