wall_time_iso,ros_time_s,experiment_id,lighting,scenario,ground_truth_m,notes,person_z_m,person_detected,depth_valid,in_zone,depth_status_text,safety_state_text,safety_level,state_changed,det_count,det_depth_valid_count,detections_json,closest_det_conf,closest_bbox_cx,closest_bbox_cy,closest_bbox_w,closest_bbox_h,closest_depth_m,input_fps,output_fps,det_fps,safety_state_hz,e2e_latency_ms_disp_to_safety,e2e_latency_ms_det_to_safety
2026-04-22T16:09:06.389,1776863346.388961,exp6_walk_away_from_camera_0p60_to_1p60,400_lux,walk_away_from_camera,1.600,,-1.0000,0,0,0,detected=False | in_zone=False | depth_valid=False | z=invalid | valid=0/0 | roi_mode=full,SAFE (z=invalid),0,0,0,0,[],0.0000,-1.00,-1.00,-1.00,-1.00,,7.97,3.99,3.99,3.99,,
2026-04-22T16:09:06.489,1776863346.488974,exp6_walk_away_from_camera_0p60_to_1p60,400_lux,walk_away_from_camera,1.600,,-1.0000,0,0,0,detected=False | in_zone=False | depth_valid=False | z=invalid | valid=0/0 | roi_mode=full,SAFE (z=invalid),0,0,0,0,[],0.0000,-1.00,-1.00,-1.00,-1.00,,5.70,5.70,2.85,2.85,,
2026-04-22T16:09:06.588,1776863346.588686,exp6_walk_away_from_camera_0p60_to_1p60,400_lux,walk_away_from_camera,1.600,,-1.0000,0,0,0,detected=False | in_zone=False | depth_valid=False | z=invalid | valid=0/0 | roi_mode=full,SAFE (z=invalid),0,0,0,0,[],0.0000,-1.00,-1.00,-1.00,-1.00,,4.44,6.66,4.44,2.22,,
2026-04-22T16:09:06.688,1776863346.688658,exp6_walk_away_from_camera_0p60_to_1p60,400_lux,walk_away_from_camera,1.600,,-1.0000,0,0,0,detected=False | in_zone=False | depth_valid=False | z=invalid | valid=0/0 | roi_mode=full,SAFE (z=invalid),0,0,0,0,[],0.0000,-1.00,-1.00,-1.00,-1.00,,3.63,7.27,3.63,1.82,,
2026-04-22T16:09:06.788,1776863346.788544,exp6_walk_away_from_camera_0p60_to_1p60,400_lux,walk_away_from_camera,1.600,,-1.0000,0,0,0,detected=False | in_zone=False | depth_valid=False | z=invalid | valid=0/0 | roi_mode=full,SAFE (z=invalid),0,0,0,0,[],0.0000,-1.00,-1.00,-1.00,-1.00,,3.07,7.69,4.61,1.54,,
2026-04-22T16:09:06.888,1776863346.888546,exp6_walk_away_from_camera_0p60_to_1p60,400_lux,walk_away_from_camera,1.600,,-1.0000,0,0,0,detected=False | in_zone=False | depth_valid=False | z=invalid | valid=0/0 | roi_mode=full,SAFE (z=invalid),0,0,0,0,[],0.0000,-1.00,-1.00,-1.00,-1.00,,2.67,8.00,4.00,1.33,,
2026-04-22T16:09:06.988,1776863346.988894,exp6_walk_away_from_camera_0p60_to_1p60,400_lux,walk_away_from_camera,1.600,,-1.0000,0,0,0,detected=False | in_zone=False | depth_valid=False | z=invalid | valid=0/0 | roi_mode=full,SAFE (z=invalid),0,0,0,0,[],0.0000,-1.00,-1.00,-1.00,-1.00,,2.35,8.23,4.70,1.18,,
2026-04-22T16:09:07.088,1776863347.088924,exp6_walk_away_from_camera_0p60_to_1p60,400_lux,walk_away_from_camera,1.600,,-1.0000,0,0,0,detected=False | in_zone=False | depth_valid=False | z=invalid | valid=0/0 | roi_mode=full,SAFE (z=invalid),0,0,0,0,[],0.0000,-1.00,-1.00,-1.00,-1.00,,3.16,8.41,4.21,2.10,5.30,1811.64
2026-04-22T16:09:07.192,1776863347.192124,exp6_walk_away_from_camera_0p60_to_1p60,400_lux,walk_away_from_camera,1.600,,-1.0000,0,0,0,detected=False | in_zone=False | depth_valid=False | z=invalid | valid=0/0 | roi_mode=full,SAFE (z=invalid),0,0,0,0,[],0.0000,-1.00,-1.00,-1.00,-1.00,,2.85,8.54,3.79,1.90,5.30,1811.64
2026-04-22T16:09:07.288,1776863347.288913,exp6_walk_away_from_camera_0p60_to_1p60,400_lux,walk_away_from_camera,1.600,,-1.0000,0,0,0,detected=False | in_zone=False | depth_valid=False | z=invalid | valid=0/0 | roi_mode=full,SAFE (z=invalid),0,0,0,0,[],0.0000,-1.00,-1.00,-1.00,-1.00,,0.00,10.33,10.33,0.00,5.30,1811.64
2026-04-22T16:09:07.388,1776863347.388535,exp6_walk_away_from_camera_0p60_to_1p60,400_lux,walk_away_from_camera,1.600,,-1.0000,0,0,0,detected=False | in_zone=False | depth_valid=False | z=invalid | valid=0/0 | roi_mode=full,SAFE (z=invalid),0,0,0,0,[],0.0000,-1.00,-1.00,-1.00,-1.00,,5.09,10.18,10.18,5.09,361.58,1256.69
2026-04-22T16:09:07.488,1776863347.488528,exp6_walk_away_from_camera_0p60_to_1p60,400_lux,walk_away_from_camera,1.600,,-1.0000,0,0,0,detected=False | in_zone=False | depth_valid=False | z=invalid | valid=0/0 | roi_mode=full,SAFE (z=invalid),0,0,0,0,[],0.0000,-1.00,-1.00,-1.00,-1.00,,6.75,10.12,6.75,3.37,361.58,1256.69
2026-04-22T16:09:07.588,1776863347.588924,exp6_walk_away_from_camera_0p60_to_1p60,400_lux,walk_away_from_camera,1.600,,-1.0000,0,0,0,detected=False | in_zone=False | depth_valid=False | z=invalid | valid=0/0 | roi_mode=full,SAFE (z=invalid),0,0,0,0,[],0.0000,-1.00,-1.00,-1.00,-1.00,,5.04,10.08,7.56,2.52,361.58,1256.69
2026-04-22T16:09:07.689,1776863347.689054,exp6_walk_away_from_camera_0p60_to_1p60,400_lux,walk_away_from_camera,1.600,,-1.0000,0,0,0,detected=False | in_zone=False | depth_valid=False | z=invalid | valid=0/0 | roi_mode=full,SAFE (z=invalid),0,0,0,0,[],0.0000,-1.00,-1.00,-1.00,-1.00,,4.02,10.06,8.05,2.01,361.58,1256.69
2026-04-22T16:09:07.788,1776863347.788643,exp6_walk_away_from_camera_0p60_to_1p60,400_lux,walk_away_from_camera,1.600,,-1.0000,0,0,0,detected=False | in_zone=False | depth_valid=False | z=invalid | valid=0/0 | roi_mode=full,SAFE (z=invalid),0,0,0,0,[],0.0000,-1.00,-1.00,-1.00,-1.00,,3.35,10.06,8.38,1.68,361.58,1256.69
2026-04-22T16:09:07.891,1776863347.891123,exp6_walk_away_from_camera_0p60_to_1p60,400_lux,walk_away_from_camera,1.600,,-1.0000,0,0,0,detected=False | in_zone=False | depth_valid=False | z=invalid | valid=0/0 | roi_mode=full,SAFE (z=invalid),0,0,0,0,[],0.0000,-1.00,-1.00,-1.00,-1.00,,2.86,10.01,7.15,1.43,361.58,1256.69
2026-04-22T16:09:07.988,1776863347.988888,exp6_walk_away_from_camera_0p60_to_1p60,400_lux,walk_away_from_camera,1.600,,-1.0000,0,0,0,detected=False | in_zone=False | depth_valid=False | z=invalid | valid=0/0 | roi_mode=full,SAFE (z=invalid),0,0,0,0,[],0.0000,-1.00,-1.00,-1.00,-1.00,,2.51,10.04,7.53,1.26,361.58,1256.69
2026-04-22T16:09:08.088,1776863348.088523,exp6_walk_away_from_camera_0p60_to_1p60,400_lux,walk_away_from_camera,1.600,,-1.0000,0,0,0,detected=False | in_zone=False | depth_valid=False | z=invalid | valid=0/0 | roi_mode=full,SAFE (z=invalid),0,0,0,0,[],0.0000,-1.00,-1.00,-1.00,-1.00,,2.23,10.04,6.69,1.12,361.58,1256.69
2026-04-22T16:09:08.188,1776863348.188621,exp6_walk_away_from_camera_0p60_to_1p60,400_lux,walk_away_from_camera,1.600,,-1.0000,0,0,0,detected=False | in_zone=False | depth_valid=False | z=invalid | valid=0/0 | roi_mode=full,SAFE (z=invalid),0,0,0,0,[],0.0000,-1.00,-1.00,-1.00,-1.00,,2.01,10.04,7.02,1.00,361.58,1256.69
2026-04-22T16:09:08.289,1776863348.289021,exp6_walk_away_from_camera_0p60_to_1p60,400_lux,walk_away_from_camera,1.600,,-1.0000,0,0,0,detected=False | in_zone=False | depth_valid=False | z=invalid | valid=0/0 | roi_mode=full,SAFE (z=invalid),0,0,0,0,[],0.0000,-1.00,-1.00,-1.00,-1.00,,1.82,10.03,7.29,0.91,361.58,1256.69
2026-04-22T16:09:08.388,1776863348.388633,exp6_walk_away_from_camera_0p60_to_1p60,400_lux,walk_away_from_camera,1.600,,-1.0000,0,0,0,detected=False | in_zone=False | depth_valid=False | z=invalid | valid=0/0 | roi_mode=full,SAFE (z=invalid),0,0,0,0,[],0.0000,-1.00,-1.00,-1.00,-1.00,,10.04,10.04,0.00,10.04,10.87,1396.43
2026-04-22T16:09:08.488,1776863348.488839,exp6_walk_away_from_camera_0p60_to_1p60,400_lux,walk_away_from_camera,1.600,,-1.0000,0,0,0,detected=False | in_zone=False | depth_valid=False | z=invalid | valid=0/0 | roi_mode=full,SAFE (z=invalid),0,0,0,0,[],0.0000,-1.00,-1.00,-1.00,-1.00,,5.00,10.01,5.00,5.00,10.87,1396.43
2026-04-22T16:09:08.588,1776863348.588584,exp6_walk_away_from_camera_0p60_to_1p60,400_lux,walk_away_from_camera,1.600,,-1.0000,0,0,0,detected=False | in_zone=False | depth_valid=False | z=invalid | valid=0/0 | roi_mode=full,SAFE (z=invalid),0,0,0,0,[],0.0000,-1.00,-1.00,-1.00,-1.00,,3.34,10.01,3.34,3.34,10.87,1396.43
2026-04-22T16:09:08.688,1776863348.688564,exp6_walk_away_from_camera_0p60_to_1p60,400_lux,walk_away_from_camera,1.600,,-1.0000,0,0,0,detected=False | in_zone=False | depth_valid=False | z=invalid | valid=0/0 | roi_mode=full,SAFE (z=invalid),0,0,0,0,[],0.0000,-1.00,-1.00,-1.00,-1.00,,2.50,10.01,5.01,2.50,10.87,1396.43
2026-04-22T16:09:08.788,1776863348.788529,exp6_walk_away_from_camera_0p60_to_1p60,400_lux,walk_away_from_camera,1.600,,-1.0000,0,0,0,detected=False | in_zone=False | depth_valid=False | z=invalid | valid=0/0 | roi_mode=full,SAFE (z=invalid),0,0,0,0,[],0.0000,-1.00,-1.00,-1.00,-1.00,,4.00,10.01,4.00,4.00,4.58,1618.86
2026-04-22T16:09:08.896,1776863348.896209,exp6_walk_away_from_camera_0p60_to_1p60,400_lux,walk_away_from_camera,1.600,,-1.0000,0,0,0,detected=False | in_zone=False | depth_valid=False | z=invalid | valid=0/0 | roi_mode=full,SAFE (z=invalid),0,0,0,0,[],0.0000,-1.00,-1.00,-1.00,-1.00,,3.29,9.88,4.94,3.29,4.58,1618.86
2026-04-22T16:09:08.988,1776863348.988563,exp6_walk_away_from_camera_0p60_to_1p60,400_lux,walk_away_from_camera,1.600,,-1.0000,0,0,0,detected=False | in_zone=False | depth_valid=False | z=invalid | valid=0/0 | roi_mode=full,SAFE (z=invalid),0,0,0,0,[],0.0000,-1.00,-1.00,-1.00,-1.00,,4.29,10.01,5.72,4.29,268.27,1767.15
2026-04-22T16:09:09.088,1776863349.088702,exp6_walk_away_from_camera_0p60_to_1p60,400_lux,walk_away_from_camera,1.600,,-1.0000,0,0,0,detected=False | in_zone=False | depth_valid=False | z=invalid | valid=0/0 | roi_mode=full,SAFE (z=invalid),0,0,0,0,[],0.0000,-1.00,-1.00,-1.00,-1.00,,5.00,10.00,5.00,3.75,268.27,1767.15
2026-04-22T16:09:09.201,1776863349.201227,exp6_walk_away_from_camera_0p60_to_1p60,400_lux,walk_away_from_camera,1.600,,-1.0000,0,0,0,detected=False | in_zone=False | depth_valid=False | z=invalid | valid=0/0 | roi_mode=full,SAFE (z=invalid),0,0,0,0,[],0.0000,-1.00,-1.00,-1.00,-1.00,,5.48,9.87,5.48,4.38,11.78,1798.52
2026-04-22T16:09:09.288,1776863349.288607,exp6_walk_away_from_camera_0p60_to_1p60,400_lux,walk_away_from_camera,1.600,,-1.0000,0,0,0,detected=False | in_zone=False | depth_valid=False | z=invalid | valid=0/0 | roi_mode=full,SAFE (z=invalid),0,0,0,0,[],0.0000,-1.00,-1.00,-1.00,-1.00,,6.00,10.00,5.00,5.00,167.48,1484.59
2026-04-22T16:09:09.404,1776863349.404452,exp6_walk_away_from_camera_0p60_to_1p60,400_lux,walk_away_from_camera,1.600,,-1.0000,0,0,0,detected=False | in_zone=False | depth_valid=False | z=invalid | valid=0/0 | roi_mode=full,SAFE (z=invalid),0,0,0,0,[],0.0000,-1.00,-1.00,-1.00,-1.00,,6.28,9.86,5.38,4.48,167.48,1484.59
2026-04-22T16:09:09.488,1776863349.488473,exp6_walk_away_from_camera_0p60_to_1p60,400_lux,walk_away_from_camera,1.600,,-1.0000,0,0,0,detected=False | in_zone=False | depth_valid=False | z=invalid | valid=0/0 | roi_mode=full,SAFE (z=invalid),0,0,0,0,[],0.0000,-1.00,-1.00,-1.00,-1.00,,35.70,11.90,0.00,11.90,17.51,1552.73
2026-04-22T16:09:09.588,1776863349.588552,exp6_walk_away_from_camera_0p60_to_1p60,400_lux,walk_away_from_camera,1.600,,-1.0000,0,0,0,detected=False | in_zone=False | depth_valid=False | z=invalid | valid=0/0 | roi_mode=full,SAFE (z=invalid),0,0,0,0,[],0.0000,-1.00,-1.00,-1.00,-1.00,,27.16,10.86,5.43,10.86,7.36,1664.80
2026-04-22T16:09:09.689,1776863349.689055,exp6_walk_away_from_camera_0p60_to_1p60,400_lux,walk_away_from_camera,1.600,,-1.0000,0,0,0,detected=False | in_zone=False | depth_valid=False | z=invalid | valid=0/0 | roi_mode=full,SAFE (z=invalid),0,0,0,0,[],0.0000,-1.00,-1.00,-1.00,-1.00,,21.08,10.54,3.51,10.54,4.93,1348.01
2026-04-22T16:09:09.790,1776863349.789916,exp6_walk_away_from_camera_0p60_to_1p60,400_lux,walk_away_from_camera,1.600,,0.8936,1,1,1,detected=True | in_zone=True | depth_valid=True | z=0.89 m | valid=1292/5809 | roi_mode=full,SAFE (z=invalid),0,0,1,1,"[{""cx"":110.79,""cy"":477.62,""w"":220.23,""h"":946.73,""x1"":0,""y1"":1,""x2"":37,""y2"":158,""conf"":0.8946,""depth_m"":2.6775,""depth_valid"":true}]",0.8946,110.79,477.62,220.23,946.73,2.6775,20.75,10.38,5.19,10.38,7.03,1017.64
2026-04-22T16:09:09.888,1776863349.888920,exp6_walk_away_from_camera_0p60_to_1p60,400_lux,walk_away_from_camera,1.600,,0.8493,1,1,1,detected=True | in_zone=True | depth_valid=True | z=0.85 m | valid=392/5809 | roi_mode=full,WARNING (z=0.88m),1,1,1,1,"[{""cx"":110.79,""cy"":477.62,""w"":220.23,""h"":946.73,""x1"":0,""y1"":1,""x2"":37,""y2"":158,""conf"":0.8946,""depth_m"":2.6775,""depth_valid"":true}]",0.8946,110.79,477.62,220.23,946.73,2.6775,20.64,10.32,4.13,10.32,55.07,1065.68
2026-04-22T16:09:09.988,1776863349.988770,exp6_walk_away_from_camera_0p60_to_1p60,400_lux,walk_away_from_camera,1.600,,0.7995,1,1,1,detected=True | in_zone=True | depth_valid=True | z=0.80 m | valid=436/7065 | roi_mode=full,DANGEROUS (z=0.80m),2,1,1,1,"[{""cx"":135.32,""cy"":476.57,""w"":269.22,""h"":946.24,""x1"":0,""y1"":1,""x2"":45,""y2"":158,""conf"":0.8648,""depth_m"":2.5032,""depth_valid"":true}]",0.8648,135.32,476.57,269.22,946.24,2.5032,18.83,10.27,5.13,10.27,103.55,1197.77
2026-04-22T16:09:10.088,1776863350.088642,exp6_walk_away_from_camera_0p60_to_1p60,400_lux,walk_away_from_camera,1.600,,0.7773,1,1,1,detected=True | in_zone=True | depth_valid=True | z=0.78 m | valid=645/7065 | roi_mode=full,DANGEROUS (z=0.78m),2,1,1,1,"[{""cx"":135.32,""cy"":476.57,""w"":269.22,""h"":946.24,""x1"":0,""y1"":1,""x2"":45,""y2"":158,""conf"":0.8648,""depth_m"":2.5032,""depth_valid"":true}]",0.8648,135.32,476.57,269.22,946.24,2.5032,20.46,10.23,4.38,10.23,52.78,1238.66
2026-04-22T16:09:10.199,1776863350.199695,exp6_walk_away_from_camera_0p60_to_1p60,400_lux,walk_away_from_camera,1.600,,0.7400,1,1,1,detected=True | in_zone=True | depth_valid=True | z=0.74 m | valid=312/7065 | roi_mode=full,DANGEROUS (z=0.78m),2,0,1,1,"[{""cx"":147.82,""cy"":481.71,""w"":294.4,""h"":956.59,""x1"":0,""y1"":1,""x2"":49,""y2"":160,""conf"":0.885,""depth_m"":2.2995,""depth_valid"":true}]",0.8850,147.82,481.71,294.40,956.59,2.2995,18.86,10.06,5.03,8.80,52.78,1238.66
2026-04-22T16:09:10.288,1776863350.288507,exp6_walk_away_from_camera_0p60_to_1p60,400_lux,walk_away_from_camera,1.600,,0.7174,1,1,1,detected=True | in_zone=True | depth_valid=True | z=0.72 m | valid=510/7791 | roi_mode=full,DANGEROUS (z=0.72m),2,1,1,1,"[{""cx"":147.82,""cy"":481.71,""w"":294.4,""h"":956.59,""x1"":0,""y1"":1,""x2"":49,""y2"":160,""conf"":0.885,""depth_m"":2.2995,""depth_valid"":true}]",0.8850,147.82,481.71,294.40,956.59,2.2995,18.10,10.18,4.52,9.05,91.75,1334.43
2026-04-22T16:09:10.389,1776863350.389234,exp6_walk_away_from_camera_0p60_to_1p60,400_lux,walk_away_from_camera,1.600,,0.6989,1,1,1,detected=True | in_zone=True | depth_valid=True | z=0.70 m | valid=471/7791 | roi_mode=full,DANGEROUS (z=0.72m),2,0,1,1,"[{""cx"":165.52,""cy"":476.08,""w"":329.16,""h"":944.69,""x1"":0,""y1"":1,""x2"":55,""y2"":158,""conf"":0.9313,""depth_m"":2.0942,""depth_valid"":true}]",0.9313,165.52,476.08,329.16,944.69,2.0942,18.28,10.15,5.08,8.12,91.75,1334.43
2026-04-22T16:09:10.488,1776863350.488619,exp6_walk_away_from_camera_0p60_to_1p60,400_lux,walk_away_from_camera,1.600,,0.6983,1,1,1,detected=True | in_zone=True | depth_valid=True | z=0.70 m | valid=624/8635 | roi_mode=full,DANGEROUS (z=0.70m),2,1,1,1,"[{""cx"":165.52,""cy"":476.08,""w"":329.16,""h"":944.69,""x1"":0,""y1"":1,""x2"":55,""y2"":158,""conf"":0.9313,""depth_m"":2.0942,""depth_valid"":true}]",0.9313,165.52,476.08,329.16,944.69,2.0942,19.37,10.15,4.61,8.30,77.77,1279.15
2026-04-22T16:09:10.593,1776863350.593871,exp6_walk_away_from_camera_0p60_to_1p60,400_lux,walk_away_from_camera,1.600,,0.6990,1,1,1,detected=True | in_zone=True | depth_valid=True | z=0.70 m | valid=502/8635 | roi_mode=full,DANGEROUS (z=0.70m),2,0,1,1,"[{""cx"":133.49,""cy"":477.64,""w"":266.15,""h"":943.4,""x1"":0,""y1"":1,""x2"":45,""y2"":158,""conf"":0.6217,""depth_m"":2.0942,""depth_valid"":true}]",0.6217,133.49,477.64,266.15,943.40,2.0942,9.50,9.50,9.50,9.50,3.46,1399.01
2026-04-22T16:09:10.688,1776863350.688792,exp6_walk_away_from_camera_0p60_to_1p60,400_lux,walk_away_from_camera,1.600,,0.7053,1,1,1,detected=True | in_zone=True | depth_valid=True | z=0.71 m | valid=313/7065 | roi_mode=full,DANGEROUS (z=0.71m),2,1,1,1,"[{""cx"":133.49,""cy"":477.64,""w"":266.15,""h"":943.4,""x1"":0,""y1"":1,""x2"":45,""y2"":158,""conf"":0.6217,""depth_m"":2.0942,""depth_valid"":true}]",0.6217,133.49,477.64,266.15,943.40,2.0942,14.99,9.99,5.00,9.99,3.41,1368.27
2026-04-22T16:09:10.789,1776863350.789031,exp6_walk_away_from_camera_0p60_to_1p60,400_lux,walk_away_from_camera,1.600,,0.7393,1,1,1,detected=True | in_zone=True | depth_valid=True | z=0.74 m | valid=560/6864 | roi_mode=full,DANGEROUS (z=0.74m),2,1,1,1,"[{""cx"":133.21,""cy"":474.6,""w"":265.83,""h"":939.6,""x1"":0,""y1"":1,""x2"":44,""y2"":157,""conf"":0.6504,""depth_m"":2.2619,""depth_valid"":true}]",0.6504,133.21,474.60,265.83,939.60,2.2619,19.97,9.99,6.66,9.99,9.26,1387.15
2026-04-22T16:09:10.889,1776863350.889524,exp6_walk_away_from_camera_0p60_to_1p60,400_lux,walk_away_from_camera,1.600,,1.0993,1,1,1,detected=True | in_zone=True | depth_valid=True | z=1.10 m | valid=232/6864 | roi_mode=full,WARNING (z=1.10m),1,1,1,1,"[{""cx"":133.21,""cy"":474.6,""w"":265.83,""h"":939.6,""x1"":0,""y1"":1,""x2"":44,""y2"":157,""conf"":0.6504,""depth_m"":2.2619,""depth_valid"":true}]",0.6504,133.21,474.60,265.83,939.60,2.2619,17.46,9.98,4.99,9.98,83.05,1460.94
2026-04-22T16:09:10.989,1776863350.989099,exp6_walk_away_from_camera_0p60_to_1p60,400_lux,walk_away_from_camera,1.600,,1.4593,1,1,1,detected=True | in_zone=True | depth_valid=True | z=1.46 m | valid=279/6864 | roi_mode=full,WARNING (z=1.46m),1,1,1,1,"[{""cx"":154.32,""cy"":474.08,""w"":308.14,""h"":943.15,""x1"":0,""y1"":0,""x2"":52,""y2"":158,""conf"":0.8175,""depth_m"":2.1231,""depth_valid"":true}]",0.8175,154.32,474.08,308.14,943.15,2.1231,15.98,9.99,5.99,9.99,106.21,1554.47
2026-04-22T16:09:11.089,1776863351.089875,exp6_walk_away_from_camera_0p60_to_1p60,400_lux,walk_away_from_camera,1.600,,2.0169,1,1,1,detected=True | in_zone=True | depth_valid=True | z=2.02 m | valid=744/8216 | roi_mode=full,SAFE (z=1.82m),0,1,1,1,"[{""cx"":154.32,""cy"":474.08,""w"":308.14,""h"":943.15,""x1"":0,""y1"":0,""x2"":52,""y2"":158,""conf"":0.8175,""depth_m"":2.1231,""depth_valid"":true}]",0.8175,154.32,474.08,308.14,943.15,2.1231,16.63,9.98,4.99,9.98,5.45,1528.82
2026-04-22T16:09:11.202,1776863351.202339,exp6_walk_away_from_camera_0p60_to_1p60,400_lux,walk_away_from_camera,1.600,,1.2969,1,1,1,detected=True | in_zone=True | depth_valid=True | z=1.30 m | valid=6343/19080 | roi_mode=full,WARNING (z=1.30m),1,1,1,1,"[{""cx"":388.66,""cy"":477.07,""w"":717.82,""h"":948.74,""x1"":5,""y1"":0,""x2"":125,""y2"":159,""conf"":0.928,""depth_m"":1.7747,""depth_valid"":true}]",0.9280,388.66,477.07,717.82,948.74,1.7747,15.41,9.81,5.60,9.81,11.35,994.32
2026-04-22T16:09:11.288,1776863351.288527,exp6_walk_away_from_camera_0p60_to_1p60,400_lux,walk_away_from_camera,1.600,,0.5880,1,1,1,detected=True | in_zone=True | depth_valid=True | z=0.59 m | valid=6208/19080 | roi_mode=full,DANGEROUS (z=0.65m),2,1,1,1,"[{""cx"":388.66,""cy"":477.07,""w"":717.82,""h"":948.74,""x1"":5,""y1"":0,""x2"":125,""y2"":159,""conf"":0.928,""depth_m"":1.7747,""depth_valid"":true}]",0.9280,388.66,477.07,717.82,948.74,1.7747,16.25,10.00,5.00,10.00,8.74,1063.11
2026-04-22T16:09:11.404,1776863351.404096,exp6_walk_away_from_camera_0p60_to_1p60,400_lux,walk_away_from_camera,1.600,,0.5758,1,1,1,detected=True | in_zone=True | depth_valid=True | z=0.58 m | valid=7272/22720 | roi_mode=full,DANGEROUS (z=0.58m),2,1,1,1,"[{""cx"":426.72,""cy"":480.43,""w"":848.83,""h"":956.32,""x1"":0,""y1"":0,""x2"":142,""y2"":160,""conf"":0.9055,""depth_m"":1.7153,""depth_valid"":true}]",0.9055,426.72,480.43,848.83,956.32,1.7153,16.38,9.83,5.46,9.83,10.23,942.97
2026-04-22T16:09:11.489,1776863351.489051,exp6_walk_away_from_camera_0p60_to_1p60,400_lux,walk_away_from_camera,1.600,,0.5745,1,1,1,detected=True | in_zone=True | depth_valid=True | z=0.57 m | valid=6817/22720 | roi_mode=full,DANGEROUS (z=0.58m),2,0,1,1,"[{""cx"":426.72,""cy"":480.43,""w"":848.83,""h"":956.32,""x1"":0,""y1"":0,""x2"":142,""y2"":160,""conf"":0.9055,""depth_m"":1.7153,""depth_valid"":true}]",0.9055,426.72,480.43,848.83,956.32,1.7153,16.99,10.00,5.00,9.00,10.23,942.97
2026-04-22T16:09:11.588,1776863351.588813,exp6_walk_away_from_camera_0p60_to_1p60,400_lux,walk_away_from_camera,1.600,,0.5744,1,1,1,detected=True | in_zone=True | depth_valid=True | z=0.57 m | valid=6482/22720 | roi_mode=full,DANGEROUS (z=0.58m),2,0,1,1,"[{""cx"":440.52,""cy"":477.92,""w"":871.09,""h"":950.91,""x1"":1,""y1"":0,""x2"":146,""y2"":159,""conf"":0.8927,""depth_m"":1.7196,""depth_valid"":true}]",0.8927,440.52,477.92,871.09,950.91,1.7196,20.04,10.02,10.02,10.02,9.83,1071.93
2026-04-22T16:09:11.691,1776863351.691077,exp6_walk_away_from_camera_0p60_to_1p60,400_lux,walk_away_from_camera,1.600,,0.5712,1,1,1,detected=True | in_zone=True | depth_valid=True | z=0.57 m | valid=6407/23055 | roi_mode=full,DANGEROUS (z=0.57m),2,1,1,1,"[{""cx"":440.52,""cy"":477.92,""w"":871.09,""h"":950.91,""x1"":1,""y1"":0,""x2"":146,""y2"":159,""conf"":0.8927,""depth_m"":1.7196,""depth_valid"":true}]",0.8927,440.52,477.92,871.09,950.91,1.7196,19.80,9.90,4.95,9.90,5.27,1139.91
2026-04-22T16:09:11.788,1776863351.788462,exp6_walk_away_from_camera_0p60_to_1p60,400_lux,walk_away_from_camera,1.600,,0.5770,1,1,1,detected=True | in_zone=True | depth_valid=True | z=0.58 m | valid=5493/23055 | roi_mode=full,DANGEROUS (z=0.58m),2,1,1,1,"[{""cx"":440.52,""cy"":477.92,""w"":871.09,""h"":950.91,""x1"":1,""y1"":0,""x2"":146,""y2"":159,""conf"":0.8927,""depth_m"":1.7196,""depth_valid"":true}]",0.8927,440.52,477.92,871.09,950.91,1.7196,20.04,10.02,3.34,10.02,3.79,1279.48
2026-04-22T16:09:11.890,1776863351.890875,exp6_walk_away_from_camera_0p60_to_1p60,400_lux,walk_away_from_camera,1.600,,0.5726,1,1,1,detected=True | in_zone=True | depth_valid=True | z=0.57 m | valid=4516/23055 | roi_mode=full,DANGEROUS (z=0.58m),2,0,1,1,"[{""cx"":804.54,""cy"":478.13,""w"":919.37,""h"":956.04,""x1"":58,""y1"":0,""x2"":211,""y2"":159,""conf"":0.9122,""depth_m"":1.7347,""depth_valid"":true}]",0.9122,804.54,478.13,919.37,956.04,1.7347,17.42,9.95,4.98,7.47,3.79,1279.48
2026-04-22T16:09:12.009,1776863352.009656,exp6_walk_away_from_camera_0p60_to_1p60,400_lux,walk_away_from_camera,1.600,,0.5774,1,1,1,detected=True | in_zone=True | depth_valid=True | z=0.58 m | valid=8084/24327 | roi_mode=full,DANGEROUS (z=0.58m),2,0,1,1,"[{""cx"":804.54,""cy"":478.13,""w"":919.37,""h"":956.04,""x1"":58,""y1"":0,""x2"":211,""y2"":159,""conf"":0.9122,""depth_m"":1.7347,""depth_valid"":true}]",0.9122,804.54,478.13,919.37,956.04,1.7347,15.37,9.60,3.84,7.68,4.12,1025.58
2026-04-22T16:09:12.088,1776863352.088607,exp6_walk_away_from_camera_0p60_to_1p60,400_lux,walk_away_from_camera,1.600,,0.5686,1,1,1,detected=True | in_zone=True | depth_valid=True | z=0.57 m | valid=8234/24327 | roi_mode=full,DANGEROUS (z=0.57m),2,1,1,1,"[{""cx"":804.54,""cy"":478.13,""w"":919.37,""h"":956.04,""x1"":58,""y1"":0,""x2"":211,""y2"":159,""conf"":0.9122,""depth_m"":1.7347,""depth_valid"":true}]",0.9122,804.54,478.13,919.37,956.04,1.7347,18.35,10.01,3.34,8.34,5.29,1158.03
2026-04-22T16:09:12.188,1776863352.188583,exp6_walk_away_from_camera_0p60_to_1p60,400_lux,walk_away_from_camera,1.600,,0.5570,1,1,1,detected=True | in_zone=True | depth_valid=True | z=0.56 m | valid=7903/23532 | roi_mode=full,DANGEROUS (z=0.56m),2,1,1,1,"[{""cx"":824.96,""cy"":478.38,""w"":884.39,""h"":955.75,""x1"":64,""y1"":0,""x2"":212,""y2"":159,""conf"":0.9121,""depth_m"":1.6943,""depth_valid"":true}]",0.9121,824.96,478.38,884.39,955.75,1.6943,18.58,10.01,4.29,8.58,5.22,1241.93
2026-04-22T16:09:12.288,1776863352.288862,exp6_walk_away_from_camera_0p60_to_1p60,400_lux,walk_away_from_camera,1.600,,0.5624,1,1,1,detected=True | in_zone=True | depth_valid=True | z=0.56 m | valid=7554/23532 | roi_mode=full,DANGEROUS (z=0.56m),2,0,1,1,"[{""cx"":824.96,""cy"":478.38,""w"":884.39,""h"":955.75,""x1"":64,""y1"":0,""x2"":212,""y2"":159,""conf"":0.9121,""depth_m"":1.6943,""depth_valid"":true}]",0.9121,824.96,478.38,884.39,955.75,1.6943,18.75,10.00,3.75,8.75,101.46,1370.63
2026-04-22T16:09:12.388,1776863352.388628,exp6_walk_away_from_camera_0p60_to_1p60,400_lux,walk_away_from_camera,1.600,,0.5663,1,1,1,detected=True | in_zone=True | depth_valid=True | z=0.57 m | valid=7057/23532 | roi_mode=full,DANGEROUS (z=0.56m),2,0,1,1,"[{""cx"":831.96,""cy"":476.99,""w"":888.81,""h"":953.98,""x1"":65,""y1"":0,""x2"":213,""y2"":159,""conf"":0.8477,""depth_m"":1.6861,""depth_valid"":true}]",0.8477,831.96,476.99,888.81,953.98,1.6861,17.79,10.00,4.45,7.78,101.46,1370.63
2026-04-22T16:09:12.488,1776863352.488821,exp6_walk_away_from_camera_0p60_to_1p60,400_lux,walk_away_from_camera,1.600,,0.5638,1,1,1,detected=True | in_zone=True | depth_valid=True | z=0.56 m | valid=7515/23532 | roi_mode=full,DANGEROUS (z=0.56m),2,0,1,1,"[{""cx"":831.96,""cy"":476.99,""w"":888.81,""h"":953.98,""x1"":65,""y1"":0,""x2"":213,""y2"":159,""conf"":0.8477,""depth_m"":1.6861,""depth_valid"":true}]",0.8477,831.96,476.99,888.81,953.98,1.6861,18.00,10.00,4.00,8.00,75.63,1419.20
2026-04-22T16:09:12.592,1776863352.592509,exp6_walk_away_from_camera_0p60_to_1p60,400_lux,walk_away_from_camera,1.600,,0.5693,1,1,1,detected=True | in_zone=True | depth_valid=True | z=0.57 m | valid=7060/23532 | roi_mode=full,DANGEROUS (z=0.56m),2,0,1,1,"[{""cx"":805.95,""cy"":474.02,""w"":944.89,""h"":948.04,""x1"":56,""y1"":0,""x2"":214,""y2"":158,""conf"":0.9006,""depth_m"":1.7111,""depth_valid"":true}]",0.9006,805.95,474.02,944.89,948.04,1.7111,17.22,9.97,4.53,7.25,75.63,1419.20
2026-04-22T16:09:12.690,1776863352.690050,exp6_walk_away_from_camera_0p60_to_1p60,400_lux,walk_away_from_camera,1.600,,0.5709,1,1,1,detected=True | in_zone=True | depth_valid=True | z=0.57 m | valid=7539/24964 | roi_mode=full,DANGEROUS (z=0.57m),2,1,1,1,"[{""cx"":805.95,""cy"":474.02,""w"":944.89,""h"":948.04,""x1"":56,""y1"":0,""x2"":214,""y2"":158,""conf"":0.9006,""depth_m"":1.7111,""depth_valid"":true}]",0.9006,805.95,474.02,944.89,948.04,1.7111,30.76,10.25,0.00,10.25,13.34,1347.85
2026-04-22T16:09:12.788,1776863352.788560,exp6_walk_away_from_camera_0p60_to_1p60,400_lux,walk_away_from_camera,1.600,,0.5778,1,1,1,detected=True | in_zone=True | depth_valid=True | z=0.58 m | valid=8247/25917 | roi_mode=full,DANGEROUS (z=0.57m),2,0,1,1,"[{""cx"":774.9,""cy"":475.68,""w"":978.02,""h"":951.19,""x1"":48,""y1"":0,""x2"":211,""y2"":159,""conf"":0.9237,""depth_m"":1.7196,""depth_valid"":true}]",0.9237,774.90,475.68,978.02,951.19,1.7196,25.50,10.20,5.10,10.20,4.54,1461.78
2026-04-22T16:09:12.888,1776863352.888831,exp6_walk_away_from_camera_0p60_to_1p60,400_lux,walk_away_from_camera,1.600,,0.6146,1,1,1,detected=True | in_zone=True | depth_valid=True | z=0.61 m | valid=10021/25917 | roi_mode=full,DANGEROUS (z=0.59m),2,1,1,1,"[{""cx"":774.9,""cy"":475.68,""w"":978.02,""h"":951.19,""x1"":48,""y1"":0,""x2"":211,""y2"":159,""conf"":0.9237,""depth_m"":1.7196,""depth_valid"":true}]",0.9237,774.90,475.68,978.02,951.19,1.7196,27.00,10.12,3.37,10.12,5.12,1337.05
2026-04-22T16:09:12.988,1776863352.988644,exp6_walk_away_from_camera_0p60_to_1p60,400_lux,walk_away_from_camera,1.600,,0.6230,1,1,1,detected=True | in_zone=True | depth_valid=True | z=0.62 m | valid=10142/25122 | roi_mode=full,DANGEROUS (z=0.62m),2,1,1,1,"[{""cx"":764.17,""cy"":474.23,""w"":952.95,""h"":948.47,""x1"":48,""y1"":0,""x2"":207,""y2"":158,""conf"":0.9249,""depth_m"":1.8531,""depth_valid"":true}]",0.9249,764.17,474.23,952.95,948.47,1.8531,25.24,10.10,5.05,10.10,6.18,1175.29
2026-04-22T16:09:13.096,1776863353.096349,exp6_walk_away_from_camera_0p60_to_1p60,400_lux,walk_away_from_camera,1.600,,0.6243,1,1,1,detected=True | in_zone=True | depth_valid=True | z=0.62 m | valid=9561/25122 | roi_mode=full,DANGEROUS (z=0.62m),2,0,1,1,"[{""cx"":764.17,""cy"":474.23,""w"":952.95,""h"":948.47,""x1"":48,""y1"":0,""x2"":207,""y2"":158,""conf"":0.9249,""depth_m"":1.8531,""depth_valid"":true}]",0.9249,764.17,474.23,952.95,948.47,1.8531,21.83,9.92,3.97,7.94,6.18,1175.29
2026-04-22T16:09:13.188,1776863353.188471,exp6_walk_away_from_camera_0p60_to_1p60,400_lux,walk_away_from_camera,1.600,,0.6327,1,1,1,detected=True | in_zone=True | depth_valid=True | z=0.63 m | valid=8762/24490 | roi_mode=full,DANGEROUS (z=0.63m),2,1,1,1,"[{""cx"":790.28,""cy"":475.25,""w"":927.54,""h"":950.5,""x1"":55,""y1"":0,""x2"":210,""y2"":158,""conf"":0.9318,""depth_m"":1.8783,""depth_valid"":true}]",0.9318,790.28,475.25,927.54,950.50,1.8783,21.81,10.07,5.03,8.39,57.18,1303.54
2026-04-22T16:09:13.288,1776863353.288623,exp6_walk_away_from_camera_0p60_to_1p60,400_lux,walk_away_from_camera,1.600,,0.6420,1,1,1,detected=True | in_zone=True | depth_valid=True | z=0.64 m | valid=7840/23858 | roi_mode=full,DANGEROUS (z=0.64m),2,1,1,1,"[{""cx"":818.49,""cy"":475.14,""w"":904.66,""h"":950.29,""x1"":61,""y1"":0,""x2"":212,""y2"":158,""conf"":0.9242,""depth_m"":1.9093,""depth_valid"":true}]",0.9242,818.49,475.14,904.66,950.29,1.9093,21.55,10.06,5.75,8.62,5.66,1378.88
2026-04-22T16:09:13.404,1776863353.404585,exp6_walk_away_from_camera_0p60_to_1p60,400_lux,walk_away_from_camera,1.600,,0.6731,1,1,1,detected=True | in_zone=True | depth_valid=True | z=0.67 m | valid=9285/23858 | roi_mode=full,DANGEROUS (z=0.67m),2,1,1,1,"[{""cx"":818.49,""cy"":475.14,""w"":904.66,""h"":950.29,""x1"":61,""y1"":0,""x2"":212,""y2"":158,""conf"":0.9242,""depth_m"":1.9093,""depth_valid"":true}]",0.9242,818.49,475.14,904.66,950.29,1.9093,20.93,9.85,4.93,8.62,60.66,1315.77
2026-04-22T16:09:13.492,1776863353.492173,exp6_walk_away_from_camera_0p60_to_1p60,400_lux,walk_away_from_camera,1.600,,0.6832,1,1,1,detected=True | in_zone=True | depth_valid=True | z=0.68 m | valid=9985/23858 | roi_mode=full,DANGEROUS (z=0.67m),2,0,1,1,"[{""cx"":822.54,""cy"":475.63,""w"":903.07,""h"":951.15,""x1"":62,""y1"":0,""x2"":213,""y2"":159,""conf"":0.9309,""depth_m"":2.0538,""depth_valid"":true}]",0.9309,822.54,475.63,903.07,951.15,2.0538,20.01,10.00,5.56,7.78,60.66,1315.77
2026-04-22T16:09:13.600,1776863353.600966,exp6_walk_away_from_camera_0p60_to_1p60,400_lux,walk_away_from_camera,1.600,,0.7190,1,1,1,detected=True | in_zone=True | depth_valid=True | z=0.72 m | valid=10533/24009 | roi_mode=full,DANGEROUS (z=0.70m),2,1,1,1,"[{""cx"":822.54,""cy"":475.63,""w"":903.07,""h"":951.15,""x1"":62,""y1"":0,""x2"":213,""y2"":159,""conf"":0.9309,""depth_m"":2.0538,""depth_valid"":true}]",0.9309,822.54,475.63,903.07,951.15,2.0538,19.83,9.92,4.96,7.93,12.09,1366.23
2026-04-22T16:09:13.688,1776863353.688811,exp6_walk_away_from_camera_0p60_to_1p60,400_lux,walk_away_from_camera,1.600,,0.7509,1,1,1,detected=True | in_zone=True | depth_valid=True | z=0.75 m | valid=10572/24009 | roi_mode=full,DANGEROUS (z=0.74m),2,1,1,1,"[{""cx"":822.54,""cy"":475.63,""w"":903.07,""h"":951.15,""x1"":62,""y1"":0,""x2"":213,""y2"":159,""conf"":0.9309,""depth_m"":2.0538,""depth_valid"":true}]",0.9309,822.54,475.63,903.07,951.15,2.0538,22.77,11.39,0.00,11.39,15.64,1474.57
2026-04-22T16:09:13.788,1776863353.788525,exp6_walk_away_from_camera_0p60_to_1p60,400_lux,walk_away_from_camera,1.600,,0.8110,1,1,1,detected=True | in_zone=True | depth_valid=True | z=0.81 m | valid=10646/24168 | roi_mode=full,WARNING (z=0.81m),1,1,1,1,"[{""cx"":825.11,""cy"":475.65,""w"":908.24,""h"":951.29,""x1"":62,""y1"":0,""x2"":214,""y2"":159,""conf"":0.93,""depth_m"":2.2545,""depth_valid"":true}]",0.9300,825.11,475.65,908.24,951.29,2.2545,21.33,10.66,5.33,10.66,3.00,1595.36
2026-04-22T16:09:13.888,1776863353.888839,exp6_walk_away_from_camera_0p60_to_1p60,400_lux,walk_away_from_camera,1.600,,0.8199,1,1,1,detected=True | in_zone=True | depth_valid=True | z=0.82 m | valid=11300/24168 | roi_mode=full,WARNING (z=0.81m),1,0,1,1,"[{""cx"":825.43,""cy"":474.98,""w"":909.14,""h"":949.97,""x1"":62,""y1"":0,""x2"":214,""y2"":158,""conf"":0.9339,""depth_m"":2.4587,""depth_valid"":true}]",0.9339,825.43,474.98,909.14,949.97,2.4587,17.37,10.42,6.95,6.95,3.00,1595.36
2026-04-22T16:09:13.988,1776863353.988622,exp6_walk_away_from_camera_0p60_to_1p60,400_lux,walk_away_from_camera,1.600,,0.8393,1,1,1,detected=True | in_zone=True | depth_valid=True | z=0.84 m | valid=12524/24016 | roi_mode=full,WARNING (z=0.83m),1,1,1,1,"[{""cx"":825.43,""cy"":474.98,""w"":909.14,""h"":949.97,""x1"":62,""y1"":0,""x2"":214,""y2"":158,""conf"":0.9339,""depth_m"":2.4587,""depth_valid"":true}]",0.9339,825.43,474.98,909.14,949.97,2.4587,18.06,10.32,5.16,7.74,17.41,1700.60
2026-04-22T16:09:14.089,1776863354.089265,exp6_walk_away_from_camera_0p60_to_1p60,400_lux,walk_away_from_camera,1.600,,0.8507,1,1,1,detected=True | in_zone=True | depth_valid=True | z=0.85 m | valid=11962/24016 | roi_mode=full,WARNING (z=0.84m),1,1,1,1,"[{""cx"":824.15,""cy"":474.25,""w"":911.71,""h"":948.49,""x1"":62,""y1"":0,""x2"":214,""y2"":158,""conf"":0.9329,""depth_m"":2.526,""depth_valid"":true}]",0.9329,824.15,474.25,911.71,948.49,2.5260,18.43,10.24,6.14,8.19,11.81,1822.69
2026-04-22T16:09:14.200,1776863354.200101,exp6_walk_away_from_camera_0p60_to_1p60,400_lux,walk_away_from_camera,1.600,,0.8649,1,1,1,detected=True | in_zone=True | depth_valid=True | z=0.86 m | valid=12848/24016 | roi_mode=full,WARNING (z=0.84m),1,0,1,1,"[{""cx"":824.15,""cy"":474.25,""w"":911.71,""h"":948.49,""x1"":62,""y1"":0,""x2"":214,""y2"":158,""conf"":0.9329,""depth_m"":2.526,""depth_valid"":true}]",0.9329,824.15,474.25,911.71,948.49,2.5260,16.69,10.01,5.01,6.68,11.81,1822.69
2026-04-22T16:09:14.288,1776863354.288532,exp6_walk_away_from_camera_0p60_to_1p60,400_lux,walk_away_from_camera,1.600,,0.9216,1,1,1,detected=True | in_zone=True | depth_valid=True | z=0.92 m | valid=10603/24016 | roi_mode=full,WARNING (z=0.90m),1,1,1,1,"[{""cx"":824.59,""cy"":474.72,""w"":910.83,""h"":949.43,""x1"":62,""y1"":0,""x2"":214,""y2"":158,""conf"":0.9354,""depth_m"":2.752,""depth_valid"":true}]",0.9354,824.59,474.72,910.83,949.43,2.7520,17.45,10.18,5.82,7.27,15.61,1895.46
2026-04-22T16:09:14.388,1776863354.388688,exp6_walk_away_from_camera_0p60_to_1p60,400_lux,walk_away_from_camera,1.600,,0.9490,1,1,1,detected=True | in_zone=True | depth_valid=True | z=0.95 m | valid=9468/24016 | roi_mode=full,WARNING (z=0.95m),1,1,1,1,"[{""cx"":824.59,""cy"":474.72,""w"":910.83,""h"":949.43,""x1"":62,""y1"":0,""x2"":214,""y2"":158,""conf"":0.9354,""depth_m"":2.752,""depth_valid"":true}]",0.9354,824.59,474.72,910.83,949.43,2.7520,17.77,10.16,5.08,7.62,81.82,2018.29
2026-04-22T16:09:14.496,1776863354.496629,exp6_walk_away_from_camera_0p60_to_1p60,400_lux,walk_away_from_camera,1.600,,0.9596,1,1,1,detected=True | in_zone=True | depth_valid=True | z=0.96 m | valid=9056/24016 | roi_mode=full,WARNING (z=0.96m),1,1,1,1,"[{""cx"":824.91,""cy"":474.34,""w"":910.18,""h"":948.45,""x1"":62,""y1"":0,""x2"":214,""y2"":158,""conf"":0.9448,""depth_m"":2.825,""depth_valid"":true}]",0.9448,824.91,474.34,910.18,948.45,2.8250,16.75,10.05,5.58,7.82,19.96,2080.05
2026-04-22T16:09:14.588,1776863354.588580,exp6_walk_away_from_camera_0p60_to_1p60,400_lux,walk_away_from_camera,1.600,,1.0202,1,1,1,detected=True | in_zone=True | depth_valid=True | z=1.02 m | valid=9319/24016 | roi_mode=full,WARNING (z=1.02m),1,1,1,1,"[{""cx"":824.91,""cy"":474.34,""w"":910.18,""h"":948.45,""x1"":62,""y1"":0,""x2"":214,""y2"":158,""conf"":0.9448,""depth_m"":2.825,""depth_valid"":true}]",0.9448,824.91,474.34,910.18,948.45,2.8250,17.21,10.13,5.06,8.10,14.85,2193.50
2026-04-22T16:09:14.688,1776863354.688951,exp6_walk_away_from_camera_0p60_to_1p60,400_lux,walk_away_from_camera,1.600,,1.0514,1,1,1,detected=True | in_zone=True | depth_valid=True | z=1.05 m | valid=9183/24016 | roi_mode=full,WARNING (z=1.02m),1,0,1,1,"[{""cx"":844.55,""cy"":476.73,""w"":791.16,""h"":948.65,""x1"":75,""y1"":0,""x2"":207,""y2"":159,""conf"":0.9323,""depth_m"":2.9453,""depth_valid"":true}]",0.9323,844.55,476.73,791.16,948.65,2.9453,16.54,10.11,5.51,7.35,14.85,2193.50
2026-04-22T16:09:14.793,1776863354.793025,exp6_walk_away_from_camera_0p60_to_1p60,400_lux,walk_away_from_camera,1.600,,1.0860,1,1,1,detected=True | in_zone=True | depth_valid=True | z=1.09 m | valid=8606/20988 | roi_mode=full,WARNING (z=1.07m),1,1,1,1,"[{""cx"":844.55,""cy"":476.73,""w"":791.16,""h"":948.65,""x1"":75,""y1"":0,""x2"":207,""y2"":159,""conf"":0.9323,""depth_m"":2.9453,""depth_valid"":true}]",0.9323,844.55,476.73,791.16,948.65,2.9453,19.22,9.61,0.00,9.61,11.30,1852.39
2026-04-22T16:09:14.888,1776863354.888612,exp6_walk_away_from_camera_0p60_to_1p60,400_lux,walk_away_from_camera,1.600,,1.1229,1,1,1,detected=True | in_zone=True | depth_valid=True | z=1.12 m | valid=8945/20988 | roi_mode=full,WARNING (z=1.12m),1,1,1,0,"[{""cx"":824.26,""cy"":475.35,""w"":827.63,""h"":944.37,""x1"":69,""y1"":1,""x2"":207,""y2"":158,""conf"":0.865,""depth_m"":null,""depth_valid"":false}]",0.8650,824.26,475.35,827.63,944.37,,20.03,10.02,5.01,10.02,6.74,1971.04
2026-04-22T16:09:14.996,1776863354.996124,exp6_walk_away_from_camera_0p60_to_1p60,400_lux,walk_away_from_camera,1.600,,1.1389,1,1,1,detected=True | in_zone=True | depth_valid=True | z=1.14 m | valid=8913/21666 | roi_mode=full,WARNING (z=1.12m),1,0,1,0,"[{""cx"":824.26,""cy"":475.35,""w"":827.63,""h"":944.37,""x1"":69,""y1"":1,""x2"":207,""y2"":158,""conf"":0.865,""depth_m"":null,""depth_valid"":false}]",0.8650,824.26,475.35,827.63,944.37,,16.28,9.77,3.26,6.51,6.74,1971.04
2026-04-22T16:09:15.088,1776863355.088515,exp6_walk_away_from_camera_0p60_to_1p60,400_lux,walk_away_from_camera,1.600,,1.1719,1,1,1,detected=True | in_zone=True | depth_valid=True | z=1.17 m | valid=9219/22419 | roi_mode=full,WARNING (z=1.15m),1,1,1,0,"[{""cx"":724.78,""cy"":478.75,""w"":842.11,""h"":954.2,""x1"":51,""y1"":0,""x2"":192,""y2"":159,""conf"":0.927,""depth_m"":null,""depth_valid"":false}]",0.9270,724.78,478.75,842.11,954.20,,20.02,10.01,5.01,7.51,19.84,1678.42
2026-04-22T16:09:15.189,1776863355.189408,exp6_walk_away_from_camera_0p60_to_1p60,400_lux,walk_away_from_camera,1.600,,1.1976,1,1,1,detected=True | in_zone=True | depth_valid=True | z=1.20 m | valid=9101/22419 | roi_mode=full,WARNING (z=1.18m),1,1,1,0,"[{""cx"":724.78,""cy"":478.75,""w"":842.11,""h"":954.2,""x1"":51,""y1"":0,""x2"":192,""y2"":159,""conf"":0.927,""depth_m"":null,""depth_valid"":false}]",0.9270,724.78,478.75,842.11,954.20,,19.98,9.99,4.00,7.99,71.07,1551.32
2026-04-22T16:09:15.288,1776863355.288965,exp6_walk_away_from_camera_0p60_to_1p60,400_lux,walk_away_from_camera,1.600,,1.2193,1,1,1,detected=True | in_zone=True | depth_valid=True | z=1.22 m | valid=8723/21306 | roi_mode=full,WARNING (z=1.22m),1,1,1,0,"[{""cx"":678.73,""cy"":477.74,""w"":801.33,""h"":952.28,""x1"":46,""y1"":0,""x2"":180,""y2"":159,""conf"":0.9246,""depth_m"":null,""depth_valid"":false}]",0.9246,678.73,477.74,801.33,952.28,,20.00,10.00,5.00,8.33,3.52,1592.32
2026-04-22T16:09:15.389,1776863355.389286,exp6_walk_away_from_camera_0p60_to_1p60,400_lux,walk_away_from_camera,1.600,,1.2261,1,1,1,detected=True | in_zone=True | depth_valid=True | z=1.23 m | valid=8800/21306 | roi_mode=full,WARNING (z=1.22m),1,0,1,0,"[{""cx"":631.4,""cy"":476.06,""w"":706.26,""h"":951.17,""x1"":47,""y1"":0,""x2"":165,""y2"":159,""conf"":0.9081,""depth_m"":null,""depth_valid"":false}]",0.9081,631.40,476.06,706.26,951.17,,18.56,10.00,5.71,7.14,3.52,1592.32
2026-04-22T16:09:15.488,1776863355.488579,exp6_walk_away_from_camera_0p60_to_1p60,400_lux,walk_away_from_camera,1.600,,1.3130,1,1,1,detected=True | in_zone=True | depth_valid=True | z=1.31 m | valid=8799/18762 | roi_mode=full,WARNING (z=1.24m),1,1,1,0,"[{""cx"":631.4,""cy"":476.06,""w"":706.26,""h"":951.17,""x1"":47,""y1"":0,""x2"":165,""y2"":159,""conf"":0.9081,""depth_m"":null,""depth_valid"":false}]",0.9081,631.40,476.06,706.26,951.17,,20.01,10.00,5.00,7.50,18.44,1386.97
2026-04-22T16:09:15.602,1776863355.602262,exp6_walk_away_from_camera_0p60_to_1p60,400_lux,walk_away_from_camera,1.600,,1.3505,1,1,1,detected=True | in_zone=True | depth_valid=True | z=1.35 m | valid=8916/18762 | roi_mode=full,WARNING (z=1.34m),1,1,1,0,"[{""cx"":631.4,""cy"":476.06,""w"":706.26,""h"":951.17,""x1"":47,""y1"":0,""x2"":165,""y2"":159,""conf"":0.9081,""depth_m"":null,""depth_valid"":false}]",0.9081,631.40,476.06,706.26,951.17,,19.71,9.85,4.38,7.66,13.80,1513.36
2026-04-22T16:09:15.688,1776863355.688515,exp6_walk_away_from_camera_0p60_to_1p60,400_lux,walk_away_from_camera,1.600,,1.3885,1,1,1,detected=True | in_zone=True | depth_valid=True | z=1.39 m | valid=8737/18170 | roi_mode=full,WARNING (z=1.37m),1,1,1,0,"[{""cx"":637.92,""cy"":473.58,""w"":691.41,""h"":945.66,""x1"":49,""y1"":0,""x2"":164,""y2"":158,""conf"":0.817,""depth_m"":null,""depth_valid"":false}]",0.8170,637.92,473.58,691.41,945.66,,20.01,10.00,5.00,8.00,6.84,1545.38
2026-04-22T16:09:15.788,1776863355.788764,exp6_walk_away_from_camera_0p60_to_1p60,400_lux,walk_away_from_camera,1.600,,1.4235,1,1,1,detected=True | in_zone=True | depth_valid=True | z=1.42 m | valid=8593/18170 | roi_mode=full,WARNING (z=1.42m),1,1,1,0,"[{""cx"":650.4,""cy"":478.31,""w"":675.53,""h"":954.97,""x1"":52,""y1"":0,""x2"":165,""y2"":159,""conf"":0.8395,""depth_m"":null,""depth_valid"":false}]",0.8395,650.40,478.31,675.53,954.97,,20.00,10.00,5.46,8.18,4.50,1661.82
2026-04-22T16:09:15.888,1776863355.888574,exp6_walk_away_from_camera_0p60_to_1p60,400_lux,walk_away_from_camera,1.600,,1.4595,1,1,1,detected=True | in_zone=True | depth_valid=True | z=1.46 m | valid=8319/17967 | roi_mode=full,WARNING (z=1.42m),1,0,1,0,"[{""cx"":650.4,""cy"":478.31,""w"":675.53,""h"":954.97,""x1"":52,""y1"":0,""x2"":165,""y2"":159,""conf"":0.8395,""depth_m"":null,""depth_valid"":false}]",0.8395,650.40,478.31,675.53,954.97,,20.03,10.02,0.00,0.00,4.50,1661.82
2026-04-22T16:09:15.988,1776863355.988872,exp6_walk_away_from_camera_0p60_to_1p60,400_lux,walk_away_from_camera,1.600,,1.4941,1,1,1,detected=True | in_zone=True | depth_valid=True | z=1.49 m | valid=9064/17967 | roi_mode=full,WARNING (z=1.48m),1,1,1,0,"[{""cx"":719.06,""cy"":473.94,""w"":623.37,""h"":945.92,""x1"":68,""y1"":0,""x2"":172,""y2"":158,""conf"":0.9163,""depth_m"":null,""depth_valid"":false}]",0.9163,719.06,473.94,623.37,945.92,,19.99,9.99,5.00,5.00,8.34,1788.57
2026-04-22T16:09:16.089,1776863356.089144,exp6_walk_away_from_camera_0p60_to_1p60,400_lux,walk_away_from_camera,1.600,,1.5639,1,1,1,detected=True | in_zone=True | depth_valid=True | z=1.56 m | valid=9193/16432 | roi_mode=full,SAFE (z=1.50m),0,1,1,0,"[{""cx"":719.06,""cy"":473.94,""w"":623.37,""h"":945.92,""x1"":68,""y1"":0,""x2"":172,""y2"":158,""conf"":0.9163,""depth_m"":null,""depth_valid"":false}]",0.9163,719.06,473.94,623.37,945.92,,23.30,9.99,3.33,6.66,2.87,1604.81
2026-04-22T16:09:16.191,1776863356.191124,exp6_walk_away_from_camera_0p60_to_1p60,400_lux,walk_away_from_camera,1.600,,1.5975,1,1,1,detected=True | in_zone=True | depth_valid=True | z=1.60 m | valid=9325/16432 | roi_mode=full,SAFE (z=1.58m),0,1,1,0,"[{""cx"":751.11,""cy"":475.46,""w"":597.81,""h"":946.46,""x1"":76,""y1"":0,""x2"":176,""y2"":158,""conf"":0.9238,""depth_m"":null,""depth_valid"":false}]",0.9238,751.11,475.46,597.81,946.46,,22.37,9.94,4.97,7.46,9.22,1742.96
2026-04-22T16:09:16.288,1776863356.288489,exp6_walk_away_from_camera_0p60_to_1p60,400_lux,walk_away_from_camera,1.600,,1.6203,1,1,1,detected=True | in_zone=True | depth_valid=True | z=1.62 m | valid=9458/15800 | roi_mode=full,SAFE (z=1.62m),0,1,1,0,"[{""cx"":751.11,""cy"":475.46,""w"":597.81,""h"":946.46,""x1"":76,""y1"":0,""x2"":176,""y2"":158,""conf"":0.9238,""depth_m"":null,""depth_valid"":false}]",0.9238,751.11,475.46,597.81,946.46,,22.01,10.01,4.00,8.00,7.86,1791.89
2026-04-22T16:09:16.391,1776863356.391372,exp6_walk_away_from_camera_0p60_to_1p60,400_lux,walk_away_from_camera,1.600,,1.6434,1,1,1,detected=True | in_zone=True | depth_valid=True | z=1.64 m | valid=9504/15800 | roi_mode=full,SAFE (z=1.64m),0,1,1,0,"[{""cx"":786.74,""cy"":473.25,""w"":567.01,""h"":944.0,""x1"":84,""y1"":0,""x2"":179,""y2"":158,""conf"":0.9207,""depth_m"":null,""depth_valid"":false}]",0.9207,786.74,473.25,567.01,944.00,,21.57,9.96,4.98,8.30,15.95,1917.40
2026-04-22T16:09:16.488,1776863356.488348,exp6_walk_away_from_camera_0p60_to_1p60,400_lux,walk_away_from_camera,1.600,,1.6576,1,1,1,detected=True | in_zone=True | depth_valid=True | z=1.66 m | valid=9532/15010 | roi_mode=full,SAFE (z=1.66m),0,1,1,0,"[{""cx"":786.74,""cy"":473.25,""w"":567.01,""h"":944.0,""x1"":84,""y1"":0,""x2"":179,""y2"":158,""conf"":0.9207,""depth_m"":null,""depth_valid"":false}]",0.9207,786.74,473.25,567.01,944.00,,22.87,10.01,4.29,8.58,3.48,1939.48
2026-04-22T16:09:16.588,1776863356.588881,exp6_walk_away_from_camera_0p60_to_1p60,400_lux,walk_away_from_camera,1.600,,1.6635,1,1,1,detected=True | in_zone=True | depth_valid=True | z=1.66 m | valid=9316/15010 | roi_mode=full,SAFE (z=1.66m),0,0,1,0,"[{""cx"":786.74,""cy"":473.25,""w"":567.01,""h"":944.0,""x1"":84,""y1"":0,""x2"":179,""y2"":158,""conf"":0.9207,""depth_m"":null,""depth_valid"":false}]",0.9207,786.74,473.25,567.01,944.00,,21.25,10.00,3.75,7.50,3.48,1939.48
2026-04-22T16:09:16.688,1776863356.688672,exp6_walk_away_from_camera_0p60_to_1p60,400_lux,walk_away_from_camera,1.600,,1.6490,1,1,1,detected=True | in_zone=True | depth_valid=True | z=1.65 m | valid=8249/14378 | roi_mode=full,SAFE (z=1.66m),0,0,1,0,"[{""cx"":834.21,""cy"":475.03,""w"":547.42,""h"":944.24,""x1"":94,""y1"":0,""x2"":185,""y2"":158,""conf"":0.9349,""depth_m"":null,""depth_valid"":false}]",0.9349,834.21,475.03,547.42,944.24,,21.11,10.00,4.44,7.78,15.59,2046.87
2026-04-22T16:09:16.788,1776863356.788549,exp6_walk_away_from_camera_0p60_to_1p60,400_lux,walk_away_from_camera,1.600,,1.6368,1,1,1,detected=True | in_zone=True | depth_valid=True | z=1.64 m | valid=8054/14378 | roi_mode=full,SAFE (z=1.65m),0,1,1,0,"[{""cx"":834.21,""cy"":475.03,""w"":547.42,""h"":944.24,""x1"":94,""y1"":0,""x2"":185,""y2"":158,""conf"":0.9349,""depth_m"":null,""depth_valid"":false}]",0.9349,834.21,475.03,547.42,944.24,,21.00,10.00,4.00,8.00,46.48,1958.58
2026-04-22T16:09:16.890,1776863356.890218,exp6_walk_away_from_camera_0p60_to_1p60,400_lux,walk_away_from_camera,1.600,,1.6449,1,1,1,detected=True | in_zone=True | depth_valid=True | z=1.64 m | valid=8424/13833 | roi_mode=full,SAFE (z=1.64m),0,1,1,0,"[{""cx"":822.37,""cy"":478.25,""w"":520.33,""h"":952.16,""x1"":94,""y1"":0,""x2"":181,""y2"":159,""conf"":0.9415,""depth_m"":null,""depth_valid"":false}]",0.9415,822.37,478.25,520.33,952.16,,20.88,9.99,4.54,8.17,6.75,2067.85
2026-04-22T16:09:16.989,1776863356.989525,exp6_walk_away_from_camera_0p60_to_1p60,400_lux,walk_away_from_camera,1.600,,1.6472,1,1,1,detected=True | in_zone=True | depth_valid=True | z=1.65 m | valid=8265/13833 | roi_mode=full,SAFE (z=1.65m),0,1,1,0,"[{""cx"":822.37,""cy"":478.25,""w"":520.33,""h"":952.16,""x1"":94,""y1"":0,""x2"":181,""y2"":159,""conf"":0.9415,""depth_m"":null,""depth_valid"":false}]",0.9415,822.37,478.25,520.33,952.16,,30.21,10.07,0.00,10.07,3.56,1851.65
2026-04-22T16:09:17.088,1776863357.088931,exp6_walk_away_from_camera_0p60_to_1p60,400_lux,walk_away_from_camera,1.600,,1.6472,1,1,1,detected=True | in_zone=True | depth_valid=True | z=1.65 m | valid=8650/11840 | roi_mode=full,SAFE (z=1.65m),0,0,1,0,"[{""cx"":721.81,""cy"":480.52,""w"":443.17,""h"":958.96,""x1"":84,""y1"":0,""x2"":158,""y2"":160,""conf"":0.9339,""depth_m"":null,""depth_valid"":false}]",0.9339,721.81,480.52,443.17,958.96,,20.13,10.06,5.03,5.03,3.56,1851.65
2026-04-22T16:09:17.191,1776863357.191546,exp6_walk_away_from_camera_0p60_to_1p60,400_lux,walk_away_from_camera,1.600,,1.6420,1,1,1,detected=True | in_zone=True | depth_valid=True | z=1.64 m | valid=8730/11840 | roi_mode=full,SAFE (z=1.64m),0,1,1,0,"[{""cx"":697.16,""cy"":480.67,""w"":416.43,""h"":958.67,""x1"":82,""y1"":0,""x2"":151,""y2"":160,""conf"":0.95,""depth_m"":null,""depth_valid"":false}]",0.9500,697.16,480.67,416.43,958.67,,16.59,9.96,6.64,6.64,87.28,1541.84
2026-04-22T16:09:17.289,1776863357.289225,exp6_walk_away_from_camera_0p60_to_1p60,400_lux,walk_away_from_camera,1.600,,1.6310,1,1,1,detected=True | in_zone=True | depth_valid=True | z=1.63 m | valid=8326/11040 | roi_mode=full,SAFE (z=1.64m),0,0,1,0,"[{""cx"":697.16,""cy"":480.67,""w"":416.43,""h"":958.67,""x1"":82,""y1"":0,""x2"":151,""y2"":160,""conf"":0.95,""depth_m"":null,""depth_valid"":false}]",0.9500,697.16,480.67,416.43,958.67,,15.04,10.03,5.01,5.01,87.28,1541.84
2026-04-22T16:09:17.397,1776863357.397907,exp6_walk_away_from_camera_0p60_to_1p60,400_lux,walk_away_from_camera,1.600,,1.6344,1,1,1,detected=True | in_zone=True | depth_valid=True | z=1.63 m | valid=8483/11040 | roi_mode=full,SAFE (z=1.63m),0,1,1,0,"[{""cx"":696.92,""cy"":480.7,""w"":409.59,""h"":958.59,""x1"":82,""y1"":0,""x2"":151,""y2"":160,""conf"":0.956,""depth_m"":null,""depth_valid"":false}]",0.9560,696.92,480.70,409.59,958.59,,15.76,9.85,5.91,5.91,5.58,1620.25
2026-04-22T16:09:17.491,1776863357.491387,exp6_walk_away_from_camera_0p60_to_1p60,400_lux,walk_away_from_camera,1.600,,1.6402,1,1,1,detected=True | in_zone=True | depth_valid=True | z=1.64 m | valid=8741/11040 | roi_mode=full,SAFE (z=1.64m),0,1,1,0,"[{""cx"":696.92,""cy"":480.7,""w"":409.59,""h"":958.59,""x1"":82,""y1"":0,""x2"":151,""y2"":160,""conf"":0.956,""depth_m"":null,""depth_valid"":false}]",0.9560,696.92,480.70,409.59,958.59,,16.63,9.98,4.99,6.65,49.94,1750.11
2026-04-22T16:09:17.588,1776863357.588516,exp6_walk_away_from_camera_0p60_to_1p60,400_lux,walk_away_from_camera,1.600,,1.6360,1,1,1,detected=True | in_zone=True | depth_valid=True | z=1.64 m | valid=8552/11040 | roi_mode=full,SAFE (z=1.64m),0,0,1,0,"[{""cx"":678.85,""cy"":480.7,""w"":392.21,""h"":958.59,""x1"":81,""y1"":0,""x2"":146,""y2"":160,""conf"":0.9361,""depth_m"":null,""depth_valid"":false}]",0.9361,678.85,480.70,392.21,958.59,,15.75,10.02,5.73,5.73,49.94,1750.11
2026-04-22T16:09:17.706,1776863357.706926,exp6_walk_away_from_camera_0p60_to_1p60,400_lux,walk_away_from_camera,1.600,,1.6299,1,1,1,detected=True | in_zone=True | depth_valid=True | z=1.63 m | valid=8018/10400 | roi_mode=full,SAFE (z=1.63m),0,1,1,0,"[{""cx"":678.85,""cy"":480.7,""w"":392.21,""h"":958.59,""x1"":81,""y1"":0,""x2"":146,""y2"":160,""conf"":0.9361,""depth_m"":null,""depth_valid"":false}]",0.9361,678.85,480.70,392.21,958.59,,15.92,9.80,4.90,6.12,5.34,1551.23
2026-04-22T16:09:17.790,1776863357.790613,exp6_walk_away_from_camera_0p60_to_1p60,400_lux,walk_away_from_camera,1.600,,1.6344,1,1,1,detected=True | in_zone=True | depth_valid=True | z=1.63 m | valid=8311/10400 | roi_mode=full,SAFE (z=1.63m),0,0,1,0,"[{""cx"":701.3,""cy"":481.17,""w"":381.09,""h"":957.67,""x1"":85,""y1"":0,""x2"":149,""y2"":160,""conf"":0.9455,""depth_m"":null,""depth_valid"":false}]",0.9455,701.30,481.17,381.09,957.67,,15.55,10.00,5.55,6.66,26.78,1489.09
2026-04-22T16:09:17.888,1776863357.888618,exp6_walk_away_from_camera_0p60_to_1p60,400_lux,walk_away_from_camera,1.600,,1.6342,1,1,1,detected=True | in_zone=True | depth_valid=True | z=1.63 m | valid=8196/10240 | roi_mode=full,SAFE (z=1.63m),0,0,1,0,"[{""cx"":701.3,""cy"":481.17,""w"":381.09,""h"":957.67,""x1"":85,""y1"":0,""x2"":149,""y2"":160,""conf"":0.9455,""depth_m"":null,""depth_valid"":false}]",0.9455,701.30,481.17,381.09,957.67,,17.03,10.02,5.01,7.01,15.84,1603.81
2026-04-22T16:09:17.988,1776863357.988465,exp6_walk_away_from_camera_0p60_to_1p60,400_lux,walk_away_from_camera,1.600,,1.6289,1,1,1,detected=True | in_zone=True | depth_valid=True | z=1.63 m | valid=8120/10720 | roi_mode=full,SAFE (z=1.63m),0,0,1,0,"[{""cx"":744.45,""cy"":480.94,""w"":396.2,""h"":958.11,""x1"":91,""y1"":0,""x2"":158,""y2"":160,""conf"":0.9395,""depth_m"":null,""depth_valid"":false}]",0.9395,744.45,480.94,396.20,958.11,,18.21,10.02,5.46,7.28,40.35,1432.16
2026-04-22T16:09:18.090,1776863358.090475,exp6_walk_away_from_camera_0p60_to_1p60,400_lux,walk_away_from_camera,1.600,,1.6246,1,1,1,detected=True | in_zone=True | depth_valid=True | z=1.62 m | valid=7879/10720 | roi_mode=full,SAFE (z=1.63m),0,0,1,0,"[{""cx"":744.45,""cy"":480.94,""w"":396.2,""h"":958.11,""x1"":91,""y1"":0,""x2"":158,""y2"":160,""conf"":0.9395,""depth_m"":null,""depth_valid"":false}]",0.9395,744.45,480.94,396.20,958.11,,19.61,9.80,0.00,0.00,40.35,1432.16
2026-04-22T16:09:18.188,1776863358.188813,exp6_walk_away_from_camera_0p60_to_1p60,400_lux,walk_away_from_camera,1.600,,1.6342,1,1,1,detected=True | in_zone=True | depth_valid=True | z=1.63 m | valid=7939/10720 | roi_mode=full,SAFE (z=1.63m),0,0,1,0,"[{""cx"":693.04,""cy"":480.66,""w"":399.05,""h"":958.23,""x1"":83,""y1"":0,""x2"":149,""y2"":160,""conf"":0.8388,""depth_m"":null,""depth_valid"":false}]",0.8388,693.04,480.66,399.05,958.23,,19.97,9.98,4.99,4.99,4.35,1554.41
2026-04-22T16:09:18.288,1776863358.288654,exp6_walk_away_from_camera_0p60_to_1p60,400_lux,walk_away_from_camera,1.600,,1.6355,1,1,1,detected=True | in_zone=True | depth_valid=True | z=1.64 m | valid=8045/10560 | roi_mode=full,SAFE (z=1.64m),0,1,1,0,"[{""cx"":709.35,""cy"":480.99,""w"":372.44,""h"":957.71,""x1"":87,""y1"":0,""x2"":150,""y2"":160,""conf"":0.9452,""depth_m"":null,""depth_valid"":false}]",0.9452,709.35,480.99,372.44,957.71,,19.99,9.99,6.66,6.66,3.37,1181.65
2026-04-22T16:09:18.388,1776863358.388606,exp6_walk_away_from_camera_0p60_to_1p60,400_lux,walk_away_from_camera,1.600,,1.6356,1,1,1,detected=True | in_zone=True | depth_valid=True | z=1.64 m | valid=7938/10080 | roi_mode=full,SAFE (z=1.64m),0,0,1,0,"[{""cx"":709.35,""cy"":480.99,""w"":372.44,""h"":957.71,""x1"":87,""y1"":0,""x2"":150,""y2"":160,""conf"":0.9452,""depth_m"":null,""depth_valid"":false}]",0.9452,709.35,480.99,372.44,957.71,,17.49,10.00,5.00,5.00,3.37,1181.65
2026-04-22T16:09:18.488,1776863358.488526,exp6_walk_away_from_camera_0p60_to_1p60,400_lux,walk_away_from_camera,1.600,,1.6356,1,1,1,detected=True | in_zone=True | depth_valid=True | z=1.64 m | valid=8220/10080 | roi_mode=full,SAFE (z=1.64m),0,0,1,0,"[{""cx"":708.83,""cy"":480.56,""w"":371.6,""h"":956.81,""x1"":87,""y1"":0,""x2"":150,""y2"":160,""conf"":0.9443,""depth_m"":null,""depth_valid"":false}]",0.9443,708.83,480.56,371.60,956.81,,18.00,10.00,6.00,6.00,5.88,728.70
2026-04-22T16:09:18.599,1776863358.599434,exp6_walk_away_from_camera_0p60_to_1p60,400_lux,walk_away_from_camera,1.600,,1.6356,1,1,1,detected=True | in_zone=True | depth_valid=True | z=1.64 m | valid=8102/10080 | roi_mode=full,SAFE (z=1.64m),0,0,1,0,"[{""cx"":708.83,""cy"":480.56,""w"":371.6,""h"":956.81,""x1"":87,""y1"":0,""x2"":150,""y2"":160,""conf"":0.9443,""depth_m"":null,""depth_valid"":false}]",0.9443,708.83,480.56,371.60,956.81,,16.37,9.82,4.91,4.91,5.88,728.70
2026-04-22T16:09:18.693,1776863358.693573,exp6_walk_away_from_camera_0p60_to_1p60,400_lux,walk_away_from_camera,1.600,,1.6411,1,1,1,detected=True | in_zone=True | depth_valid=True | z=1.64 m | valid=8228/9920 | roi_mode=full,SAFE (z=1.64m),0,0,1,0,"[{""cx"":707.83,""cy"":480.58,""w"":371.35,""h"":956.64,""x1"":87,""y1"":0,""x2"":149,""y2"":160,""conf"":0.9447,""depth_m"":null,""depth_valid"":false}]",0.9447,707.83,480.58,371.35,956.64,,17.02,9.93,5.67,5.67,17.16,893.11
2026-04-22T16:09:18.788,1776863358.788668,exp6_walk_away_from_camera_0p60_to_1p60,400_lux,walk_away_from_camera,1.600,,1.6299,1,1,1,detected=True | in_zone=True | depth_valid=True | z=1.63 m | valid=8046/9920 | roi_mode=full,SAFE (z=1.63m),0,1,1,0,"[{""cx"":707.83,""cy"":480.58,""w"":371.35,""h"":956.64,""x1"":87,""y1"":0,""x2"":149,""y2"":160,""conf"":0.9447,""depth_m"":null,""depth_valid"":false}]",0.9447,707.83,480.58,371.35,956.64,,18.75,10.00,5.00,6.25,11.15,974.61
2026-04-22T16:09:18.888,1776863358.888421,exp6_walk_away_from_camera_0p60_to_1p60,400_lux,walk_away_from_camera,1.600,,1.6344,1,1,1,detected=True | in_zone=True | depth_valid=True | z=1.63 m | valid=8123/9920 | roi_mode=full,SAFE (z=1.63m),0,0,1,0,"[{""cx"":706.97,""cy"":480.71,""w"":371.09,""h"":956.73,""x1"":87,""y1"":0,""x2"":149,""y2"":160,""conf"":0.9444,""depth_m"":null,""depth_valid"":false}]",0.9444,706.97,480.71,371.09,956.73,,17.78,10.00,5.56,6.67,5.72,1056.78
2026-04-22T16:09:18.989,1776863358.989938,exp6_walk_away_from_camera_0p60_to_1p60,400_lux,walk_away_from_camera,1.600,,1.6356,1,1,1,detected=True | in_zone=True | depth_valid=True | z=1.64 m | valid=8189/9920 | roi_mode=full,SAFE (z=1.64m),0,1,1,0,"[{""cx"":706.97,""cy"":480.71,""w"":371.09,""h"":956.73,""x1"":87,""y1"":0,""x2"":149,""y2"":160,""conf"":0.9444,""depth_m"":null,""depth_valid"":false}]",0.9444,706.97,480.71,371.09,956.73,,18.97,9.99,4.99,6.99,51.14,1186.58
2026-04-22T16:09:19.088,1776863359.088463,exp6_walk_away_from_camera_0p60_to_1p60,400_lux,walk_away_from_camera,1.600,,1.6304,1,1,1,detected=True | in_zone=True | depth_valid=True | z=1.63 m | valid=8101/9920 | roi_mode=full,SAFE (z=1.63m),0,1,1,0,"[{""cx"":706.7,""cy"":480.84,""w"":371.82,""h"":956.86,""x1"":87,""y1"":0,""x2"":149,""y2"":160,""conf"":0.9433,""depth_m"":null,""depth_valid"":false}]",0.9433,706.70,480.84,371.82,956.86,,30.45,10.15,10.15,10.15,4.90,1247.87
2026-04-22T16:09:19.189,1776863359.189877,exp6_walk_away_from_camera_0p60_to_1p60,400_lux,walk_away_from_camera,1.600,,1.6344,1,1,1,detected=True | in_zone=True | depth_valid=True | z=1.63 m | valid=8246/9920 | roi_mode=full,SAFE (z=1.63m),0,0,1,0,"[{""cx"":706.7,""cy"":480.84,""w"":371.82,""h"":956.86,""x1"":87,""y1"":0,""x2"":149,""y2"":160,""conf"":0.9433,""depth_m"":null,""depth_valid"":false}]",0.9433,706.70,480.84,371.82,956.86,,25.01,10.00,5.00,5.00,4.90,1247.87
2026-04-22T16:09:19.294,1776863359.294536,exp6_walk_away_from_camera_0p60_to_1p60,400_lux,walk_away_from_camera,1.600,,1.6447,1,1,1,detected=True | in_zone=True | depth_valid=True | z=1.64 m | valid=8280/9920 | roi_mode=full,SAFE (z=1.64m),0,1,1,0,"[{""cx"":708.01,""cy"":480.55,""w"":369.7,""h"":955.91,""x1"":87,""y1"":0,""x2"":149,""y2"":160,""conf"":0.9408,""depth_m"":null,""depth_valid"":false}]",0.9408,708.01,480.55,369.70,955.91,,19.70,9.85,6.57,6.57,3.17,1287.89
2026-04-22T16:09:19.388,1776863359.388649,exp6_walk_away_from_camera_0p60_to_1p60,400_lux,walk_away_from_camera,1.600,,1.6470,1,1,1,detected=True | in_zone=True | depth_valid=True | z=1.65 m | valid=8479/9920 | roi_mode=full,SAFE (z=1.65m),0,1,1,0,"[{""cx"":708.01,""cy"":480.55,""w"":369.7,""h"":955.91,""x1"":87,""y1"":0,""x2"":149,""y2"":160,""conf"":0.9408,""depth_m"":null,""depth_valid"":false}]",0.9408,708.01,480.55,369.70,955.91,,22.57,10.03,5.02,7.52,66.05,1428.70
2026-04-22T16:09:19.498,1776863359.498290,exp6_walk_away_from_camera_0p60_to_1p60,400_lux,walk_away_from_camera,1.600,,1.6419,1,1,1,detected=True | in_zone=True | depth_valid=True | z=1.64 m | valid=8595/9920 | roi_mode=full,SAFE (z=1.65m),0,0,1,0,"[{""cx"":711.52,""cy"":480.78,""w"":369.88,""h"":956.99,""x1"":88,""y1"":0,""x2"":150,""y2"":160,""conf"":0.9225,""depth_m"":null,""depth_valid"":false}]",0.9225,711.52,480.78,369.88,956.99,,19.67,9.84,5.90,5.90,66.05,1428.70
2026-04-22T16:09:19.588,1776863359.588464,exp6_walk_away_from_camera_0p60_to_1p60,400_lux,walk_away_from_camera,1.600,,1.6196,1,1,1,detected=True | in_zone=True | depth_valid=True | z=1.62 m | valid=7999/9920 | roi_mode=full,SAFE (z=1.63m),0,1,1,0,"[{""cx"":711.52,""cy"":480.78,""w"":369.88,""h"":956.99,""x1"":88,""y1"":0,""x2"":150,""y2"":160,""conf"":0.9225,""depth_m"":null,""depth_valid"":false}]",0.9225,711.52,480.78,369.88,956.99,,21.72,10.02,5.01,6.68,13.89,1495.38
2026-04-22T16:09:19.688,1776863359.688949,exp6_walk_away_from_camera_0p60_to_1p60,400_lux,walk_away_from_camera,1.600,,1.5583,1,1,1,detected=True | in_zone=True | depth_valid=True | z=1.56 m | valid=6555/9920 | roi_mode=full,SAFE (z=1.60m),0,1,1,0,"[{""cx"":712.11,""cy"":481.34,""w"":368.42,""h"":957.32,""x1"":88,""y1"":0,""x2"":150,""y2"":160,""conf"":0.9324,""depth_m"":null,""depth_valid"":false}]",0.9324,712.11,481.34,368.42,957.32,,21.46,10.01,5.72,7.15,63.03,1545.59
2026-04-22T16:09:19.789,1776863359.788992,exp6_walk_away_from_camera_0p60_to_1p60,400_lux,walk_away_from_camera,1.600,,1.5487,1,1,1,detected=True | in_zone=True | depth_valid=True | z=1.55 m | valid=5911/9920 | roi_mode=full,SAFE (z=1.53m),0,1,1,0,"[{""cx"":712.11,""cy"":481.34,""w"":368.42,""h"":957.32,""x1"":88,""y1"":0,""x2"":150,""y2"":160,""conf"":0.9324,""depth_m"":null,""depth_valid"":false}]",0.9324,712.11,481.34,368.42,957.32,,21.28,10.01,5.01,7.51,4.34,1657.65
2026-04-22T16:09:19.890,1776863359.890344,exp6_walk_away_from_camera_0p60_to_1p60,400_lux,walk_away_from_camera,1.600,,1.5523,1,1,1,detected=True | in_zone=True | depth_valid=True | z=1.55 m | valid=5727/9920 | roi_mode=full,SAFE (z=1.55m),0,1,1,0,"[{""cx"":712.54,""cy"":480.86,""w"":374.17,""h"":956.36,""x1"":88,""y1"":0,""x2"":150,""y2"":160,""conf"":0.933,""depth_m"":null,""depth_valid"":false}]",0.9330,712.54,480.86,374.17,956.36,,19.99,10.00,5.55,7.77,100.94,1554.19
2026-04-22T16:09:19.988,1776863359.988627,exp6_walk_away_from_camera_0p60_to_1p60,400_lux,walk_away_from_camera,1.600,,1.4911,1,1,1,detected=True | in_zone=True | depth_valid=True | z=1.49 m | valid=4004/9920 | roi_mode=full,WARNING (z=1.49m),1,1,1,0,"[{""cx"":712.54,""cy"":480.86,""w"":374.17,""h"":956.36,""x1"":88,""y1"":0,""x2"":150,""y2"":160,""conf"":0.933,""depth_m"":null,""depth_valid"":false}]",0.9330,712.54,480.86,374.17,956.36,,20.03,10.01,5.01,8.01,15.55,1639.61
2026-04-22T16:09:20.088,1776863360.088549,exp6_walk_away_from_camera_0p60_to_1p60,400_lux,walk_away_from_camera,1.600,,1.9872,1,1,1,detected=True | in_zone=True | depth_valid=True | z=1.99 m | valid=2764/10560 | roi_mode=full,SAFE (z=1.85m),0,1,1,0,"[{""cx"":724.41,""cy"":480.35,""w"":399.16,""h"":956.35,""x1"":88,""y1"":0,""x2"":154,""y2"":160,""conf"":0.9394,""depth_m"":null,""depth_valid"":false}]",0.9394,724.41,480.35,399.16,956.35,,20.03,10.01,5.46,8.19,4.23,908.82
2026-04-22T16:09:20.188,1776863360.188532,exp6_walk_away_from_camera_0p60_to_1p60,400_lux,walk_away_from_camera,1.600,,2.0144,1,1,1,detected=True | in_zone=True | depth_valid=True | z=2.01 m | valid=2922/10560 | roi_mode=full,SAFE (z=2.01m),0,1,1,0,"[{""cx"":719.18,""cy"":481.22,""w"":409.15,""h"":957.56,""x1"":86,""y1"":0,""x2"":154,""y2"":160,""conf"":0.9413,""depth_m"":null,""depth_valid"":false}]",0.9413,719.18,481.22,409.15,957.56,,10.00,10.00,10.00,10.00,5.71,1024.00
2026-04-22T16:09:20.289,1776863360.289240,exp6_walk_away_from_camera_0p60_to_1p60,400_lux,walk_away_from_camera,1.600,,2.0048,1,1,1,detected=True | in_zone=True | depth_valid=True | z=2.01 m | valid=2922/10560 | roi_mode=full,SAFE (z=2.01m),0,0,1,0,"[{""cx"":698.6,""cy"":480.97,""w"":422.96,""h"":958.05,""x1"":81,""y1"":0,""x2"":152,""y2"":160,""conf"":0.9347,""depth_m"":null,""depth_valid"":false}]",0.9347,698.60,480.97,422.96,958.05,,9.97,9.97,9.97,4.98,5.71,1024.00
2026-04-22T16:09:20.388,1776863360.388611,exp6_walk_away_from_camera_0p60_to_1p60,400_lux,walk_away_from_camera,1.600,,2.0107,1,1,1,detected=True | in_zone=True | depth_valid=True | z=2.01 m | valid=3384/11360 | roi_mode=full,SAFE (z=2.00m),0,1,1,0,"[{""cx"":698.6,""cy"":480.97,""w"":422.96,""h"":958.05,""x1"":81,""y1"":0,""x2"":152,""y2"":160,""conf"":0.9347,""depth_m"":null,""depth_valid"":false}]",0.9347,698.60,480.97,422.96,958.05,,13.33,10.00,6.67,6.67,4.13,901.48
2026-04-22T16:09:20.488,1776863360.488448,exp6_walk_away_from_camera_0p60_to_1p60,400_lux,walk_away_from_camera,1.600,,2.0038,1,1,1,detected=True | in_zone=True | depth_valid=True | z=2.00 m | valid=3196/11360 | roi_mode=full,SAFE (z=2.00m),0,0,1,0,"[{""cx"":681.94,""cy"":480.98,""w"":435.52,""h"":958.03,""x1"":78,""y1"":0,""x2"":150,""y2"":160,""conf"":0.9354,""depth_m"":null,""depth_valid"":false}]",0.9354,681.94,480.98,435.52,958.03,,15.00,10.00,7.50,7.50,8.07,1038.07
2026-04-22T16:09:20.588,1776863360.588554,exp6_walk_away_from_camera_0p60_to_1p60,400_lux,walk_away_from_camera,1.600,,1.9952,1,1,1,detected=True | in_zone=True | depth_valid=True | z=2.00 m | valid=3298/11520 | roi_mode=full,SAFE (z=2.00m),0,0,1,0,"[{""cx"":681.94,""cy"":480.98,""w"":435.52,""h"":958.03,""x1"":78,""y1"":0,""x2"":150,""y2"":160,""conf"":0.9354,""depth_m"":null,""depth_valid"":false}]",0.9354,681.94,480.98,435.52,958.03,,16.00,10.00,6.00,8.00,4.58,1155.50
2026-04-22T16:09:20.688,1776863360.688558,exp6_walk_away_from_camera_0p60_to_1p60,400_lux,walk_away_from_camera,1.600,,1.9874,1,1,1,detected=True | in_zone=True | depth_valid=True | z=1.99 m | valid=3338/12320 | roi_mode=full,SAFE (z=2.00m),0,0,1,0,"[{""cx"":637.54,""cy"":481.18,""w"":459.11,""h"":957.64,""x1"":68,""y1"":0,""x2"":145,""y2"":160,""conf"":0.9183,""depth_m"":null,""depth_valid"":false}]",0.9183,637.54,481.18,459.11,957.64,,16.67,10.00,6.67,6.67,4.58,1155.50
2026-04-22T16:09:20.794,1776863360.794785,exp6_walk_away_from_camera_0p60_to_1p60,400_lux,walk_away_from_camera,1.600,,1.9948,1,1,1,detected=True | in_zone=True | depth_valid=True | z=1.99 m | valid=3540/12320 | roi_mode=full,SAFE (z=1.99m),0,1,1,0,"[{""cx"":637.54,""cy"":481.18,""w"":459.11,""h"":957.64,""x1"":68,""y1"":0,""x2"":145,""y2"":160,""conf"":0.9183,""depth_m"":null,""depth_valid"":false}]",0.9183,637.54,481.18,459.11,957.64,,16.99,9.91,5.66,7.08,54.22,1161.11
2026-04-22T16:09:20.888,1776863360.888533,exp6_walk_away_from_camera_0p60_to_1p60,400_lux,walk_away_from_camera,1.600,,1.9936,1,1,1,detected=True | in_zone=True | depth_valid=True | z=1.99 m | valid=3721/13280 | roi_mode=full,SAFE (z=1.99m),0,0,1,0,"[{""cx"":605.65,""cy"":481.05,""w"":496.03,""h"":957.9,""x1"":60,""y1"":0,""x2"":143,""y2"":160,""conf"":0.9077,""depth_m"":null,""depth_valid"":false}]",0.9077,605.65,481.05,496.03,957.90,,18.75,10.00,6.25,7.50,10.05,1243.97
2026-04-22T16:09:21.001,1776863361.001905,exp6_walk_away_from_camera_0p60_to_1p60,400_lux,walk_away_from_camera,1.600,,1.9935,1,1,1,detected=True | in_zone=True | depth_valid=True | z=1.99 m | valid=3571/13280 | roi_mode=full,SAFE (z=1.99m),0,0,1,0,"[{""cx"":605.65,""cy"":481.05,""w"":496.03,""h"":957.9,""x1"":60,""y1"":0,""x2"":143,""y2"":160,""conf"":0.9077,""depth_m"":null,""depth_valid"":false}]",0.9077,605.65,481.05,496.03,957.90,,18.61,9.85,5.47,7.66,45.55,1363.48
2026-04-22T16:09:21.088,1776863361.088549,exp6_walk_away_from_camera_0p60_to_1p60,400_lux,walk_away_from_camera,1.600,,1.9935,1,1,1,detected=True | in_zone=True | depth_valid=True | z=1.99 m | valid=3355/12084 | roi_mode=full,SAFE (z=1.99m),0,0,1,0,"[{""cx"":610.0,""cy"":478.9,""w"":459.47,""h"":955.11,""x1"":64,""y1"":0,""x2"":140,""y2"":159,""conf"":0.9307,""depth_m"":null,""depth_valid"":false}]",0.9307,610.00,478.90,459.47,955.11,,19.00,10.00,6.00,8.00,13.99,1400.00
2026-04-22T16:09:21.190,1776863361.190557,exp6_walk_away_from_camera_0p60_to_1p60,400_lux,walk_away_from_camera,1.600,,1.9935,1,1,1,detected=True | in_zone=True | depth_valid=True | z=1.99 m | valid=3355/12084 | roi_mode=full,SAFE (z=1.99m),0,0,1,0,"[{""cx"":541.63,""cy"":475.88,""w"":534.29,""h"":943.1,""x1"":46,""y1"":1,""x2"":135,""y2"":158,""conf"":0.9201,""depth_m"":null,""depth_valid"":false}]",0.9201,541.63,475.88,534.29,943.10,,0.00,9.81,9.81,0.00,13.99,1400.00
2026-04-22T16:09:21.289,1776863361.288987,exp6_walk_away_from_camera_0p60_to_1p60,400_lux,walk_away_from_camera,1.600,,1.9950,1,1,1,detected=True | in_zone=True | depth_valid=True | z=2.00 m | valid=3500/13973 | roi_mode=full,SAFE (z=1.99m),0,0,1,0,"[{""cx"":233.79,""cy"":477.03,""w"":438.81,""h"":947.22,""x1"":2,""y1"":1,""x2"":76,""y2"":158,""conf"":0.9352,""depth_m"":null,""depth_valid"":false}]",0.9352,233.79,477.03,438.81,947.22,,9.98,9.98,9.98,4.99,6.74,1297.41
2026-04-22T16:09:21.400,1776863361.400424,exp6_walk_away_from_camera_0p60_to_1p60,400_lux,walk_away_from_camera,1.600,,2.0620,1,1,1,detected=True | in_zone=True | depth_valid=True | z=2.06 m | valid=1447/11618 | roi_mode=full,SAFE (z=2.04m),0,1,1,0,"[{""cx"":233.79,""cy"":477.03,""w"":438.81,""h"":947.22,""x1"":2,""y1"":1,""x2"":76,""y2"":158,""conf"":0.9352,""depth_m"":null,""depth_valid"":false}]",0.9352,233.79,477.03,438.81,947.22,,12.83,9.62,6.41,6.41,12.07,993.46
2026-04-22T16:09:21.489,1776863361.489122,exp6_walk_away_from_camera_0p60_to_1p60,400_lux,walk_away_from_camera,1.600,,2.0244,1,1,1,detected=True | in_zone=True | depth_valid=True | z=2.02 m | valid=1402/11618 | roi_mode=full,SAFE (z=2.03m),0,1,1,0,"[{""cx"":233.79,""cy"":477.03,""w"":438.81,""h"":947.22,""x1"":2,""y1"":1,""x2"":76,""y2"":158,""conf"":0.9352,""depth_m"":null,""depth_valid"":false}]",0.9352,233.79,477.03,438.81,947.22,,17.48,9.99,4.99,7.49,61.79,1095.11
2026-04-22T16:09:21.588,1776863361.588621,exp6_walk_away_from_camera_0p60_to_1p60,400_lux,walk_away_from_camera,1.600,,2.0242,1,1,1,detected=True | in_zone=True | depth_valid=True | z=2.02 m | valid=1451/12008 | roi_mode=full,SAFE (z=2.05m),0,1,1,0,"[{""cx"":227.43,""cy"":479.37,""w"":454.01,""h"":946.88,""x1"":0,""y1"":1,""x2"":76,""y2"":159,""conf"":0.9106,""depth_m"":null,""depth_valid"":false}]",0.9106,227.43,479.37,454.01,946.88,,18.00,10.00,6.00,8.00,6.87,1087.67
2026-04-22T16:09:21.690,1776863361.689997,exp6_walk_away_from_camera_0p60_to_1p60,400_lux,walk_away_from_camera,1.600,,2.0289,1,1,1,detected=True | in_zone=True | depth_valid=True | z=2.03 m | valid=1496/12008 | roi_mode=full,SAFE (z=2.03m),0,1,0,0,[],0.0000,-1.00,-1.00,-1.00,-1.00,,16.63,9.98,6.65,8.31,93.82,1218.35
2026-04-22T16:09:21.789,1776863361.788983,exp6_walk_away_from_camera_0p60_to_1p60,400_lux,walk_away_from_camera,1.600,,2.0289,0,1,0,detected=False | in_zone=False | depth_valid=True | z=2.03 m | valid=0/0 | roi_mode=full,SAFE (z=2.03m),0,0,0,0,[],0.0000,-1.00,-1.00,-1.00,-1.00,,15.70,9.99,5.71,7.14,93.82,1218.35
2026-04-22T16:09:21.889,1776863361.889212,exp6_walk_away_from_camera_0p60_to_1p60,400_lux,walk_away_from_camera,1.600,,2.0289,0,1,0,detected=False | in_zone=False | depth_valid=True | z=2.03 m | valid=0/0 | roi_mode=full,SAFE (z=2.03m),0,0,0,0,[],0.0000,-1.00,-1.00,-1.00,-1.00,,16.24,9.99,6.24,7.49,13.44,1232.75
2026-04-22T16:09:21.994,1776863361.994957,exp6_walk_away_from_camera_0p60_to_1p60,400_lux,walk_away_from_camera,1.600,,-1.0000,0,0,0,detected=False | in_zone=False | depth_valid=False | z=invalid | valid=0/0 | roi_mode=full,SAFE (z=2.03m),0,0,0,0,[],0.0000,-1.00,-1.00,-1.00,-1.00,,16.55,9.93,5.52,7.72,13.11,1238.84
2026-04-22T16:09:22.089,1776863362.089636,exp6_walk_away_from_camera_0p60_to_1p60,400_lux,walk_away_from_camera,1.600,,-1.0000,0,0,0,detected=False | in_zone=False | depth_valid=False | z=invalid | valid=0/0 | roi_mode=full,SAFE (z=invalid),0,1,0,0,[],0.0000,-1.00,-1.00,-1.00,-1.00,,17.98,9.99,5.99,7.99,4.30,1343.37
2026-04-22T16:09:22.188,1776863362.188603,exp6_walk_away_from_camera_0p60_to_1p60,400_lux,walk_away_from_camera,1.600,,-1.0000,0,0,0,detected=False | in_zone=False | depth_valid=False | z=invalid | valid=0/0 | roi_mode=full,SAFE (z=invalid),0,0,0,0,[],0.0000,-1.00,-1.00,-1.00,-1.00,,20.21,10.11,0.00,10.11,5.10,1387.74
2026-04-22T16:09:22.293,1776863362.293576,exp6_walk_away_from_camera_0p60_to_1p60,400_lux,walk_away_from_camera,1.600,,-1.0000,0,0,0,detected=False | in_zone=False | depth_valid=False | z=invalid | valid=0/0 | roi_mode=full,SAFE (z=invalid),0,0,0,0,[],0.0000,-1.00,-1.00,-1.00,-1.00,,14.71,9.81,4.90,4.90,5.10,1387.74
2026-04-22T16:09:22.391,1776863362.390985,exp6_walk_away_from_camera_0p60_to_1p60,400_lux,walk_away_from_camera,1.600,,-1.0000,0,0,0,detected=False | in_zone=False | depth_valid=False | z=invalid | valid=0/0 | roi_mode=full,SAFE (z=invalid),0,0,0,0,[],0.0000,-1.00,-1.00,-1.00,-1.00,,19.91,9.96,3.32,6.64,10.50,1328.78
2026-04-22T16:09:22.499,1776863362.499097,exp6_walk_away_from_camera_0p60_to_1p60,400_lux,walk_away_from_camera,1.600,,-1.0000,0,0,0,detected=False | in_zone=False | depth_valid=False | z=invalid | valid=0/0 | roi_mode=full,SAFE (z=invalid),0,0,0,0,[],0.0000,-1.00,-1.00,-1.00,-1.00,,17.10,9.77,4.88,7.33,68.30,1235.66
2026-04-22T16:09:22.588,1776863362.588407,exp6_walk_away_from_camera_0p60_to_1p60,400_lux,walk_away_from_camera,1.600,,-1.0000,0,0,0,detected=False | in_zone=False | depth_valid=False | z=invalid | valid=0/0 | roi_mode=full,SAFE (z=invalid),0,0,0,0,[],0.0000,-1.00,-1.00,-1.00,-1.00,,20.05,10.02,4.01,6.01,68.30,1235.66
2026-04-22T16:09:22.690,1776863362.690220,exp6_walk_away_from_camera_0p60_to_1p60,400_lux,walk_away_from_camera,1.600,,-1.0000,0,0,0,detected=False | in_zone=False | depth_valid=False | z=invalid | valid=0/0 | roi_mode=full,SAFE (z=invalid),0,0,0,0,[],0.0000,-1.00,-1.00,-1.00,-1.00,,18.32,9.99,5.00,6.66,14.86,1384.04
2026-04-22T16:09:22.788,1776863362.788760,exp6_walk_away_from_camera_0p60_to_1p60,400_lux,walk_away_from_camera,1.600,,-1.0000,0,0,0,detected=False | in_zone=False | depth_valid=False | z=invalid | valid=0/0 | roi_mode=full,SAFE (z=invalid),0,0,0,0,[],0.0000,-1.00,-1.00,-1.00,-1.00,,18.59,10.01,4.29,7.15,2.71,1367.22
2026-04-22T16:09:22.888,1776863362.888472,exp6_walk_away_from_camera_0p60_to_1p60,400_lux,walk_away_from_camera,1.600,,-1.0000,0,0,0,detected=False | in_zone=False | depth_valid=False | z=invalid | valid=0/0 | roi_mode=full,SAFE (z=invalid),0,0,0,0,[],0.0000,-1.00,-1.00,-1.00,-1.00,,17.53,10.01,5.01,6.26,2.71,1367.22
2026-04-22T16:09:22.989,1776863362.989458,exp6_walk_away_from_camera_0p60_to_1p60,400_lux,walk_away_from_camera,1.600,,-1.0000,0,0,0,detected=False | in_zone=False | depth_valid=False | z=invalid | valid=0/0 | roi_mode=full,SAFE (z=invalid),0,0,0,0,[],0.0000,-1.00,-1.00,-1.00,-1.00,,17.78,10.00,4.45,6.67,4.68,1273.23
2026-04-22T16:09:23.093,1776863363.093570,exp6_walk_away_from_camera_0p60_to_1p60,400_lux,walk_away_from_camera,1.600,,-1.0000,0,0,0,detected=False | in_zone=False | depth_valid=False | z=invalid | valid=0/0 | roi_mode=full,SAFE (z=invalid),0,0,0,0,[],0.0000,-1.00,-1.00,-1.00,-1.00,,17.93,9.96,4.98,6.97,2.64,1382.91
2026-04-22T16:09:23.188,1776863363.188709,exp6_walk_away_from_camera_0p60_to_1p60,400_lux,walk_away_from_camera,1.600,,-1.0000,0,0,0,detected=False | in_zone=False | depth_valid=False | z=invalid | valid=0/0 | roi_mode=full,SAFE (z=invalid),0,0,0,0,[],0.0000,-1.00,-1.00,-1.00,-1.00,,0.00,10.51,0.00,0.00,2.64,1382.91
2026-04-22T16:09:23.288,1776863363.288740,exp6_walk_away_from_camera_0p60_to_1p60,400_lux,walk_away_from_camera,1.600,,-1.0000,0,0,0,detected=False | in_zone=False | depth_valid=False | z=invalid | valid=0/0 | roi_mode=full,SAFE (z=invalid),0,0,0,0,[],0.0000,-1.00,-1.00,-1.00,-1.00,,10.25,10.25,0.00,5.12,2.47,1335.26
2026-04-22T16:09:23.388,1776863363.388850,exp6_walk_away_from_camera_0p60_to_1p60,400_lux,walk_away_from_camera,1.600,,-1.0000,0,0,0,detected=False | in_zone=False | depth_valid=False | z=invalid | valid=0/0 | roi_mode=full,SAFE (z=invalid),0,0,0,0,[],0.0000,-1.00,-1.00,-1.00,-1.00,,10.16,10.16,3.39,3.39,2.47,1335.26
2026-04-22T16:09:23.488,1776863363.488550,exp6_walk_away_from_camera_0p60_to_1p60,400_lux,walk_away_from_camera,1.600,,-1.0000,0,0,0,detected=False | in_zone=False | depth_valid=False | z=invalid | valid=0/0 | roi_mode=full,SAFE (z=invalid),0,0,0,0,[],0.0000,-1.00,-1.00,-1.00,-1.00,,15.19,10.13,2.53,5.06,103.09,1279.73
2026-04-22T16:09:23.588,1776863363.588619,exp6_walk_away_from_camera_0p60_to_1p60,400_lux,walk_away_from_camera,1.600,,-1.0000,0,0,0,detected=False | in_zone=False | depth_valid=False | z=invalid | valid=0/0 | roi_mode=full,SAFE (z=invalid),0,0,0,0,[],0.0000,-1.00,-1.00,-1.00,-1.00,,14.14,10.10,4.04,6.06,4.20,1100.97
2026-04-22T16:09:23.688,1776863363.688635,exp6_walk_away_from_camera_0p60_to_1p60,400_lux,walk_away_from_camera,1.600,,-1.0000,0,0,0,detected=False | in_zone=False | depth_valid=False | z=invalid | valid=0/0 | roi_mode=full,SAFE (z=invalid),0,0,0,0,[],0.0000,-1.00,-1.00,-1.00,-1.00,,16.80,10.08,3.36,6.72,21.51,1208.75
2026-04-22T16:09:23.788,1776863363.788561,exp6_walk_away_from_camera_0p60_to_1p60,400_lux,walk_away_from_camera,1.600,,-1.0000,0,0,0,detected=False | in_zone=False | depth_valid=False | z=invalid | valid=0/0 | roi_mode=full,SAFE (z=invalid),0,0,0,0,[],0.0000,-1.00,-1.00,-1.00,-1.00,,15.83,10.07,4.32,5.76,21.51,1208.75
2026-04-22T16:09:23.889,1776863363.889190,exp6_walk_away_from_camera_0p60_to_1p60,400_lux,walk_away_from_camera,1.600,,-1.0000,0,0,0,detected=False | in_zone=False | depth_valid=False | z=invalid | valid=0/0 | roi_mode=full,SAFE (z=invalid),0,0,0,0,[],0.0000,-1.00,-1.00,-1.00,-1.00,,15.08,10.05,3.77,6.28,3.07,1102.38
2026-04-22T16:09:23.988,1776863363.988464,exp6_walk_away_from_camera_0p60_to_1p60,400_lux,walk_away_from_camera,1.600,,-1.0000,0,0,0,detected=False | in_zone=False | depth_valid=False | z=invalid | valid=0/0 | roi_mode=full,SAFE (z=invalid),0,0,0,0,[],0.0000,-1.00,-1.00,-1.00,-1.00,,15.64,10.06,4.47,6.70,6.51,1176.38
2026-04-22T16:09:24.088,1776863364.088502,exp6_walk_away_from_camera_0p60_to_1p60,400_lux,walk_away_from_camera,1.600,,-1.0000,0,0,0,detected=False | in_zone=False | depth_valid=False | z=invalid | valid=0/0 | roi_mode=full,SAFE (z=invalid),0,0,0,0,[],0.0000,-1.00,-1.00,-1.00,-1.00,,16.08,10.05,5.03,7.04,50.54,1316.76
2026-04-22T16:09:24.189,1776863364.189834,exp6_walk_away_from_camera_0p60_to_1p60,400_lux,walk_away_from_camera,1.600,,-1.0000,0,0,0,detected=False | in_zone=False | depth_valid=False | z=invalid | valid=0/0 | roi_mode=full,SAFE (z=invalid),0,0,0,0,[],0.0000,-1.00,-1.00,-1.00,-1.00,,16.42,10.03,4.56,6.39,50.54,1316.76
2026-04-22T16:09:24.289,1776863364.289001,exp6_walk_away_from_camera_0p60_to_1p60,400_lux,walk_away_from_camera,1.600,,-1.0000,0,0,0,detected=False | in_zone=False | depth_valid=False | z=invalid | valid=0/0 | roi_mode=full,SAFE (z=invalid),0,0,0,0,[],0.0000,-1.00,-1.00,-1.00,-1.00,,20.17,10.08,10.08,10.08,54.37,1358.49
2026-04-22T16:09:24.398,1776863364.398366,exp6_walk_away_from_camera_0p60_to_1p60,400_lux,walk_away_from_camera,1.600,,-1.0000,0,0,0,detected=False | in_zone=False | depth_valid=False | z=invalid | valid=0/0 | roi_mode=full,SAFE (z=invalid),0,0,0,0,[],0.0000,-1.00,-1.00,-1.00,-1.00,,19.18,9.59,4.80,9.59,6.22,1394.72
2026-04-22T16:09:24.488,1776863364.488615,exp6_walk_away_from_camera_0p60_to_1p60,400_lux,walk_away_from_camera,1.600,,-1.0000,0,0,0,detected=False | in_zone=False | depth_valid=False | z=invalid | valid=0/0 | roi_mode=full,SAFE (z=invalid),0,0,0,0,[],0.0000,-1.00,-1.00,-1.00,-1.00,,23.43,10.04,6.69,10.04,13.72,1528.89
2026-04-22T16:09:24.588,1776863364.588813,exp6_walk_away_from_camera_0p60_to_1p60,400_lux,walk_away_from_camera,1.600,,-1.0000,0,0,0,detected=False | in_zone=False | depth_valid=False | z=invalid | valid=0/0 | roi_mode=full,SAFE (z=invalid),0,0,0,0,[],0.0000,-1.00,-1.00,-1.00,-1.00,,22.56,10.03,5.01,10.03,15.83,1583.35
2026-04-22T16:09:24.688,1776863364.688504,exp6_walk_away_from_camera_0p60_to_1p60,400_lux,walk_away_from_camera,1.600,,-1.0000,0,0,0,detected=False | in_zone=False | depth_valid=False | z=invalid | valid=0/0 | roi_mode=full,SAFE (z=invalid),0,0,0,0,[],0.0000,-1.00,-1.00,-1.00,-1.00,,20.05,10.03,6.02,8.02,15.83,1583.35
2026-04-22T16:09:24.788,1776863364.788517,exp6_walk_away_from_camera_0p60_to_1p60,400_lux,walk_away_from_camera,1.600,,-1.0000,0,0,0,detected=False | in_zone=False | depth_valid=False | z=invalid | valid=0/0 | roi_mode=full,SAFE (z=invalid),0,0,0,0,[],0.0000,-1.00,-1.00,-1.00,-1.00,,20.04,10.02,5.01,8.35,41.41,1368.41
2026-04-22T16:09:24.891,1776863364.890987,exp6_walk_away_from_camera_0p60_to_1p60,400_lux,walk_away_from_camera,1.600,,-1.0000,0,0,0,detected=False | in_zone=False | depth_valid=False | z=invalid | valid=0/0 | roi_mode=full,SAFE (z=invalid),0,0,0,0,[],0.0000,-1.00,-1.00,-1.00,-1.00,,19.97,9.98,4.28,8.56,15.64,1455.43
2026-04-22T16:09:24.995,1776863364.995876,exp6_walk_away_from_camera_0p60_to_1p60,400_lux,walk_away_from_camera,1.600,,-1.0000,0,0,0,detected=False | in_zone=False | depth_valid=False | z=invalid | valid=0/0 | roi_mode=full,SAFE (z=invalid),0,0,0,0,[],0.0000,-1.00,-1.00,-1.00,-1.00,,19.85,9.92,4.96,8.68,74.33,1513.91
2026-04-22T16:09:25.088,1776863365.088560,exp6_walk_away_from_camera_0p60_to_1p60,400_lux,walk_away_from_camera,1.600,,-1.0000,0,0,0,detected=False | in_zone=False | depth_valid=False | z=invalid | valid=0/0 | roi_mode=full,SAFE (z=invalid),0,0,0,0,[],0.0000,-1.00,-1.00,-1.00,-1.00,,17.80,10.01,5.56,7.79,74.33,1513.91
