wall_time_iso,ros_time_s,experiment_id,lighting,scenario,ground_truth_m,notes,person_z_m,person_detected,depth_valid,in_zone,depth_status_text,safety_state_text,safety_level,state_changed,det_count,det_depth_valid_count,detections_json,closest_det_conf,closest_bbox_cx,closest_bbox_cy,closest_bbox_w,closest_bbox_h,closest_depth_m,input_fps,output_fps,det_fps,safety_state_hz,e2e_latency_ms_disp_to_safety,e2e_latency_ms_det_to_safety,camera_node_ms,camera_intensity_ms,camera_disparity_ms,yolo_node_ms,yolo_infer_ms,yolo_queue_ms,depth_node_ms,depth_crop_ms,depth_distance_ms,depth_publish_ms,safety_node_ms,safety_eval_ms,safety_publish_ms,total_system_latency_ms
2026-04-24T16:01:37.555,1777035697.555949,exp_latency_highq_repeat,400_lux,latency_high_quality_depth,,High quality depth image latency retest (staged metrics enabled).,-1.0000,0,0,0,,,0,0,0,0,[],0.0000,-1.00,-1.00,-1.00,-1.00,,0.00,3.77,0.00,0.00,,,,,,,,,,,,,,,,
2026-04-24T16:01:37.655,1777035697.655944,exp_latency_highq_repeat,400_lux,latency_high_quality_depth,,High quality depth image latency retest (staged metrics enabled).,-1.0000,0,0,0,,,0,0,0,0,[],0.0000,-1.00,-1.00,-1.00,-1.00,,0.00,5.48,0.00,0.00,,,,,,,,,,,,,,,,
2026-04-24T16:01:37.755,1777035697.755685,exp_latency_highq_repeat,400_lux,latency_high_quality_depth,,High quality depth image latency retest (staged metrics enabled).,-1.0000,0,0,0,,,0,0,0,0,[],0.0000,-1.00,-1.00,-1.00,-1.00,,0.00,6.45,0.00,0.00,,,,,,,,,,,,,,,,
2026-04-24T16:01:37.856,1777035697.856395,exp_latency_highq_repeat,400_lux,latency_high_quality_depth,,High quality depth image latency retest (staged metrics enabled).,-1.0000,0,0,0,,,0,0,0,0,[],0.0000,-1.00,-1.00,-1.00,-1.00,,0.00,7.07,0.00,0.00,,,,,,,,,,,,,,,,
2026-04-24T16:01:37.955,1777035697.955839,exp_latency_highq_repeat,400_lux,latency_high_quality_depth,,High quality depth image latency retest (staged metrics enabled).,-1.0000,0,0,0,,,0,0,0,0,[],0.0000,-1.00,-1.00,-1.00,-1.00,,0.00,7.52,0.00,0.00,,,,,,,,,,,,,,,,
2026-04-24T16:01:38.055,1777035698.055904,exp_latency_highq_repeat,400_lux,latency_high_quality_depth,,High quality depth image latency retest (staged metrics enabled).,-1.0000,0,0,0,,,0,0,0,0,[],0.0000,-1.00,-1.00,-1.00,-1.00,,0.00,7.84,0.00,0.00,,,,,,,,,,,,,,,,
2026-04-24T16:01:38.155,1777035698.155630,exp_latency_highq_repeat,400_lux,latency_high_quality_depth,,High quality depth image latency retest (staged metrics enabled).,-1.0000,0,0,0,,,0,0,0,0,[],0.0000,-1.00,-1.00,-1.00,-1.00,,0.00,8.09,0.00,0.00,,,,,,,,,,,,,,,,
2026-04-24T16:01:38.255,1777035698.255799,exp_latency_highq_repeat,400_lux,latency_high_quality_depth,,High quality depth image latency retest (staged metrics enabled).,-1.0000,0,0,0,,,0,0,0,0,[],0.0000,-1.00,-1.00,-1.00,-1.00,,0.00,8.29,0.00,0.00,,,,,,,,,,,,,,,,
2026-04-24T16:01:38.355,1777035698.355784,exp_latency_highq_repeat,400_lux,latency_high_quality_depth,,High quality depth image latency retest (staged metrics enabled).,-1.0000,0,0,0,,,0,0,0,0,[],0.0000,-1.00,-1.00,-1.00,-1.00,,0.00,8.45,0.00,0.00,,,,,,,,,,,,,,,,
2026-04-24T16:01:38.456,1777035698.456760,exp_latency_highq_repeat,400_lux,latency_high_quality_depth,,High quality depth image latency retest (staged metrics enabled).,-1.0000,0,0,0,,,0,0,1,0,"[{""cx"":844.66,""cy"":437.74,""w"":88.03,""h"":103.22,""x1"":-1,""y1"":-1,""x2"":-1,""y2"":-1,""conf"":0.6054,""depth_m"":null,""depth_valid"":false}]",0.6054,844.66,437.74,88.03,103.22,,0.00,9.90,39.61,0.00,,,,,,129.88,128.48,343.88,,,,,,,,129.88
2026-04-24T16:01:38.555,1777035698.555703,exp_latency_highq_repeat,400_lux,latency_high_quality_depth,,High quality depth image latency retest (staged metrics enabled).,-1.0000,0,0,0,,,0,0,1,0,"[{""cx"":844.66,""cy"":437.74,""w"":88.03,""h"":103.22,""x1"":-1,""y1"":-1,""x2"":-1,""y2"":-1,""conf"":0.6054,""depth_m"":null,""depth_valid"":false}]",0.6054,844.66,437.74,88.03,103.22,,0.00,10.00,20.01,0.00,,,,,,129.88,128.48,343.88,,,,,,,,129.88
2026-04-24T16:01:38.655,1777035698.655682,exp_latency_highq_repeat,400_lux,latency_high_quality_depth,,High quality depth image latency retest (staged metrics enabled).,-1.0000,0,0,0,,,0,0,1,0,"[{""cx"":844.8,""cy"":437.82,""w"":87.71,""h"":102.8,""x1"":-1,""y1"":-1,""x2"":-1,""y2"":-1,""conf"":0.609,""depth_m"":null,""depth_valid"":false}]",0.6090,844.80,437.82,87.71,102.80,,0.00,10.00,16.67,0.00,,,,,,124.32,122.88,431.78,,,,,,,,124.32
2026-04-24T16:01:38.755,1777035698.755671,exp_latency_highq_repeat,400_lux,latency_high_quality_depth,,High quality depth image latency retest (staged metrics enabled).,-1.0000,0,0,0,,,0,0,1,0,"[{""cx"":844.58,""cy"":438.13,""w"":88.2,""h"":103.62,""x1"":-1,""y1"":-1,""x2"":-1,""y2"":-1,""conf"":0.6094,""depth_m"":null,""depth_valid"":false}]",0.6094,844.58,438.13,88.20,103.62,,0.00,10.00,15.00,0.00,,,,,,134.96,133.57,529.53,,,,,,,,134.96
2026-04-24T16:01:38.856,1777035698.856726,exp_latency_highq_repeat,400_lux,latency_high_quality_depth,,High quality depth image latency retest (staged metrics enabled).,-1.0000,0,0,0,,,0,0,1,0,"[{""cx"":844.3,""cy"":437.85,""w"":88.58,""h"":103.11,""x1"":-1,""y1"":-1,""x2"":-1,""y2"":-1,""conf"":0.6064,""depth_m"":null,""depth_valid"":false}]",0.6064,844.30,437.85,88.58,103.11,,0.00,9.98,13.97,0.00,,,,,,121.47,118.94,617.79,,,,,,,,121.47
2026-04-24T16:01:38.956,1777035698.956503,exp_latency_highq_repeat,400_lux,latency_high_quality_depth,,High quality depth image latency retest (staged metrics enabled).,-1.0000,0,0,0,,,0,0,1,0,"[{""cx"":844.3,""cy"":437.85,""w"":88.58,""h"":103.11,""x1"":-1,""y1"":-1,""x2"":-1,""y2"":-1,""conf"":0.6064,""depth_m"":null,""depth_valid"":false}]",0.6064,844.30,437.85,88.58,103.11,,0.00,9.99,11.65,0.00,,,,,,121.47,118.94,617.79,,,,,,,,121.47
2026-04-24T16:01:39.055,1777035699.055817,exp_latency_highq_repeat,400_lux,latency_high_quality_depth,,High quality depth image latency retest (staged metrics enabled).,-1.0000,0,0,0,,,0,0,1,0,"[{""cx"":844.52,""cy"":438.23,""w"":88.98,""h"":104.49,""x1"":-1,""y1"":-1,""x2"":-1,""y2"":-1,""conf"":0.6086,""depth_m"":null,""depth_valid"":false}]",0.6086,844.52,438.23,88.98,104.49,,0.00,10.00,11.43,0.00,,,,,,130.29,127.66,651.35,,,,,,,,130.29
2026-04-24T16:01:39.156,1777035699.156716,exp_latency_highq_repeat,400_lux,latency_high_quality_depth,,High quality depth image latency retest (staged metrics enabled).,-1.0000,0,0,0,,,0,0,1,0,"[{""cx"":844.58,""cy"":438.05,""w"":88.27,""h"":103.81,""x1"":-1,""y1"":-1,""x2"":-1,""y2"":-1,""conf"":0.5934,""depth_m"":null,""depth_valid"":false}]",0.5934,844.58,438.05,88.27,103.81,,0.00,9.99,11.24,0.00,,,,,,128.33,126.88,650.13,,,,,,,,128.33
2026-04-24T16:01:39.255,1777035699.255573,exp_latency_highq_repeat,400_lux,latency_high_quality_depth,,High quality depth image latency retest (staged metrics enabled).,-1.0000,0,0,0,,,0,0,1,0,"[{""cx"":844.27,""cy"":438.15,""w"":89.12,""h"":104.22,""x1"":-1,""y1"":-1,""x2"":-1,""y2"":-1,""conf"":0.6245,""depth_m"":null,""depth_valid"":false}]",0.6245,844.27,438.15,89.12,104.22,,0.00,10.00,11.11,0.00,,,,,,114.13,112.81,723.63,,,,,,,,114.13
2026-04-24T16:01:39.356,1777035699.356213,exp_latency_highq_repeat,400_lux,latency_high_quality_depth,,High quality depth image latency retest (staged metrics enabled).,-1.0000,0,0,0,,,0,0,1,0,"[{""cx"":844.36,""cy"":437.84,""w"":88.52,""h"":103.9,""x1"":-1,""y1"":-1,""x2"":-1,""y2"":-1,""conf"":0.6034,""depth_m"":null,""depth_valid"":false}]",0.6034,844.36,437.84,88.52,103.90,,0.00,10.00,11.00,0.00,,,,,,132.53,131.20,723.63,,,,,,,,132.53
2026-04-24T16:01:39.457,1777035699.457278,exp_latency_highq_repeat,400_lux,latency_high_quality_depth,,High quality depth image latency retest (staged metrics enabled).,-1.0000,0,0,0,,,0,0,1,0,"[{""cx"":844.36,""cy"":437.84,""w"":88.52,""h"":103.9,""x1"":-1,""y1"":-1,""x2"":-1,""y2"":-1,""conf"":0.6034,""depth_m"":null,""depth_valid"":false}]",0.6034,844.36,437.84,88.52,103.90,,0.00,9.89,0.00,0.00,,,,,,132.53,131.20,726.49,,,,,,,,132.53
2026-04-24T16:01:39.556,1777035699.556391,exp_latency_highq_repeat,400_lux,latency_high_quality_depth,,High quality depth image latency retest (staged metrics enabled).,-1.0000,0,0,0,,,0,0,1,0,"[{""cx"":844.36,""cy"":437.84,""w"":88.52,""h"":103.9,""x1"":-1,""y1"":-1,""x2"":-1,""y2"":-1,""conf"":0.6034,""depth_m"":null,""depth_valid"":false}]",0.6034,844.36,437.84,88.52,103.90,,0.00,9.99,0.00,0.00,,,,,,132.53,131.20,726.49,,,,,,,,132.53
2026-04-24T16:01:39.655,1777035699.655741,exp_latency_highq_repeat,400_lux,latency_high_quality_depth,,High quality depth image latency retest (staged metrics enabled).,-1.0000,0,0,0,,,0,0,1,0,"[{""cx"":844.36,""cy"":437.84,""w"":88.52,""h"":103.9,""x1"":-1,""y1"":-1,""x2"":-1,""y2"":-1,""conf"":0.6034,""depth_m"":null,""depth_valid"":false}]",0.6034,844.36,437.84,88.52,103.90,,0.00,10.02,0.00,0.00,,,,,,132.53,131.20,726.49,,,,,,,,132.53
2026-04-24T16:01:39.755,1777035699.755935,exp_latency_highq_repeat,400_lux,latency_high_quality_depth,,High quality depth image latency retest (staged metrics enabled).,-1.0000,0,0,0,,,0,0,1,0,"[{""cx"":844.36,""cy"":437.84,""w"":88.52,""h"":103.9,""x1"":-1,""y1"":-1,""x2"":-1,""y2"":-1,""conf"":0.6034,""depth_m"":null,""depth_valid"":false}]",0.6034,844.36,437.84,88.52,103.90,,0.00,10.01,0.00,0.00,,,,,,132.53,131.20,726.49,,,,,,,,132.53
2026-04-24T16:01:39.856,1777035699.856281,exp_latency_highq_repeat,400_lux,latency_high_quality_depth,,High quality depth image latency retest (staged metrics enabled).,-1.0000,0,0,0,,,0,0,2,0,"[{""cx"":88.77,""cy"":481.9,""w"":176.6,""h"":956.2,""x1"":-1,""y1"":-1,""x2"":-1,""y2"":-1,""conf"":0.7268,""depth_m"":null,""depth_valid"":false},{""cx"":844.47,""cy"":437.69,""w"":88.08,""h"":103.83,""x1"":-1,""y1"":-1,""x2"":-1,""y2"":-1,""conf"":0.6302,""depth_m"":null,""depth_valid"":false}]",0.7268,88.77,481.90,176.60,956.20,,0.00,10.00,8.00,0.00,,,,,,111.04,109.72,851.55,,,,,,,,111.04
2026-04-24T16:01:39.955,1777035699.955755,exp_latency_highq_repeat,400_lux,latency_high_quality_depth,,High quality depth image latency retest (staged metrics enabled).,-1.0000,0,0,0,,,0,0,2,0,"[{""cx"":88.77,""cy"":481.9,""w"":176.6,""h"":956.2,""x1"":-1,""y1"":-1,""x2"":-1,""y2"":-1,""conf"":0.7268,""depth_m"":null,""depth_valid"":false},{""cx"":844.47,""cy"":437.69,""w"":88.08,""h"":103.83,""x1"":-1,""y1"":-1,""x2"":-1,""y2"":-1,""conf"":0.6302,""depth_m"":null,""depth_valid"":false}]",0.7268,88.77,481.90,176.60,956.20,,0.00,10.01,6.67,0.00,,,40.28,40.28,,111.04,109.72,851.55,,,,,,,,151.32
2026-04-24T16:01:40.056,1777035700.056194,exp_latency_highq_repeat,400_lux,latency_high_quality_depth,,High quality depth image latency retest (staged metrics enabled).,-1.0000,0,0,0,detected=False | in_zone=False | depth_valid=False | z=invalid | valid=0/0 | roi_mode=full,SAFE (z=invalid),0,0,2,0,"[{""cx"":120.79,""cy"":481.81,""w"":240.35,""h"":956.38,""x1"":-1,""y1"":-1,""x2"":-1,""y2"":-1,""conf"":0.9144,""depth_m"":null,""depth_valid"":false},{""cx"":844.57,""cy"":437.73,""w"":88.03,""h"":104.3,""x1"":-1,""y1"":-1,""x2"":-1,""y2"":-1,""conf"":0.6397,""depth_m"":null,""depth_valid"":false}]",0.9144,120.79,481.81,240.35,956.38,,1.43,10.00,7.14,1.43,9.43,1058.94,7.58,23.57,7.58,126.35,124.54,944.50,0.77,0.39,0.07,0.21,1.34,0.00,0.22,136.04
2026-04-24T16:01:40.156,1777035700.156380,exp_latency_highq_repeat,400_lux,latency_high_quality_depth,,High quality depth image latency retest (staged metrics enabled).,-1.0000,0,0,0,detected=False | in_zone=False | depth_valid=False | z=invalid | valid=0/0 | roi_mode=full,SAFE (z=invalid),0,0,2,1,"[{""cx"":153.48,""cy"":478.72,""w"":306.01,""h"":952.54,""x1"":0,""y1"":2,""x2"":306,""y2"":480,""conf"":0.9127,""depth_m"":2.0847,""depth_valid"":true},{""cx"":844.63,""cy"":437.59,""w"":87.6,""h"":103.54,""x1"":639,""y1"":386,""x2"":640,""y2"":480,""conf"":0.6221,""depth_m"":null,""depth_valid"":false}]",0.9127,153.48,478.72,306.01,952.54,2.0847,1.25,10.00,7.50,1.25,9.43,1058.94,40.76,40.76,7.58,113.72,112.12,925.01,0.77,0.39,0.07,0.21,1.34,0.00,0.22,156.60
2026-04-24T16:01:40.255,1777035700.255509,exp_latency_highq_repeat,400_lux,latency_high_quality_depth,,High quality depth image latency retest (staged metrics enabled).,-1.0000,0,0,0,detected=False | in_zone=False | depth_valid=False | z=invalid | valid=0/0 | roi_mode=full,SAFE (z=invalid),0,0,2,1,"[{""cx"":190.96,""cy"":476.92,""w"":380.71,""h"":947.94,""x1"":0,""y1"":1,""x2"":191,""y2"":475,""conf"":0.9284,""depth_m"":2.2399,""depth_valid"":true},{""cx"":844.57,""cy"":437.62,""w"":87.71,""h"":103.67,""x1"":400,""y1"":193,""x2"":444,""y2"":245,""conf"":0.6021,""depth_m"":null,""depth_valid"":false}]",0.9284,190.96,476.92,380.71,947.94,2.2399,1.11,10.01,7.78,1.11,9.43,1058.94,49.87,49.87,7.58,126.42,124.12,941.79,0.77,0.39,0.07,0.21,1.34,0.00,0.22,178.41
2026-04-24T16:01:40.355,1777035700.355593,exp_latency_highq_repeat,400_lux,latency_high_quality_depth,,High quality depth image latency retest (staged metrics enabled).,-1.0000,0,0,0,detected=False | in_zone=False | depth_valid=False | z=invalid | valid=0/0 | roi_mode=full,SAFE (z=invalid),0,0,2,1,"[{""cx"":227.64,""cy"":480.84,""w"":455.28,""h"":958.32,""x1"":0,""y1"":1,""x2"":228,""y2"":480,""conf"":0.9409,""depth_m"":2.2472,""depth_valid"":true},{""cx"":844.14,""cy"":437.9,""w"":88.43,""h"":104.56,""x1"":400,""y1"":193,""x2"":444,""y2"":245,""conf"":0.6067,""depth_m"":null,""depth_valid"":false}]",0.9409,227.64,480.84,455.28,958.32,2.2472,1.00,10.01,8.00,1.00,9.43,1058.94,34.27,34.27,7.58,134.62,132.57,1051.15,0.77,0.39,0.07,0.21,1.34,0.00,0.22,171.00
2026-04-24T16:01:40.455,1777035700.455755,exp_latency_highq_repeat,400_lux,latency_high_quality_depth,,High quality depth image latency retest (staged metrics enabled).,-1.0000,0,0,0,detected=False | in_zone=False | depth_valid=False | z=invalid | valid=0/0 | roi_mode=full,SAFE (z=invalid),0,0,2,1,"[{""cx"":227.64,""cy"":480.84,""w"":455.28,""h"":958.32,""x1"":0,""y1"":1,""x2"":228,""y2"":480,""conf"":0.9409,""depth_m"":2.2472,""depth_valid"":true},{""cx"":844.14,""cy"":437.9,""w"":88.43,""h"":104.56,""x1"":400,""y1"":193,""x2"":444,""y2"":245,""conf"":0.6067,""depth_m"":null,""depth_valid"":false}]",0.9409,227.64,480.84,455.28,958.32,2.2472,0.91,10.00,7.28,0.91,9.43,1058.94,33.17,33.17,7.58,134.62,132.57,1051.15,0.77,0.39,0.07,0.21,1.34,0.00,0.22,169.90
2026-04-24T16:01:40.555,1777035700.555829,exp_latency_highq_repeat,400_lux,latency_high_quality_depth,,High quality depth image latency retest (staged metrics enabled).,1.6618,1,1,1,detected=True | in_zone=True | depth_valid=True | z=1.66 m | valid=6987/114002 | roi_mode=full,SAFE (z=invalid),0,0,2,1,"[{""cx"":238.24,""cy"":481.09,""w"":476.47,""h"":957.82,""x1"":0,""y1"":1,""x2"":238,""y2"":480,""conf"":0.9348,""depth_m"":2.2436,""depth_valid"":true},{""cx"":844.54,""cy"":438.1,""w"":87.58,""h"":104.53,""x1"":400,""y1"":193,""x2"":444,""y2"":245,""conf"":0.6192,""depth_m"":null,""depth_valid"":false}]",0.9348,238.24,481.09,476.47,957.82,2.2436,9.99,9.99,9.99,9.99,459.18,1196.36,43.76,43.76,6.81,121.22,119.05,980.29,1.87,0.82,0.68,0.28,0.16,0.00,0.10,167.01
2026-04-24T16:01:40.655,1777035700.655723,exp_latency_highq_repeat,400_lux,latency_high_quality_depth,,High quality depth image latency retest (staged metrics enabled).,1.6618,1,1,1,detected=True | in_zone=True | depth_valid=True | z=1.66 m | valid=6987/114002 | roi_mode=full,SAFE (z=invalid),0,0,2,1,"[{""cx"":340.93,""cy"":476.32,""w"":450.1,""h"":950.6,""x1"":58,""y1"":1,""x2"":283,""y2"":476,""conf"":0.9467,""depth_m"":2.1938,""depth_valid"":true},{""cx"":844.93,""cy"":438.44,""w"":87.52,""h"":105.62,""x1"":401,""y1"":193,""x2"":444,""y2"":246,""conf"":0.614,""depth_m"":null,""depth_valid"":false}]",0.9467,340.93,476.32,450.10,950.60,2.1938,5.00,10.00,10.00,5.00,459.18,1196.36,26.65,26.65,6.81,125.25,121.43,924.31,1.87,0.82,0.68,0.28,0.16,0.00,0.10,153.94
2026-04-24T16:01:40.755,1777035700.755781,exp_latency_highq_repeat,400_lux,latency_high_quality_depth,,High quality depth image latency retest (staged metrics enabled).,1.6618,1,1,1,detected=True | in_zone=True | depth_valid=True | z=1.66 m | valid=6987/114002 | roi_mode=full,SAFE (z=invalid),0,0,2,1,"[{""cx"":401.1,""cy"":480.49,""w"":440.63,""h"":956.89,""x1"":90,""y1"":1,""x2"":311,""y2"":479,""conf"":0.9598,""depth_m"":2.0847,""depth_valid"":true},{""cx"":844.5,""cy"":438.23,""w"":87.82,""h"":105.26,""x1"":400,""y1"":193,""x2"":444,""y2"":245,""conf"":0.6096,""depth_m"":null,""depth_valid"":false}]",0.9598,401.10,480.49,440.63,956.89,2.0847,3.33,10.00,10.00,3.33,459.18,1196.36,37.10,37.10,6.81,130.26,128.17,748.59,1.87,0.82,0.68,0.28,0.16,0.00,0.10,169.39
2026-04-24T16:01:40.855,1777035700.855761,exp_latency_highq_repeat,400_lux,latency_high_quality_depth,,High quality depth image latency retest (staged metrics enabled).,1.6618,1,1,1,detected=True | in_zone=True | depth_valid=True | z=1.66 m | valid=6987/114002 | roi_mode=full,SAFE (z=invalid),0,0,2,1,"[{""cx"":401.1,""cy"":480.49,""w"":440.63,""h"":956.89,""x1"":90,""y1"":1,""x2"":311,""y2"":479,""conf"":0.9598,""depth_m"":2.0847,""depth_valid"":true},{""cx"":844.5,""cy"":438.23,""w"":87.82,""h"":105.26,""x1"":400,""y1"":193,""x2"":444,""y2"":245,""conf"":0.6096,""depth_m"":null,""depth_valid"":false}]",0.9598,401.10,480.49,440.63,956.89,2.0847,2.50,10.00,7.50,2.50,459.18,1196.36,37.71,37.71,6.81,130.26,128.17,748.59,1.87,0.82,0.68,0.28,0.16,0.00,0.10,170.00
2026-04-24T16:01:40.956,1777035700.956154,exp_latency_highq_repeat,400_lux,latency_high_quality_depth,,High quality depth image latency retest (staged metrics enabled).,1.6618,1,1,1,detected=True | in_zone=True | depth_valid=True | z=1.66 m | valid=6987/114002 | roi_mode=full,SAFE (z=invalid),0,0,2,1,"[{""cx"":491.38,""cy"":481.71,""w"":432.74,""h"":956.57,""x1"":138,""y1"":2,""x2"":354,""y2"":480,""conf"":0.9497,""depth_m"":2.0754,""depth_valid"":true},{""cx"":844.4,""cy"":438.26,""w"":88.33,""h"":105.15,""x1"":400,""y1"":193,""x2"":444,""y2"":245,""conf"":0.6329,""depth_m"":null,""depth_valid"":false}]",0.9497,491.38,481.71,432.74,956.57,2.0754,2.00,9.99,7.99,2.00,459.18,1196.36,43.91,43.91,6.81,142.26,140.56,708.93,1.87,0.82,0.68,0.28,0.16,0.00,0.10,188.20
2026-04-24T16:01:41.055,1777035701.055758,exp_latency_highq_repeat,400_lux,latency_high_quality_depth,,High quality depth image latency retest (staged metrics enabled).,1.6618,1,1,1,detected=True | in_zone=True | depth_valid=True | z=1.66 m | valid=6987/114002 | roi_mode=full,SAFE (z=invalid),0,0,2,1,"[{""cx"":560.82,""cy"":481.72,""w"":348.7,""h"":956.55,""x1"":193,""y1"":2,""x2"":368,""y2"":480,""conf"":0.9222,""depth_m"":2.0692,""depth_valid"":true},{""cx"":845.47,""cy"":437.84,""w"":85.75,""h"":102.69,""x1"":401,""y1"":193,""x2"":444,""y2"":245,""conf"":0.6145,""depth_m"":null,""depth_valid"":false}]",0.9222,560.82,481.72,348.70,956.55,2.0692,1.67,10.00,8.33,1.67,459.18,1196.36,37.52,37.52,6.81,104.81,103.22,722.04,1.87,0.82,0.68,0.28,0.16,0.00,0.10,144.36
2026-04-24T16:01:41.155,1777035701.155705,exp_latency_highq_repeat,400_lux,latency_high_quality_depth,,High quality depth image latency retest (staged metrics enabled).,1.6618,1,1,1,detected=True | in_zone=True | depth_valid=True | z=1.66 m | valid=6987/114002 | roi_mode=full,SAFE (z=invalid),0,0,2,1,"[{""cx"":603.19,""cy"":473.97,""w"":381.22,""h"":945.51,""x1"":206,""y1"":1,""x2"":397,""y2"":473,""conf"":0.9353,""depth_m"":2.0599,""depth_valid"":true},{""cx"":844.25,""cy"":438.48,""w"":88.5,""h"":105.35,""x1"":400,""y1"":193,""x2"":444,""y2"":246,""conf"":0.6545,""depth_m"":null,""depth_valid"":false}]",0.9353,603.19,473.97,381.22,945.51,2.0599,1.43,10.00,8.57,1.43,459.18,1196.36,26.89,26.89,6.81,100.97,99.25,709.51,1.87,0.82,0.68,0.28,0.16,0.00,0.10,129.89
2026-04-24T16:01:41.255,1777035701.255661,exp_latency_highq_repeat,400_lux,latency_high_quality_depth,,High quality depth image latency retest (staged metrics enabled).,1.6618,1,1,1,detected=True | in_zone=True | depth_valid=True | z=1.66 m | valid=6987/114002 | roi_mode=full,SAFE (z=invalid),0,0,2,1,"[{""cx"":645.23,""cy"":476.17,""w"":405.38,""h"":948.52,""x1"":221,""y1"":1,""x2"":424,""y2"":475,""conf"":0.9268,""depth_m"":2.0569,""depth_valid"":true},{""cx"":842.02,""cy"":439.71,""w"":93.1,""h"":108.01,""x1"":398,""y1"":193,""x2"":444,""y2"":247,""conf"":0.65,""depth_m"":null,""depth_valid"":false}]",0.9268,645.23,476.17,405.38,948.52,2.0569,1.25,10.00,8.75,1.25,459.18,1196.36,44.16,44.16,6.81,121.80,120.19,795.09,1.87,0.82,0.68,0.28,0.16,0.00,0.10,168.00
2026-04-24T16:01:41.355,1777035701.355668,exp_latency_highq_repeat,400_lux,latency_high_quality_depth,,High quality depth image latency retest (staged metrics enabled).,1.6618,1,1,1,detected=True | in_zone=True | depth_valid=True | z=1.66 m | valid=6987/114002 | roi_mode=full,SAFE (z=invalid),0,0,2,1,"[{""cx"":645.23,""cy"":476.17,""w"":405.38,""h"":948.52,""x1"":221,""y1"":1,""x2"":424,""y2"":475,""conf"":0.9268,""depth_m"":2.0569,""depth_valid"":true},{""cx"":842.02,""cy"":439.71,""w"":93.1,""h"":108.01,""x1"":398,""y1"":193,""x2"":444,""y2"":247,""conf"":0.65,""depth_m"":null,""depth_valid"":false}]",0.9268,645.23,476.17,405.38,948.52,2.0569,1.11,10.00,7.78,1.11,459.18,1196.36,42.72,42.72,6.81,121.80,120.19,795.09,1.87,0.82,0.68,0.28,0.16,0.00,0.10,166.56
2026-04-24T16:01:41.455,1777035701.455755,exp_latency_highq_repeat,400_lux,latency_high_quality_depth,,High quality depth image latency retest (staged metrics enabled).,1.6618,1,1,1,detected=True | in_zone=True | depth_valid=True | z=1.66 m | valid=6987/114002 | roi_mode=full,SAFE (z=invalid),0,0,2,1,"[{""cx"":671.34,""cy"":480.89,""w"":432.54,""h"":958.21,""x1"":228,""y1"":1,""x2"":444,""y2"":480,""conf"":0.9262,""depth_m"":2.0538,""depth_valid"":true},{""cx"":845.41,""cy"":439.74,""w"":86.49,""h"":105.72,""x1"":401,""y1"":193,""x2"":444,""y2"":246,""conf"":0.6787,""depth_m"":null,""depth_valid"":false}]",0.9262,671.34,480.89,432.54,958.21,2.0538,1.00,10.00,8.00,1.00,459.18,1196.36,9.56,42.95,9.56,145.88,144.32,843.07,1.87,0.82,0.68,0.28,0.16,0.00,0.10,157.48
2026-04-24T16:01:41.555,1777035701.555833,exp_latency_highq_repeat,400_lux,latency_high_quality_depth,,High quality depth image latency retest (staged metrics enabled).,1.6618,1,1,1,detected=True | in_zone=True | depth_valid=True | z=1.66 m | valid=6987/114002 | roi_mode=full,SAFE (z=invalid),0,0,1,1,"[{""cx"":686.28,""cy"":478.09,""w"":382.71,""h"":951.23,""x1"":247,""y1"":1,""x2"":439,""y2"":477,""conf"":0.9312,""depth_m"":1.9415,""depth_valid"":true}]",0.9312,686.28,478.09,382.71,951.23,1.9415,0.00,9.99,9.99,0.00,459.18,1196.36,43.81,43.81,9.56,112.87,111.25,913.43,1.87,0.82,0.68,0.28,0.16,0.00,0.10,158.72
2026-04-24T16:01:41.656,1777035701.656549,exp_latency_highq_repeat,400_lux,latency_high_quality_depth,,High quality depth image latency retest (staged metrics enabled).,1.6618,1,1,1,detected=True | in_zone=True | depth_valid=True | z=1.66 m | valid=6987/114002 | roi_mode=full,SAFE (z=invalid),0,0,1,1,"[{""cx"":703.7,""cy"":481.47,""w"":389.78,""h"":956.88,""x1"":254,""y1"":2,""x2"":449,""y2"":480,""conf"":0.9404,""depth_m"":1.9213,""depth_valid"":true}]",0.9404,703.70,481.47,389.78,956.88,1.9213,0.00,9.96,9.96,0.00,459.18,1196.36,38.92,38.92,9.56,118.72,117.02,960.54,1.87,0.82,0.68,0.28,0.16,0.00,0.10,159.67
2026-04-24T16:01:41.755,1777035701.755676,exp_latency_highq_repeat,400_lux,latency_high_quality_depth,,High quality depth image latency retest (staged metrics enabled).,1.6618,1,1,1,detected=True | in_zone=True | depth_valid=True | z=1.66 m | valid=6987/114002 | roi_mode=full,SAFE (z=invalid),0,0,1,1,"[{""cx"":738.43,""cy"":477.68,""w"":402.06,""h"":950.66,""x1"":269,""y1"":1,""x2"":470,""y2"":477,""conf"":0.9456,""depth_m"":1.958,""depth_valid"":true}]",0.9456,738.43,477.68,402.06,950.66,1.9580,0.00,10.00,10.00,0.00,459.18,1196.36,45.07,45.07,9.56,120.35,118.73,1042.62,1.87,0.82,0.68,0.28,0.16,0.00,0.10,167.45
2026-04-24T16:01:41.855,1777035701.855661,exp_latency_highq_repeat,400_lux,latency_high_quality_depth,,High quality depth image latency retest (staged metrics enabled).,1.7576,1,1,1,detected=True | in_zone=True | depth_valid=True | z=1.76 m | valid=15859/95676 | roi_mode=full,SAFE (z=1.76m),0,1,1,1,"[{""cx"":738.43,""cy"":477.68,""w"":402.06,""h"":950.66,""x1"":269,""y1"":1,""x2"":470,""y2"":477,""conf"":0.9456,""depth_m"":1.958,""depth_valid"":true}]",0.9456,738.43,477.68,402.06,950.66,1.9580,2.50,10.00,7.50,2.50,356.80,1150.04,50.36,50.36,6.62,120.35,118.73,1042.62,2.20,0.63,1.14,0.30,2.99,0.00,0.10,175.90
2026-04-24T16:01:41.956,1777035701.956216,exp_latency_highq_repeat,400_lux,latency_high_quality_depth,,High quality depth image latency retest (staged metrics enabled).,1.7576,1,1,1,detected=True | in_zone=True | depth_valid=True | z=1.76 m | valid=15859/95676 | roi_mode=full,SAFE (z=1.76m),0,0,1,1,"[{""cx"":756.26,""cy"":477.02,""w"":411.61,""h"":948.33,""x1"":275,""y1"":1,""x2"":481,""y2"":476,""conf"":0.9398,""depth_m"":1.9691,""depth_valid"":true}]",0.9398,756.26,477.02,411.61,948.33,1.9691,2.00,9.99,7.99,2.00,356.80,1150.04,40.95,40.95,6.62,148.56,146.94,1102.66,2.20,0.63,1.14,0.30,2.99,0.00,0.10,194.70
2026-04-24T16:01:42.055,1777035702.055801,exp_latency_highq_repeat,400_lux,latency_high_quality_depth,,High quality depth image latency retest (staged metrics enabled).,1.7576,1,1,1,detected=True | in_zone=True | depth_valid=True | z=1.76 m | valid=15859/95676 | roi_mode=full,SAFE (z=1.76m),0,0,1,1,"[{""cx"":783.28,""cy"":477.48,""w"":427.67,""h"":949.67,""x1"":285,""y1"":1,""x2"":499,""y2"":476,""conf"":0.9397,""depth_m"":1.9804,""depth_valid"":true}]",0.9397,783.28,477.48,427.67,949.67,1.9804,1.67,10.00,8.33,1.67,356.80,1150.04,40.41,40.41,6.62,123.72,121.67,1188.94,2.20,0.63,1.14,0.30,2.99,0.00,0.10,169.31
2026-04-24T16:01:42.155,1777035702.155685,exp_latency_highq_repeat,400_lux,latency_high_quality_depth,,High quality depth image latency retest (staged metrics enabled).,1.7576,1,1,1,detected=True | in_zone=True | depth_valid=True | z=1.76 m | valid=15859/95676 | roi_mode=full,SAFE (z=1.76m),0,0,1,1,"[{""cx"":797.14,""cy"":476.72,""w"":437.45,""h"":949.24,""x1"":289,""y1"":1,""x2"":508,""y2"":476,""conf"":0.9403,""depth_m"":1.9832,""depth_valid"":true}]",0.9403,797.14,476.72,437.45,949.24,1.9832,1.43,10.00,8.57,1.43,356.80,1150.04,2.96,41.52,2.96,103.51,101.56,1024.24,2.20,0.63,1.14,0.30,2.99,0.00,0.10,111.65
2026-04-24T16:01:42.256,1777035702.256291,exp_latency_highq_repeat,400_lux,latency_high_quality_depth,,High quality depth image latency retest (staged metrics enabled).,1.7576,1,1,1,detected=True | in_zone=True | depth_valid=True | z=1.76 m | valid=15859/95676 | roi_mode=full,SAFE (z=1.76m),0,0,1,1,"[{""cx"":825.31,""cy"":480.24,""w"":434.41,""h"":956.55,""x1"":304,""y1"":1,""x2"":521,""y2"":479,""conf"":0.9276,""depth_m"":1.9918,""depth_valid"":true}]",0.9276,825.31,480.24,434.41,956.55,1.9918,1.25,9.99,8.74,1.25,356.80,1150.04,37.25,37.25,2.96,122.53,120.54,961.24,2.20,0.63,1.14,0.30,2.99,0.00,0.10,164.96
2026-04-24T16:01:42.357,1777035702.357844,exp_latency_highq_repeat,400_lux,latency_high_quality_depth,,High quality depth image latency retest (staged metrics enabled).,1.7576,1,1,1,detected=True | in_zone=True | depth_valid=True | z=1.76 m | valid=15859/95676 | roi_mode=full,SAFE (z=1.76m),0,0,1,1,"[{""cx"":825.31,""cy"":480.24,""w"":434.41,""h"":956.55,""x1"":304,""y1"":1,""x2"":521,""y2"":479,""conf"":0.9276,""depth_m"":1.9918,""depth_valid"":true}]",0.9276,825.31,480.24,434.41,956.55,1.9918,1.11,9.98,7.76,1.11,356.80,1150.04,31.07,31.07,2.96,122.53,118.90,961.24,2.20,0.63,1.14,0.30,2.99,0.00,0.10,158.78
2026-04-24T16:01:42.455,1777035702.455714,exp_latency_highq_repeat,400_lux,latency_high_quality_depth,,High quality depth image latency retest (staged metrics enabled).,1.7576,1,1,1,detected=True | in_zone=True | depth_valid=True | z=1.76 m | valid=15859/95676 | roi_mode=full,SAFE (z=1.76m),0,0,1,1,"[{""cx"":812.13,""cy"":481.28,""w"":391.48,""h"":957.43,""x1"":308,""y1"":1,""x2"":504,""y2"":480,""conf"":0.9315,""depth_m"":1.9961,""depth_valid"":true}]",0.9315,812.13,481.28,391.48,957.43,1.9961,1.00,10.00,8.00,1.00,356.80,1150.04,40.12,40.12,2.96,120.43,118.90,1037.60,2.20,0.63,1.14,0.30,2.99,0.00,0.10,165.73
2026-04-24T16:01:42.556,1777035702.556008,exp_latency_highq_repeat,400_lux,latency_high_quality_depth,,High quality depth image latency retest (staged metrics enabled).,1.7576,1,1,1,detected=True | in_zone=True | depth_valid=True | z=1.76 m | valid=15859/95676 | roi_mode=full,SAFE (z=1.76m),0,0,1,1,"[{""cx"":808.98,""cy"":481.24,""w"":382.82,""h"":956.88,""x1"":309,""y1"":1,""x2"":500,""y2"":480,""conf"":0.9336,""depth_m"":1.9975,""depth_valid"":true}]",0.9336,808.98,481.24,382.82,956.88,1.9975,0.91,10.00,8.18,0.91,356.80,1150.04,40.86,40.86,2.96,137.23,135.59,794.57,2.20,0.63,1.14,0.30,2.99,0.00,0.10,183.27
2026-04-24T16:01:42.656,1777035702.656155,exp_latency_highq_repeat,400_lux,latency_high_quality_depth,,High quality depth image latency retest (staged metrics enabled).,1.7576,1,1,1,detected=True | in_zone=True | depth_valid=True | z=1.76 m | valid=15859/95676 | roi_mode=full,SAFE (z=1.76m),0,0,1,1,"[{""cx"":809.88,""cy"":481.44,""w"":403.41,""h"":957.12,""x1"":304,""y1"":1,""x2"":506,""y2"":480,""conf"":0.925,""depth_m"":1.9918,""depth_valid"":true}]",0.9250,809.88,481.44,403.41,957.12,1.9918,0.00,9.98,9.98,0.00,356.80,1150.04,43.67,43.67,2.96,113.64,109.71,410.96,2.20,0.63,1.14,0.30,2.99,0.00,0.10,162.49
2026-04-24T16:01:42.756,1777035702.755983,exp_latency_highq_repeat,400_lux,latency_high_quality_depth,,High quality depth image latency retest (staged metrics enabled).,1.7576,1,1,1,detected=True | in_zone=True | depth_valid=True | z=1.76 m | valid=15859/95676 | roi_mode=full,SAFE (z=1.76m),0,0,1,1,"[{""cx"":800.22,""cy"":480.62,""w"":389.7,""h"":955.05,""x1"":303,""y1"":2,""x2"":498,""y2"":479,""conf"":0.9361,""depth_m"":1.9918,""depth_valid"":true}]",0.9361,800.22,480.62,389.70,955.05,1.9918,0.00,10.00,10.00,0.00,356.80,1150.04,50.34,50.34,2.96,124.21,122.50,499.97,2.20,0.63,1.14,0.30,2.99,0.00,0.10,179.74
2026-04-24T16:01:42.855,1777035702.855644,exp_latency_highq_repeat,400_lux,latency_high_quality_depth,,High quality depth image latency retest (staged metrics enabled).,1.7576,1,1,1,detected=True | in_zone=True | depth_valid=True | z=1.76 m | valid=15859/95676 | roi_mode=full,SAFE (z=1.76m),0,0,1,1,"[{""cx"":800.22,""cy"":480.62,""w"":389.7,""h"":955.05,""x1"":303,""y1"":2,""x2"":498,""y2"":479,""conf"":0.9361,""depth_m"":1.9918,""depth_valid"":true}]",0.9361,800.22,480.62,389.70,955.05,1.9918,0.00,10.01,6.67,0.00,356.80,1150.04,22.13,22.13,2.96,124.21,122.50,499.97,2.20,0.63,1.14,0.30,2.99,0.00,0.10,151.52
2026-04-24T16:01:42.956,1777035702.955982,exp_latency_highq_repeat,400_lux,latency_high_quality_depth,,High quality depth image latency retest (staged metrics enabled).,1.7576,1,1,1,detected=True | in_zone=True | depth_valid=True | z=1.76 m | valid=15859/95676 | roi_mode=full,SAFE (z=1.76m),0,0,1,1,"[{""cx"":801.08,""cy"":480.88,""w"":391.12,""h"":955.7,""x1"":303,""y1"":2,""x2"":498,""y2"":479,""conf"":0.9356,""depth_m"":1.9918,""depth_valid"":true}]",0.9356,801.08,480.88,391.12,955.70,1.9918,0.00,10.00,7.50,0.00,356.80,1150.04,19.44,19.44,2.96,160.51,155.36,589.08,2.20,0.63,1.14,0.30,2.99,0.00,0.10,185.14
2026-04-24T16:01:43.055,1777035703.055796,exp_latency_highq_repeat,400_lux,latency_high_quality_depth,,High quality depth image latency retest (staged metrics enabled).,1.7576,1,1,1,detected=True | in_zone=True | depth_valid=True | z=1.76 m | valid=15859/95676 | roi_mode=full,SAFE (z=1.76m),0,0,1,1,"[{""cx"":801.9,""cy"":480.48,""w"":391.95,""h"":954.93,""x1"":303,""y1"":2,""x2"":499,""y2"":479,""conf"":0.9352,""depth_m"":1.7027,""depth_valid"":true}]",0.9352,801.90,480.48,391.95,954.93,1.7027,0.00,10.00,8.00,0.00,356.80,1150.04,38.04,38.04,3.38,140.49,138.79,650.76,2.20,0.63,1.14,0.30,2.99,0.00,0.10,183.71
2026-04-24T16:01:43.155,1777035703.155909,exp_latency_highq_repeat,400_lux,latency_high_quality_depth,,High quality depth image latency retest (staged metrics enabled).,1.7576,1,1,1,detected=True | in_zone=True | depth_valid=True | z=1.76 m | valid=15859/95676 | roi_mode=full,SAFE (z=1.76m),0,0,1,1,"[{""cx"":801.9,""cy"":480.48,""w"":391.95,""h"":954.93,""x1"":303,""y1"":2,""x2"":499,""y2"":479,""conf"":0.9352,""depth_m"":1.7027,""depth_valid"":true}]",0.9352,801.90,480.48,391.95,954.93,1.7027,0.00,10.00,6.67,0.00,356.80,1150.04,23.78,23.78,3.38,140.49,138.79,650.76,2.20,0.63,1.14,0.30,2.99,0.00,0.10,169.46
2026-04-24T16:01:43.256,1777035703.256267,exp_latency_highq_repeat,400_lux,latency_high_quality_depth,,High quality depth image latency retest (staged metrics enabled).,1.7576,1,1,1,detected=True | in_zone=True | depth_valid=True | z=1.76 m | valid=15859/95676 | roi_mode=full,SAFE (z=1.76m),0,0,1,1,"[{""cx"":800.92,""cy"":480.74,""w"":389.86,""h"":955.5,""x1"":303,""y1"":1,""x2"":498,""y2"":479,""conf"":0.9359,""depth_m"":1.7027,""depth_valid"":true}]",0.9359,800.92,480.74,389.86,955.50,1.7027,0.00,10.00,7.14,0.00,356.80,1150.04,26.23,26.23,3.38,133.58,132.03,748.85,2.20,0.63,1.14,0.30,2.99,0.00,0.10,165.00
2026-04-24T16:01:43.355,1777035703.355691,exp_latency_highq_repeat,400_lux,latency_high_quality_depth,,High quality depth image latency retest (staged metrics enabled).,1.7576,1,1,1,detected=True | in_zone=True | depth_valid=True | z=1.76 m | valid=15859/95676 | roi_mode=full,SAFE (z=1.76m),0,0,1,1,"[{""cx"":800.66,""cy"":480.76,""w"":388.6,""h"":955.57,""x1"":303,""y1"":1,""x2"":497,""y2"":479,""conf"":0.9361,""depth_m"":1.7027,""depth_valid"":true}]",0.9361,800.66,480.76,388.60,955.57,1.7027,0.00,10.00,7.50,0.00,356.80,1150.04,34.77,34.77,3.38,135.03,132.98,811.63,2.20,0.63,1.14,0.30,2.99,0.00,0.10,174.99
2026-04-24T16:01:43.456,1777035703.456434,exp_latency_highq_repeat,400_lux,latency_high_quality_depth,,High quality depth image latency retest (staged metrics enabled).,1.7576,1,1,1,detected=True | in_zone=True | depth_valid=True | z=1.76 m | valid=15859/95676 | roi_mode=full,SAFE (z=1.76m),0,0,1,1,"[{""cx"":800.66,""cy"":480.76,""w"":388.6,""h"":955.57,""x1"":303,""y1"":1,""x2"":497,""y2"":479,""conf"":0.9361,""depth_m"":1.7027,""depth_valid"":true}]",0.9361,800.66,480.76,388.60,955.57,1.7027,0.00,10.00,6.66,0.00,356.80,1150.04,27.68,27.68,3.38,135.03,132.98,811.63,2.20,0.63,1.14,0.30,2.99,0.00,0.10,167.89
2026-04-24T16:01:43.556,1777035703.556737,exp_latency_highq_repeat,400_lux,latency_high_quality_depth,,High quality depth image latency retest (staged metrics enabled).,1.7576,1,1,1,detected=True | in_zone=True | depth_valid=True | z=1.76 m | valid=15859/95676 | roi_mode=full,SAFE (z=1.76m),0,0,1,1,"[{""cx"":799.48,""cy"":480.47,""w"":386.42,""h"":955.2,""x1"":303,""y1"":1,""x2"":496,""y2"":479,""conf"":0.9346,""depth_m"":1.7027,""depth_valid"":true}]",0.9346,799.48,480.47,386.42,955.20,1.7027,0.00,9.99,6.99,0.00,356.80,1150.04,26.65,26.65,3.38,153.70,152.14,923.86,2.20,0.63,1.14,0.30,2.99,0.00,0.10,185.53
2026-04-24T16:01:43.657,1777035703.656969,exp_latency_highq_repeat,400_lux,latency_high_quality_depth,,High quality depth image latency retest (staged metrics enabled).,1.7576,1,1,1,detected=True | in_zone=True | depth_valid=True | z=1.76 m | valid=15859/95676 | roi_mode=full,SAFE (z=1.76m),0,0,1,1,"[{""cx"":799.34,""cy"":480.51,""w"":386.09,""h"":955.32,""x1"":303,""y1"":1,""x2"":496,""y2"":479,""conf"":0.9329,""depth_m"":1.7027,""depth_valid"":true}]",0.9329,799.34,480.51,386.09,955.32,1.7027,0.00,9.98,9.98,0.00,356.80,1150.04,34.23,34.23,3.38,145.51,143.86,836.85,2.20,0.63,1.14,0.30,2.99,0.00,0.10,184.93
2026-04-24T16:01:43.755,1777035703.755782,exp_latency_highq_repeat,400_lux,latency_high_quality_depth,,High quality depth image latency retest (staged metrics enabled).,1.7576,1,1,1,detected=True | in_zone=True | depth_valid=True | z=1.76 m | valid=15859/95676 | roi_mode=full,SAFE (z=1.76m),0,0,1,1,"[{""cx"":799.34,""cy"":480.51,""w"":386.09,""h"":955.32,""x1"":303,""y1"":1,""x2"":496,""y2"":479,""conf"":0.9329,""depth_m"":1.7027,""depth_valid"":true}]",0.9329,799.34,480.51,386.09,955.32,1.7027,0.00,10.05,5.02,0.00,356.80,1150.04,51.59,51.59,3.38,145.51,143.86,836.85,2.20,0.63,1.14,0.30,2.99,0.00,0.10,202.29
2026-04-24T16:01:43.856,1777035703.856607,exp_latency_highq_repeat,400_lux,latency_high_quality_depth,,High quality depth image latency retest (staged metrics enabled).,1.7576,1,1,1,detected=True | in_zone=True | depth_valid=True | z=1.76 m | valid=15859/95676 | roi_mode=full,SAFE (z=1.76m),0,0,1,1,"[{""cx"":799.87,""cy"":480.73,""w"":386.31,""h"":955.81,""x1"":303,""y1"":1,""x2"":497,""y2"":479,""conf"":0.9357,""depth_m"":1.7027,""depth_valid"":true}]",0.9357,799.87,480.73,386.31,955.81,1.7027,0.00,10.00,6.67,0.00,356.80,1150.04,60.95,60.95,3.38,141.68,139.59,746.59,2.20,0.63,1.14,0.30,2.99,0.00,0.10,207.82
2026-04-24T16:01:43.955,1777035703.955665,exp_latency_highq_repeat,400_lux,latency_high_quality_depth,,High quality depth image latency retest (staged metrics enabled).,1.7576,1,1,1,detected=True | in_zone=True | depth_valid=True | z=1.76 m | valid=15859/95676 | roi_mode=full,SAFE (z=1.76m),0,0,1,1,"[{""cx"":799.07,""cy"":480.54,""w"":386.56,""h"":955.66,""x1"":303,""y1"":1,""x2"":496,""y2"":479,""conf"":0.9387,""depth_m"":1.7027,""depth_valid"":true}]",0.9387,799.07,480.54,386.56,955.66,1.7027,0.00,10.03,7.52,0.00,356.80,1150.04,82.40,82.40,3.38,108.99,107.17,772.35,2.20,0.63,1.14,0.30,2.99,0.00,0.10,196.57
2026-04-24T16:01:44.055,1777035704.055777,exp_latency_highq_repeat,400_lux,latency_high_quality_depth,,High quality depth image latency retest (staged metrics enabled).,1.7576,1,1,1,detected=True | in_zone=True | depth_valid=True | z=1.76 m | valid=15859/95676 | roi_mode=full,SAFE (z=1.76m),0,0,1,1,"[{""cx"":798.92,""cy"":480.82,""w"":387.28,""h"":956.26,""x1"":303,""y1"":1,""x2"":496,""y2"":479,""conf"":0.94,""depth_m"":1.7027,""depth_valid"":true}]",0.9400,798.92,480.82,387.28,956.26,1.7027,0.00,10.02,8.02,0.00,356.80,1150.04,60.44,60.44,3.38,94.10,92.18,719.95,2.20,0.63,1.14,0.30,2.99,0.00,0.10,159.72
2026-04-24T16:01:44.156,1777035704.156683,exp_latency_highq_repeat,400_lux,latency_high_quality_depth,,High quality depth image latency retest (staged metrics enabled).,1.7576,1,1,1,detected=True | in_zone=True | depth_valid=True | z=1.76 m | valid=15859/95676 | roi_mode=full,SAFE (z=1.76m),0,0,1,1,"[{""cx"":797.9,""cy"":480.32,""w"":384.9,""h"":955.67,""x1"":303,""y1"":1,""x2"":495,""y2"":479,""conf"":0.9413,""depth_m"":1.7027,""depth_valid"":true}]",0.9413,797.90,480.32,384.90,955.67,1.7027,0.00,10.00,8.33,0.00,356.80,1150.04,52.64,52.64,3.38,146.23,144.85,770.05,2.20,0.63,1.14,0.30,2.99,0.00,0.10,204.05
2026-04-24T16:01:44.255,1777035704.255635,exp_latency_highq_repeat,400_lux,latency_high_quality_depth,,High quality depth image latency retest (staged metrics enabled).,1.7025,1,1,1,detected=True | in_zone=True | depth_valid=True | z=1.70 m | valid=16201/91776 | roi_mode=full,SAFE (z=1.70m),0,1,1,1,"[{""cx"":797.9,""cy"":480.32,""w"":384.9,""h"":955.67,""x1"":303,""y1"":1,""x2"":495,""y2"":479,""conf"":0.9413,""depth_m"":1.7027,""depth_valid"":true}]",0.9413,797.90,480.32,384.90,955.67,1.7027,1.43,10.02,7.15,1.43,9.19,914.00,32.85,32.85,1.20,146.23,144.85,770.05,2.38,0.77,1.26,0.24,1.03,0.00,0.13,182.49
2026-04-24T16:01:44.355,1777035704.355834,exp_latency_highq_repeat,400_lux,latency_high_quality_depth,,High quality depth image latency retest (staged metrics enabled).,1.7025,1,1,1,detected=True | in_zone=True | depth_valid=True | z=1.70 m | valid=16201/91776 | roi_mode=full,SAFE (z=1.70m),0,0,1,1,"[{""cx"":797.36,""cy"":480.15,""w"":383.78,""h"":955.28,""x1"":303,""y1"":1,""x2"":495,""y2"":479,""conf"":0.9422,""depth_m"":1.7111,""depth_valid"":true}]",0.9422,797.36,480.15,383.78,955.28,1.7111,1.25,10.01,7.51,1.25,9.19,914.00,32.59,32.59,1.20,133.54,132.03,842.11,2.38,0.77,1.26,0.24,1.03,0.00,0.13,169.54
2026-04-24T16:01:44.455,1777035704.455717,exp_latency_highq_repeat,400_lux,latency_high_quality_depth,,High quality depth image latency retest (staged metrics enabled).,1.7025,1,1,1,detected=True | in_zone=True | depth_valid=True | z=1.70 m | valid=16201/91776 | roi_mode=full,SAFE (z=1.70m),0,0,1,1,"[{""cx"":796.51,""cy"":479.65,""w"":382.86,""h"":954.19,""x1"":303,""y1"":1,""x2"":494,""y2"":478,""conf"":0.9408,""depth_m"":1.7111,""depth_valid"":true}]",0.9408,796.51,479.65,382.86,954.19,1.7111,1.11,10.01,7.79,1.11,9.19,914.00,50.96,50.96,1.20,132.52,130.60,879.91,2.38,0.77,1.26,0.24,1.03,0.00,0.13,186.89
2026-04-24T16:01:44.555,1777035704.555694,exp_latency_highq_repeat,400_lux,latency_high_quality_depth,,High quality depth image latency retest (staged metrics enabled).,1.7025,1,1,1,detected=True | in_zone=True | depth_valid=True | z=1.70 m | valid=16201/91776 | roi_mode=full,SAFE (z=1.70m),0,0,1,1,"[{""cx"":796.22,""cy"":479.65,""w"":383.56,""h"":954.27,""x1"":302,""y1"":1,""x2"":494,""y2"":478,""conf"":0.9428,""depth_m"":1.7111,""depth_valid"":true}]",0.9428,796.22,479.65,383.56,954.27,1.7111,1.00,10.01,8.01,1.00,9.19,914.00,65.18,65.18,1.20,112.71,110.91,960.64,2.38,0.77,1.26,0.24,1.03,0.00,0.13,181.30
2026-04-24T16:01:44.656,1777035704.655954,exp_latency_highq_repeat,400_lux,latency_high_quality_depth,,High quality depth image latency retest (staged metrics enabled).,1.7025,1,1,1,detected=True | in_zone=True | depth_valid=True | z=1.70 m | valid=16201/91776 | roi_mode=full,SAFE (z=1.70m),0,0,1,1,"[{""cx"":796.3,""cy"":480.03,""w"":384.01,""h"":955.1,""x1"":302,""y1"":1,""x2"":494,""y2"":479,""conf"":0.9422,""depth_m"":1.7132,""depth_valid"":true}]",0.9422,796.30,480.03,384.01,955.10,1.7132,0.91,10.01,8.19,0.91,9.19,914.00,52.24,52.24,1.20,104.38,102.98,972.90,2.38,0.77,1.26,0.24,1.03,0.00,0.13,160.04
2026-04-24T16:01:44.755,1777035704.755919,exp_latency_highq_repeat,400_lux,latency_high_quality_depth,,High quality depth image latency retest (staged metrics enabled).,1.7025,1,1,1,detected=True | in_zone=True | depth_valid=True | z=1.70 m | valid=16201/91776 | roi_mode=full,SAFE (z=1.70m),0,0,1,1,"[{""cx"":796.3,""cy"":480.03,""w"":384.01,""h"":955.1,""x1"":302,""y1"":1,""x2"":494,""y2"":479,""conf"":0.9422,""depth_m"":1.7132,""depth_valid"":true}]",0.9422,796.30,480.03,384.01,955.10,1.7132,0.00,10.00,0.00,0.00,9.19,914.00,43.63,43.63,1.20,104.38,102.98,972.90,2.38,0.77,1.26,0.24,1.03,0.00,0.13,151.43
2026-04-24T16:01:44.857,1777035704.857436,exp_latency_highq_repeat,400_lux,latency_high_quality_depth,,High quality depth image latency retest (staged metrics enabled).,1.7025,1,1,1,detected=True | in_zone=True | depth_valid=True | z=1.70 m | valid=16201/91776 | roi_mode=full,SAFE (z=1.70m),0,0,1,1,"[{""cx"":796.0,""cy"":479.35,""w"":384.89,""h"":953.64,""x1"":302,""y1"":1,""x2"":494,""y2"":478,""conf"":0.9423,""depth_m"":1.7111,""depth_valid"":true}]",0.9423,796.00,479.35,384.89,953.64,1.7111,0.00,9.93,4.96,0.00,9.19,914.00,15.32,15.32,1.20,142.20,140.77,1098.18,2.38,0.77,1.26,0.24,1.03,0.00,0.13,160.93
2026-04-24T16:01:44.964,1777035704.964734,exp_latency_highq_repeat,400_lux,latency_high_quality_depth,,High quality depth image latency retest (staged metrics enabled).,1.7025,1,1,1,detected=True | in_zone=True | depth_valid=True | z=1.70 m | valid=16201/91776 | roi_mode=full,SAFE (z=1.70m),0,0,1,1,"[{""cx"":795.67,""cy"":479.81,""w"":385.46,""h"":954.56,""x1"":301,""y1"":1,""x2"":494,""y2"":479,""conf"":0.9433,""depth_m"":1.7132,""depth_valid"":true}]",0.9433,795.67,479.81,385.46,954.56,1.7132,0.00,9.72,6.48,0.00,9.19,914.00,39.15,39.15,1.04,151.07,148.05,1197.36,2.38,0.77,1.26,0.24,1.03,0.00,0.13,193.63
2026-04-24T16:01:45.056,1777035705.056478,exp_latency_highq_repeat,400_lux,latency_high_quality_depth,,High quality depth image latency retest (staged metrics enabled).,1.7025,1,1,1,detected=True | in_zone=True | depth_valid=True | z=1.70 m | valid=16201/91776 | roi_mode=full,SAFE (z=1.70m),0,0,1,1,"[{""cx"":795.26,""cy"":479.82,""w"":385.43,""h"":954.5,""x1"":301,""y1"":1,""x2"":494,""y2"":479,""conf"":0.9425,""depth_m"":1.7132,""depth_valid"":true}]",0.9425,795.26,479.82,385.43,954.50,1.7132,0.00,9.99,7.49,0.00,9.19,914.00,34.98,34.98,1.04,124.67,122.11,468.22,2.38,0.77,1.26,0.24,1.03,0.00,0.13,163.07
2026-04-24T16:01:45.155,1777035705.155478,exp_latency_highq_repeat,400_lux,latency_high_quality_depth,,High quality depth image latency retest (staged metrics enabled).,1.7025,1,1,1,detected=True | in_zone=True | depth_valid=True | z=1.70 m | valid=16201/91776 | roi_mode=full,SAFE (z=1.70m),0,0,1,1,"[{""cx"":795.26,""cy"":479.82,""w"":385.43,""h"":954.5,""x1"":301,""y1"":1,""x2"":494,""y2"":479,""conf"":0.9425,""depth_m"":1.7132,""depth_valid"":true}]",0.9425,795.26,479.82,385.43,954.50,1.7132,0.00,10.01,6.01,0.00,9.19,914.00,25.38,25.38,1.04,124.67,122.11,468.22,2.38,0.77,1.26,0.24,1.03,0.00,0.13,153.47
2026-04-24T16:01:45.255,1777035705.255764,exp_latency_highq_repeat,400_lux,latency_high_quality_depth,,High quality depth image latency retest (staged metrics enabled).,1.7025,1,1,1,detected=True | in_zone=True | depth_valid=True | z=1.70 m | valid=16201/91776 | roi_mode=full,SAFE (z=1.70m),0,0,1,1,"[{""cx"":797.43,""cy"":480.23,""w"":384.61,""h"":954.74,""x1"":303,""y1"":1,""x2"":495,""y2"":479,""conf"":0.9418,""depth_m"":1.7111,""depth_valid"":true}]",0.9418,797.43,480.23,384.61,954.74,1.7111,0.00,10.00,6.67,0.00,9.19,914.00,37.23,37.23,1.04,146.55,145.11,509.05,2.38,0.77,1.26,0.24,1.03,0.00,0.13,187.19
2026-04-24T16:01:45.356,1777035705.356258,exp_latency_highq_repeat,400_lux,latency_high_quality_depth,,High quality depth image latency retest (staged metrics enabled).,1.7025,1,1,1,detected=True | in_zone=True | depth_valid=True | z=1.70 m | valid=16201/91776 | roi_mode=full,SAFE (z=1.70m),0,0,1,1,"[{""cx"":797.06,""cy"":480.34,""w"":383.32,""h"":955.07,""x1"":303,""y1"":1,""x2"":494,""y2"":479,""conf"":0.9404,""depth_m"":1.7111,""depth_valid"":true}]",0.9404,797.06,480.34,383.32,955.07,1.7111,0.00,10.00,7.14,0.00,9.19,914.00,43.83,43.83,1.04,123.59,121.99,423.27,2.38,0.77,1.26,0.24,1.03,0.00,0.13,170.84
2026-04-24T16:01:45.460,1777035705.460260,exp_latency_highq_repeat,400_lux,latency_high_quality_depth,,High quality depth image latency retest (staged metrics enabled).,1.7025,1,1,1,detected=True | in_zone=True | depth_valid=True | z=1.70 m | valid=16201/91776 | roi_mode=full,SAFE (z=1.70m),0,0,1,1,"[{""cx"":797.06,""cy"":480.34,""w"":383.32,""h"":955.07,""x1"":303,""y1"":1,""x2"":494,""y2"":479,""conf"":0.9404,""depth_m"":1.7111,""depth_valid"":true}]",0.9404,797.06,480.34,383.32,955.07,1.7111,0.00,9.95,6.22,0.00,9.19,914.00,42.05,42.05,1.04,123.59,121.99,423.27,2.38,0.77,1.26,0.24,1.03,0.00,0.13,169.06
2026-04-24T16:01:45.558,1777035705.558128,exp_latency_highq_repeat,400_lux,latency_high_quality_depth,,High quality depth image latency retest (staged metrics enabled).,1.7025,1,1,1,detected=True | in_zone=True | depth_valid=True | z=1.70 m | valid=16201/91776 | roi_mode=full,SAFE (z=1.70m),0,0,1,1,"[{""cx"":799.51,""cy"":480.56,""w"":386.05,""h"":955.79,""x1"":303,""y1"":1,""x2"":496,""y2"":479,""conf"":0.9386,""depth_m"":1.7111,""depth_valid"":true}]",0.9386,799.51,480.56,386.05,955.79,1.7111,0.00,9.98,6.65,0.00,9.19,914.00,41.27,41.27,1.04,125.86,124.15,66.36,2.38,0.77,1.26,0.24,1.03,0.00,0.13,170.54
2026-04-24T16:01:45.655,1777035705.655800,exp_latency_highq_repeat,400_lux,latency_high_quality_depth,,High quality depth image latency retest (staged metrics enabled).,1.7025,1,1,1,detected=True | in_zone=True | depth_valid=True | z=1.70 m | valid=16201/91776 | roi_mode=full,SAFE (z=1.70m),0,0,1,1,"[{""cx"":802.41,""cy"":480.81,""w"":388.26,""h"":956.38,""x1"":304,""y1"":1,""x2"":498,""y2"":479,""conf"":0.9323,""depth_m"":1.709,""depth_valid"":true}]",0.9323,802.41,480.81,388.26,956.38,1.7090,0.00,10.00,7.00,0.00,9.19,914.00,31.21,31.21,1.04,142.44,140.79,15.62,2.38,0.77,1.26,0.24,1.03,0.00,0.13,177.06
2026-04-24T16:01:45.757,1777035705.756968,exp_latency_highq_repeat,400_lux,latency_high_quality_depth,,High quality depth image latency retest (staged metrics enabled).,1.7025,1,1,1,detected=True | in_zone=True | depth_valid=True | z=1.70 m | valid=16201/91776 | roi_mode=full,SAFE (z=1.70m),0,0,1,1,"[{""cx"":802.41,""cy"":480.81,""w"":388.26,""h"":956.38,""x1"":304,""y1"":1,""x2"":498,""y2"":479,""conf"":0.9323,""depth_m"":1.709,""depth_valid"":true}]",0.9323,802.41,480.81,388.26,956.38,1.7090,0.00,9.99,6.36,0.00,9.19,914.00,51.80,51.80,1.04,142.44,126.62,15.62,2.38,0.77,1.26,0.24,1.03,0.00,0.13,197.65
2026-04-24T16:01:45.856,1777035705.856072,exp_latency_highq_repeat,400_lux,latency_high_quality_depth,,High quality depth image latency retest (staged metrics enabled).,1.7025,1,1,1,detected=True | in_zone=True | depth_valid=True | z=1.70 m | valid=16201/91776 | roi_mode=full,SAFE (z=1.70m),0,0,1,1,"[{""cx"":805.38,""cy"":480.91,""w"":390.24,""h"":956.96,""x1"":305,""y1"":1,""x2"":500,""y2"":480,""conf"":0.9349,""depth_m"":1.7111,""depth_valid"":true}]",0.9349,805.38,480.91,390.24,956.96,1.7111,0.00,10.09,10.09,0.00,9.19,914.00,54.63,54.63,10.15,128.43,126.62,98.52,2.38,0.77,1.26,0.24,1.03,0.00,0.13,186.47
2026-04-24T16:01:45.955,1777035705.955683,exp_latency_highq_repeat,400_lux,latency_high_quality_depth,,High quality depth image latency retest (staged metrics enabled).,1.7025,1,1,1,detected=True | in_zone=True | depth_valid=True | z=1.70 m | valid=16201/91776 | roi_mode=full,SAFE (z=1.70m),0,0,1,1,"[{""cx"":806.12,""cy"":481.24,""w"":390.68,""h"":957.51,""x1"":305,""y1"":1,""x2"":501,""y2"":480,""conf"":0.9342,""depth_m"":1.7111,""depth_valid"":true}]",0.9342,806.12,481.24,390.68,957.51,1.7111,0.00,10.06,10.06,0.00,9.19,914.00,48.93,48.93,10.15,121.86,116.21,14.73,2.38,0.77,1.26,0.24,1.03,0.00,0.13,174.21
2026-04-24T16:01:46.056,1777035706.056344,exp_latency_highq_repeat,400_lux,latency_high_quality_depth,,High quality depth image latency retest (staged metrics enabled).,1.7025,1,1,1,detected=True | in_zone=True | depth_valid=True | z=1.70 m | valid=16201/91776 | roi_mode=full,SAFE (z=1.70m),0,0,1,1,"[{""cx"":808.33,""cy"":478.76,""w"":402.32,""h"":954.03,""x1"":304,""y1"":1,""x2"":505,""y2"":478,""conf"":0.939,""depth_m"":1.709,""depth_valid"":true}]",0.9390,808.33,478.76,402.32,954.03,1.7090,0.00,10.02,10.02,0.00,9.19,914.00,49.06,49.06,10.15,112.84,110.37,83.45,2.38,0.77,1.26,0.24,1.03,0.00,0.13,165.31
2026-04-24T16:01:46.155,1777035706.155728,exp_latency_highq_repeat,400_lux,latency_high_quality_depth,,High quality depth image latency retest (staged metrics enabled).,1.7025,1,1,1,detected=True | in_zone=True | depth_valid=True | z=1.70 m | valid=16201/91776 | roi_mode=full,SAFE (z=1.70m),0,0,1,1,"[{""cx"":808.33,""cy"":478.76,""w"":402.32,""h"":954.03,""x1"":304,""y1"":1,""x2"":505,""y2"":478,""conf"":0.939,""depth_m"":1.709,""depth_valid"":true}]",0.9390,808.33,478.76,402.32,954.03,1.7090,0.00,10.03,7.52,0.00,9.19,914.00,37.39,37.39,10.15,112.84,110.37,83.45,2.38,0.77,1.26,0.24,1.03,0.00,0.13,153.64
2026-04-24T16:01:46.256,1777035706.256377,exp_latency_highq_repeat,400_lux,latency_high_quality_depth,,High quality depth image latency retest (staged metrics enabled).,1.6952,1,1,1,detected=True | in_zone=True | depth_valid=True | z=1.70 m | valid=16603/96831 | roi_mode=full,SAFE (z=1.70m),0,0,1,1,"[{""cx"":807.26,""cy"":478.85,""w"":404.66,""h"":954.27,""x1"":302,""y1"":1,""x2"":505,""y2"":478,""conf"":0.9406,""depth_m"":1.709,""depth_valid"":true}]",0.9406,807.26,478.85,404.66,954.27,1.7090,2.00,10.01,8.01,2.00,2078.06,277.88,12.03,32.42,12.03,107.78,105.98,142.19,1.94,0.60,1.01,0.23,1.30,0.00,0.10,123.05
2026-04-24T16:01:46.355,1777035706.355597,exp_latency_highq_repeat,400_lux,latency_high_quality_depth,,High quality depth image latency retest (staged metrics enabled).,1.6952,1,1,1,detected=True | in_zone=True | depth_valid=True | z=1.70 m | valid=16603/96831 | roi_mode=full,SAFE (z=1.70m),0,0,1,1,"[{""cx"":802.36,""cy"":475.63,""w"":406.26,""h"":948.93,""x1"":300,""y1"":1,""x2"":503,""y2"":475,""conf"":0.9355,""depth_m"":1.709,""depth_valid"":true}]",0.9355,802.36,475.63,406.26,948.93,1.7090,1.67,10.02,8.35,1.67,2078.06,277.88,37.80,37.80,12.03,151.84,150.37,197.28,1.94,0.60,1.01,0.23,1.30,0.00,0.10,192.88
2026-04-24T16:01:46.457,1777035706.457788,exp_latency_highq_repeat,400_lux,latency_high_quality_depth,,High quality depth image latency retest (staged metrics enabled).,1.6952,1,1,1,detected=True | in_zone=True | depth_valid=True | z=1.70 m | valid=16603/96831 | roi_mode=full,SAFE (z=1.70m),0,0,1,1,"[{""cx"":795.77,""cy"":478.92,""w"":406.39,""h"":954.8,""x1"":296,""y1"":1,""x2"":499,""y2"":478,""conf"":0.9343,""depth_m"":1.7153,""depth_valid"":true}]",0.9343,795.77,478.92,406.39,954.80,1.7153,1.43,9.99,8.56,1.43,2078.06,277.88,45.79,45.79,12.03,125.16,123.67,270.53,1.94,0.60,1.01,0.23,1.30,0.00,0.10,174.18
2026-04-24T16:01:46.555,1777035706.555667,exp_latency_highq_repeat,400_lux,latency_high_quality_depth,,High quality depth image latency retest (staged metrics enabled).,1.6952,1,1,1,detected=True | in_zone=True | depth_valid=True | z=1.70 m | valid=16603/96831 | roi_mode=full,SAFE (z=1.70m),0,0,1,1,"[{""cx"":795.77,""cy"":478.92,""w"":406.39,""h"":954.8,""x1"":296,""y1"":1,""x2"":499,""y2"":478,""conf"":0.9343,""depth_m"":1.7153,""depth_valid"":true}]",0.9343,795.77,478.92,406.39,954.80,1.7153,1.25,10.02,7.51,1.25,2078.06,277.88,45.30,45.30,12.03,125.16,123.67,270.53,1.94,0.60,1.01,0.23,1.30,0.00,0.10,173.70
2026-04-24T16:01:46.655,1777035706.655692,exp_latency_highq_repeat,400_lux,latency_high_quality_depth,,High quality depth image latency retest (staged metrics enabled).,1.6952,1,1,1,detected=True | in_zone=True | depth_valid=True | z=1.70 m | valid=16603/96831 | roi_mode=full,SAFE (z=1.70m),0,0,1,1,"[{""cx"":767.14,""cy"":477.92,""w"":448.8,""h"":953.12,""x1"":271,""y1"":1,""x2"":496,""y2"":477,""conf"":0.9424,""depth_m"":1.7412,""depth_valid"":true}]",0.9424,767.14,477.92,448.80,953.12,1.7412,1.11,10.01,7.79,1.11,2078.06,277.88,57.27,57.27,8.99,138.42,136.75,369.01,1.94,0.60,1.01,0.23,1.30,0.00,0.10,198.93
2026-04-24T16:01:46.755,1777035706.755847,exp_latency_highq_repeat,400_lux,latency_high_quality_depth,,High quality depth image latency retest (staged metrics enabled).,1.6952,1,1,1,detected=True | in_zone=True | depth_valid=True | z=1.70 m | valid=16603/96831 | roi_mode=full,SAFE (z=1.70m),0,0,1,1,"[{""cx"":737.9,""cy"":479.04,""w"":500.18,""h"":954.59,""x1"":244,""y1"":1,""x2"":494,""y2"":478,""conf"":0.9286,""depth_m"":1.7369,""depth_valid"":true}]",0.9286,737.90,479.04,500.18,954.59,1.7369,1.00,10.01,8.01,1.00,2078.06,277.88,44.08,44.08,8.99,131.72,130.11,428.62,1.94,0.60,1.01,0.23,1.30,0.00,0.10,179.04
2026-04-24T16:01:46.857,1777035706.857637,exp_latency_highq_repeat,400_lux,latency_high_quality_depth,,High quality depth image latency retest (staged metrics enabled).,1.6952,1,1,1,detected=True | in_zone=True | depth_valid=True | z=1.70 m | valid=16603/96831 | roi_mode=full,SAFE (z=1.70m),0,0,1,1,"[{""cx"":746.95,""cy"":481.14,""w"":474.63,""h"":957.72,""x1"":255,""y1"":1,""x2"":492,""y2"":480,""conf"":0.9318,""depth_m"":1.7217,""depth_valid"":true}]",0.9318,746.95,481.14,474.63,957.72,1.7217,0.91,9.99,8.18,0.91,2078.06,277.88,39.68,39.68,8.99,130.04,128.46,522.34,1.94,0.60,1.01,0.23,1.30,0.00,0.10,172.95
2026-04-24T16:01:46.955,1777035706.955700,exp_latency_highq_repeat,400_lux,latency_high_quality_depth,,High quality depth image latency retest (staged metrics enabled).,1.6926,1,1,1,detected=True | in_zone=True | depth_valid=True | z=1.69 m | valid=31567/113523 | roi_mode=full,SAFE (z=1.69m),0,1,1,1,"[{""cx"":746.95,""cy"":481.14,""w"":474.63,""h"":957.72,""x1"":255,""y1"":1,""x2"":492,""y2"":480,""conf"":0.9318,""depth_m"":1.7217,""depth_valid"":true}]",0.9318,746.95,481.14,474.63,957.72,1.7217,10.20,10.20,0.00,10.20,343.82,639.62,6.02,29.82,6.02,130.04,128.46,522.34,7.28,0.92,2.55,3.69,0.17,0.01,0.09,143.52
2026-04-24T16:01:47.055,1777035707.055771,exp_latency_highq_repeat,400_lux,latency_high_quality_depth,,High quality depth image latency retest (staged metrics enabled).,1.6926,1,1,1,detected=True | in_zone=True | depth_valid=True | z=1.69 m | valid=31567/113523 | roi_mode=full,SAFE (z=1.69m),0,0,1,1,"[{""cx"":719.33,""cy"":480.8,""w"":497.11,""h"":958.39,""x1"":235,""y1"":1,""x2"":484,""y2"":480,""conf"":0.8927,""depth_m"":1.7434,""depth_valid"":true}]",0.8927,719.33,480.80,497.11,958.39,1.7434,5.05,10.09,5.05,5.05,343.82,639.62,56.47,56.47,6.02,183.33,179.81,659.85,7.28,0.92,2.55,3.69,0.17,0.01,0.09,247.25
2026-04-24T16:01:47.156,1777035707.156553,exp_latency_highq_repeat,400_lux,latency_high_quality_depth,,High quality depth image latency retest (staged metrics enabled).,1.6926,1,1,1,detected=True | in_zone=True | depth_valid=True | z=1.69 m | valid=31567/113523 | roi_mode=full,SAFE (z=1.69m),0,0,1,1,"[{""cx"":719.33,""cy"":480.8,""w"":497.11,""h"":958.39,""x1"":235,""y1"":1,""x2"":484,""y2"":480,""conf"":0.8927,""depth_m"":1.7434,""depth_valid"":true}]",0.8927,719.33,480.80,497.11,958.39,1.7434,3.35,10.04,3.35,3.35,343.82,639.62,49.66,49.66,6.02,183.33,115.10,659.85,7.28,0.92,2.55,3.69,0.17,0.01,0.09,240.45
2026-04-24T16:01:47.255,1777035707.255687,exp_latency_highq_repeat,400_lux,latency_high_quality_depth,,High quality depth image latency retest (staged metrics enabled).,1.6926,1,1,1,detected=True | in_zone=True | depth_valid=True | z=1.69 m | valid=31567/113523 | roi_mode=full,SAFE (z=1.69m),0,0,1,1,"[{""cx"":722.29,""cy"":481.33,""w"":471.06,""h"":957.34,""x1"":243,""y1"":1,""x2"":479,""y2"":480,""conf"":0.9174,""depth_m"":1.7434,""depth_valid"":true}]",0.9174,722.29,481.33,471.06,957.34,1.7434,2.51,10.05,5.02,2.51,343.82,639.62,45.79,45.79,6.02,119.34,115.10,692.95,7.28,0.92,2.55,3.69,0.17,0.01,0.09,172.59
2026-04-24T16:01:47.357,1777035707.357854,exp_latency_highq_repeat,400_lux,latency_high_quality_depth,,High quality depth image latency retest (staged metrics enabled).,1.6886,1,1,1,detected=True | in_zone=True | depth_valid=True | z=1.69 m | valid=32556/113044 | roi_mode=full,SAFE (z=1.69m),0,0,1,1,"[{""cx"":709.64,""cy"":478.36,""w"":441.07,""h"":950.5,""x1"":245,""y1"":2,""x2"":465,""y2"":477,""conf"":0.9442,""depth_m"":1.6881,""depth_valid"":true}]",0.9442,709.64,478.36,441.07,950.50,1.6881,4.00,10.00,6.00,4.00,701.14,907.23,1.64,53.02,1.64,153.17,151.30,810.84,4.37,1.13,1.73,1.35,1.70,0.00,0.14,160.87
2026-04-24T16:01:47.463,1777035707.463559,exp_latency_highq_repeat,400_lux,latency_high_quality_depth,,High quality depth image latency retest (staged metrics enabled).,1.6886,1,1,1,detected=True | in_zone=True | depth_valid=True | z=1.69 m | valid=32556/113044 | roi_mode=full,SAFE (z=1.69m),0,0,1,1,"[{""cx"":709.64,""cy"":478.36,""w"":441.07,""h"":950.5,""x1"":245,""y1"":2,""x2"":465,""y2"":477,""conf"":0.9442,""depth_m"":1.6881,""depth_valid"":true}]",0.9442,709.64,478.36,441.07,950.50,1.6881,3.30,9.90,4.95,3.30,701.14,907.23,22.37,22.37,1.64,153.17,151.30,810.84,4.37,1.13,1.73,1.35,1.70,0.00,0.14,181.61
2026-04-24T16:01:47.555,1777035707.555570,exp_latency_highq_repeat,400_lux,latency_high_quality_depth,,High quality depth image latency retest (staged metrics enabled).,1.6886,1,1,1,detected=True | in_zone=True | depth_valid=True | z=1.69 m | valid=32556/113044 | roi_mode=full,SAFE (z=1.69m),0,0,1,1,"[{""cx"":696.14,""cy"":480.98,""w"":447.08,""h"":956.85,""x1"":236,""y1"":1,""x2"":460,""y2"":480,""conf"":0.9215,""depth_m"":1.6943,""depth_valid"":true}]",0.9215,696.14,480.98,447.08,956.85,1.6943,2.87,10.03,5.73,2.87,701.14,907.23,45.37,45.37,1.64,215.30,211.31,914.10,4.37,1.13,1.73,1.35,1.70,0.00,0.14,266.74
2026-04-24T16:01:47.655,1777035707.655830,exp_latency_highq_repeat,400_lux,latency_high_quality_depth,,High quality depth image latency retest (staged metrics enabled).,1.6886,1,1,1,detected=True | in_zone=True | depth_valid=True | z=1.69 m | valid=32556/113044 | roi_mode=full,SAFE (z=1.69m),0,0,1,1,"[{""cx"":696.14,""cy"":480.98,""w"":447.08,""h"":956.85,""x1"":236,""y1"":1,""x2"":460,""y2"":480,""conf"":0.9215,""depth_m"":1.6943,""depth_valid"":true}]",0.9215,696.14,480.98,447.08,956.85,1.6943,2.51,10.02,5.01,2.51,701.14,907.23,42.74,42.74,1.64,215.30,211.31,914.10,4.37,1.13,1.73,1.35,1.70,0.00,0.14,264.10
2026-04-24T16:01:47.755,1777035707.755663,exp_latency_highq_repeat,400_lux,latency_high_quality_depth,,High quality depth image latency retest (staged metrics enabled).,1.6886,1,1,1,detected=True | in_zone=True | depth_valid=True | z=1.69 m | valid=32556/113044 | roi_mode=full,SAFE (z=1.69m),0,0,1,1,"[{""cx"":664.96,""cy"":481.84,""w"":484.68,""h"":956.32,""x1"":211,""y1"":2,""x2"":454,""y2"":480,""conf"":0.9357,""depth_m"":1.7048,""depth_valid"":true}]",0.9357,664.96,481.84,484.68,956.32,1.7048,2.23,10.02,5.57,2.23,701.14,907.23,58.82,58.82,1.64,129.88,128.08,908.09,4.37,1.13,1.73,1.35,1.70,0.00,0.14,194.77
2026-04-24T16:01:47.855,1777035707.855659,exp_latency_highq_repeat,400_lux,latency_high_quality_depth,,High quality depth image latency retest (staged metrics enabled).,1.6886,1,1,1,detected=True | in_zone=True | depth_valid=True | z=1.69 m | valid=32556/113044 | roi_mode=full,SAFE (z=1.69m),0,0,2,2,"[{""cx"":556.02,""cy"":480.49,""w"":464.69,""h"":959.02,""x1"":162,""y1"":0,""x2"":394,""y2"":480,""conf"":0.9294,""depth_m"":1.739,""depth_valid"":true},{""cx"":845.1,""cy"":438.22,""w"":87.32,""h"":103.87,""x1"":401,""y1"":193,""x2"":444,""y2"":245,""conf"":0.6142,""depth_m"":1.6096,""depth_valid"":true}]",0.9294,556.02,480.49,464.69,959.02,1.7390,2.00,10.02,6.01,2.00,701.14,907.23,51.86,51.86,1.64,118.89,117.03,781.15,4.37,1.13,1.73,1.35,1.70,0.00,0.14,176.81
2026-04-24T16:01:47.955,1777035707.955829,exp_latency_highq_repeat,400_lux,latency_high_quality_depth,,High quality depth image latency retest (staged metrics enabled).,1.6886,1,1,1,detected=True | in_zone=True | depth_valid=True | z=1.69 m | valid=32556/113044 | roi_mode=full,SAFE (z=1.69m),0,0,2,2,"[{""cx"":409.97,""cy"":478.76,""w"":364.83,""h"":953.27,""x1"":114,""y1"":1,""x2"":296,""y2"":478,""conf"":0.9563,""depth_m"":1.7679,""depth_valid"":true},{""cx"":844.76,""cy"":438.23,""w"":87.85,""h"":104.96,""x1"":400,""y1"":193,""x2"":444,""y2"":245,""conf"":0.6142,""depth_m"":1.6115,""depth_valid"":true}]",0.9563,409.97,478.76,364.83,953.27,1.7679,1.82,10.02,6.37,1.82,701.14,907.23,53.63,53.63,1.64,117.98,116.23,765.44,4.37,1.13,1.73,1.35,1.70,0.00,0.14,177.67
2026-04-24T16:01:48.057,1777035708.056885,exp_latency_highq_repeat,400_lux,latency_high_quality_depth,,High quality depth image latency retest (staged metrics enabled).,1.6886,1,1,1,detected=True | in_zone=True | depth_valid=True | z=1.69 m | valid=32556/113044 | roi_mode=full,SAFE (z=1.69m),0,0,2,2,"[{""cx"":318.41,""cy"":480.0,""w"":505.78,""h"":960.0,""x1"":33,""y1"":0,""x2"":286,""y2"":480,""conf"":0.9343,""depth_m"":1.9719,""depth_valid"":true},{""cx"":845.18,""cy"":437.34,""w"":87.06,""h"":103.43,""x1"":401,""y1"":193,""x2"":444,""y2"":245,""conf"":0.5749,""depth_m"":1.6096,""depth_valid"":true}]",0.9343,318.41,480.00,505.78,960.00,1.9719,0.00,9.90,9.90,0.00,701.14,907.23,61.53,61.53,1.64,115.16,113.83,783.27,4.37,1.13,1.73,1.35,1.70,0.00,0.14,182.75
2026-04-24T16:01:48.155,1777035708.155472,exp_latency_highq_repeat,400_lux,latency_high_quality_depth,,High quality depth image latency retest (staged metrics enabled).,1.9450,1,1,1,detected=True | in_zone=True | depth_valid=True | z=1.94 m | valid=13742/121440 | roi_mode=full,SAFE (z=1.94m),0,1,2,1,"[{""cx"":294.79,""cy"":479.28,""w"":536.39,""h"":958.55,""x1"":13,""y1"":0,""x2"":281,""y2"":479,""conf"":0.9144,""depth_m"":2.0091,""depth_valid"":true},{""cx"":845.01,""cy"":437.13,""w"":87.5,""h"":103.06,""x1"":401,""y1"":193,""x2"":444,""y2"":244,""conf"":0.5791,""depth_m"":null,""depth_valid"":false}]",0.9144,294.79,479.28,536.39,958.55,2.0091,5.01,10.02,10.02,5.01,7.47,915.77,70.93,70.93,4.61,102.79,101.09,745.94,2.41,0.65,0.98,0.67,0.24,0.00,0.16,176.37
2026-04-24T16:01:48.255,1777035708.255592,exp_latency_highq_repeat,400_lux,latency_high_quality_depth,,High quality depth image latency retest (staged metrics enabled).,1.9450,1,1,1,detected=True | in_zone=True | depth_valid=True | z=1.94 m | valid=13742/121440 | roi_mode=full,SAFE (z=1.94m),0,0,2,1,"[{""cx"":294.79,""cy"":479.28,""w"":536.39,""h"":958.55,""x1"":13,""y1"":0,""x2"":281,""y2"":479,""conf"":0.9144,""depth_m"":2.0091,""depth_valid"":true},{""cx"":845.01,""cy"":437.13,""w"":87.5,""h"":103.06,""x1"":401,""y1"":193,""x2"":444,""y2"":244,""conf"":0.5791,""depth_m"":null,""depth_valid"":false}]",0.9144,294.79,479.28,536.39,958.55,2.0091,3.34,10.01,6.67,3.34,7.47,915.77,50.82,50.82,4.61,102.79,109.99,745.94,2.41,0.65,0.98,0.67,0.24,0.00,0.16,156.26
2026-04-24T16:01:48.356,1777035708.356353,exp_latency_highq_repeat,400_lux,latency_high_quality_depth,,High quality depth image latency retest (staged metrics enabled).,1.9450,1,1,1,detected=True | in_zone=True | depth_valid=True | z=1.94 m | valid=13742/121440 | roi_mode=full,SAFE (z=1.94m),0,0,2,1,"[{""cx"":222.79,""cy"":476.62,""w"":445.59,""h"":947.07,""x1"":0,""y1"":2,""x2"":223,""y2"":475,""conf"":0.9009,""depth_m"":1.9804,""depth_valid"":true},{""cx"":844.51,""cy"":437.98,""w"":88.02,""h"":104.58,""x1"":400,""y1"":193,""x2"":444,""y2"":245,""conf"":0.6157,""depth_m"":null,""depth_valid"":false}]",0.9009,222.79,476.62,445.59,947.07,1.9804,2.50,9.99,7.49,2.50,7.47,915.77,40.60,40.60,4.61,111.87,109.99,830.68,2.41,0.65,0.98,0.67,0.24,0.00,0.16,155.11
2026-04-24T16:01:48.456,1777035708.456352,exp_latency_highq_repeat,400_lux,latency_high_quality_depth,,High quality depth image latency retest (staged metrics enabled).,1.9450,1,1,1,detected=True | in_zone=True | depth_valid=True | z=1.94 m | valid=13742/121440 | roi_mode=full,SAFE (z=1.94m),0,0,2,1,"[{""cx"":166.19,""cy"":476.92,""w"":330.49,""h"":948.08,""x1"":0,""y1"":1,""x2"":166,""y2"":475,""conf"":0.6805,""depth_m"":1.9497,""depth_valid"":true},{""cx"":844.68,""cy"":437.22,""w"":87.84,""h"":103.16,""x1"":400,""y1"":193,""x2"":444,""y2"":244,""conf"":0.6114,""depth_m"":null,""depth_valid"":false}]",0.6805,166.19,476.92,330.49,948.08,1.9497,2.00,9.99,7.99,2.00,7.47,915.77,53.90,53.90,4.61,134.98,133.35,933.38,2.41,0.65,0.98,0.67,0.24,0.00,0.16,191.53
2026-04-24T16:01:48.556,1777035708.556601,exp_latency_highq_repeat,400_lux,latency_high_quality_depth,,High quality depth image latency retest (staged metrics enabled).,1.9450,1,1,1,detected=True | in_zone=True | depth_valid=True | z=1.94 m | valid=13742/121440 | roi_mode=full,SAFE (z=1.94m),0,0,2,1,"[{""cx"":159.47,""cy"":480.8,""w"":316.6,""h"":958.39,""x1"":1,""y1"":1,""x2"":159,""y2"":480,""conf"":0.7116,""depth_m"":1.9415,""depth_valid"":true},{""cx"":844.96,""cy"":437.2,""w"":87.05,""h"":103.19,""x1"":401,""y1"":193,""x2"":444,""y2"":244,""conf"":0.6282,""depth_m"":null,""depth_valid"":false}]",0.7116,159.47,480.80,316.60,958.39,1.9415,1.66,9.99,8.32,1.66,7.47,915.77,75.62,75.62,4.61,104.98,100.89,994.44,2.41,0.65,0.98,0.67,0.24,0.00,0.16,183.24
2026-04-24T16:01:48.655,1777035708.655786,exp_latency_highq_repeat,400_lux,latency_high_quality_depth,,High quality depth image latency retest (staged metrics enabled).,2.0033,1,1,1,detected=True | in_zone=True | depth_valid=True | z=2.00 m | valid=2023/75682 | roi_mode=full,SAFE (z=2.00m),0,1,2,1,"[{""cx"":120.17,""cy"":478.22,""w"":238.72,""h"":952.03,""x1"":0,""y1"":1,""x2"":120,""y2"":477,""conf"":0.9005,""depth_m"":1.9932,""depth_valid"":true},{""cx"":844.98,""cy"":437.43,""w"":87.39,""h"":104.01,""x1"":401,""y1"":193,""x2"":444,""y2"":245,""conf"":0.6342,""depth_m"":null,""depth_valid"":false}]",0.9005,120.17,478.22,238.72,952.03,1.9932,2.86,10.00,8.57,2.86,8.60,1127.36,54.00,54.00,9.39,136.56,133.82,993.01,7.16,0.77,1.88,4.28,3.23,0.00,0.16,200.95
2026-04-24T16:01:48.755,1777035708.755691,exp_latency_highq_repeat,400_lux,latency_high_quality_depth,,High quality depth image latency retest (staged metrics enabled).,1.9827,1,1,1,detected=True | in_zone=True | depth_valid=True | z=1.98 m | valid=40/57120 | roi_mode=full,SAFE (z=1.98m),0,1,2,1,"[{""cx"":120.17,""cy"":478.22,""w"":238.72,""h"":952.03,""x1"":0,""y1"":1,""x2"":120,""y2"":477,""conf"":0.9005,""depth_m"":1.9932,""depth_valid"":true},{""cx"":844.98,""cy"":437.43,""w"":87.39,""h"":104.01,""x1"":401,""y1"":193,""x2"":444,""y2"":245,""conf"":0.6342,""depth_m"":null,""depth_valid"":false}]",0.9005,120.17,478.22,238.72,952.03,1.9932,3.75,10.00,7.50,3.75,145.24,1215.78,2.80,37.07,2.80,136.56,133.82,993.01,5.45,0.41,0.51,4.43,0.18,0.00,0.10,144.98
