wall_time_iso,ros_time_s,experiment_id,lighting,scenario,ground_truth_m,notes,person_z_m,person_detected,depth_valid,in_zone,depth_status_text,safety_state_text,safety_level,state_changed,det_count,det_depth_valid_count,detections_json,closest_det_conf,closest_bbox_cx,closest_bbox_cy,closest_bbox_w,closest_bbox_h,closest_depth_m,input_fps,output_fps,det_fps,safety_state_hz,e2e_latency_ms_disp_to_safety,e2e_latency_ms_det_to_safety,camera_node_ms,yolo_node_ms,depth_node_ms,safety_node_ms,total_system_latency_ms
2026-04-24T14:41:01.634,1777030861.634636,exp_latency_final,400_lux,latency_measurement,,,-1.0000,0,0,0,,,0,0,0,0,[],0.0000,-1.00,-1.00,-1.00,-1.00,,0.00,4.65,0.00,0.00,,,,,,,
2026-04-24T14:41:01.734,1777030861.734542,exp_latency_final,400_lux,latency_measurement,,,-1.0000,0,0,0,,,0,0,0,0,[],0.0000,-1.00,-1.00,-1.00,-1.00,,0.00,6.35,0.00,0.00,,,,,,,
2026-04-24T14:41:01.834,1777030861.834657,exp_latency_final,400_lux,latency_measurement,,,-1.0000,0,0,0,,,0,0,0,0,[],0.0000,-1.00,-1.00,-1.00,-1.00,,0.00,7.23,0.00,0.00,,,,,,,
2026-04-24T14:41:01.935,1777030861.935344,exp_latency_final,400_lux,latency_measurement,,,-1.0000,0,0,0,,SAFE (z=invalid),0,0,0,0,[],0.0000,-1.00,-1.00,-1.00,-1.00,,0.00,7.76,0.00,1.94,,,,,,,
2026-04-24T14:41:02.037,1777030862.037655,exp_latency_final,400_lux,latency_measurement,,,-1.0000,0,0,0,,SAFE (z=invalid),0,0,0,0,[],0.0000,-1.00,-1.00,-1.00,-1.00,,0.00,8.09,0.00,1.62,,,,,,,
2026-04-24T14:41:02.136,1777030862.136398,exp_latency_final,400_lux,latency_measurement,,,-1.0000,0,0,0,,SAFE (z=invalid),0,0,0,0,[],0.0000,-1.00,-1.00,-1.00,-1.00,,0.00,8.37,0.00,2.79,,,,,,,
2026-04-24T14:41:02.234,1777030862.234588,exp_latency_final,400_lux,latency_measurement,,,-1.0000,0,0,0,,SAFE (z=invalid),0,0,0,0,[],0.0000,-1.00,-1.00,-1.00,-1.00,,0.00,8.59,0.00,2.45,,,,,,,
2026-04-24T14:41:02.334,1777030862.334645,exp_latency_final,400_lux,latency_measurement,,,-1.0000,0,0,0,detected=False | in_zone=False | depth_valid=False | z=invalid | valid=0/0 | roi_mode=full,SAFE (z=invalid),0,0,0,0,[],0.0000,-1.00,-1.00,-1.00,-1.00,,1.09,8.74,0.00,3.28,,,,,,,
2026-04-24T14:41:02.434,1777030862.434619,exp_latency_final,400_lux,latency_measurement,,,-1.0000,0,0,0,detected=False | in_zone=False | depth_valid=False | z=invalid | valid=0/0 | roi_mode=full,SAFE (z=invalid),0,0,1,0,"[{""cx"":440.6,""cy"":448.81,""w"":101.35,""h"":80.11,""x1"":-1,""y1"":-1,""x2"":-1,""y2"":-1,""conf"":0.6497,""depth_m"":null,""depth_valid"":false}]",0.6497,440.60,448.81,101.35,80.11,,1.97,8.87,0.99,3.94,,,,,,,
2026-04-24T14:41:02.534,1777030862.534626,exp_latency_final,400_lux,latency_measurement,,,-1.0000,0,0,0,detected=False | in_zone=False | depth_valid=False | z=invalid | valid=0/0 | roi_mode=full,SAFE (z=invalid),0,0,1,0,"[{""cx"":440.6,""cy"":448.81,""w"":101.35,""h"":80.11,""x1"":-1,""y1"":-1,""x2"":-1,""y2"":-1,""conf"":0.6497,""depth_m"":null,""depth_valid"":false}]",0.6497,440.60,448.81,101.35,80.11,,10.00,10.00,0.00,10.00,,900.39,,,,,900.39
2026-04-24T14:41:02.635,1777030862.635372,exp_latency_final,400_lux,latency_measurement,,,-1.0000,0,0,0,detected=False | in_zone=False | depth_valid=False | z=invalid | valid=0/0 | roi_mode=full,SAFE (z=invalid),0,0,1,0,"[{""cx"":440.73,""cy"":447.61,""w"":101.43,""h"":82.29,""x1"":-1,""y1"":-1,""x2"":-1,""y2"":-1,""conf"":0.6369,""depth_m"":null,""depth_valid"":false}]",0.6369,440.73,447.61,101.43,82.29,,9.96,9.96,4.98,9.96,,888.06,,,,,888.06
2026-04-24T14:41:02.734,1777030862.734576,exp_latency_final,400_lux,latency_measurement,,,-1.0000,0,0,0,detected=False | in_zone=False | depth_valid=False | z=invalid | valid=0/0 | roi_mode=full,SAFE (z=invalid),0,0,1,0,"[{""cx"":441.3,""cy"":446.13,""w"":104.07,""h"":84.79,""x1"":-1,""y1"":-1,""x2"":-1,""y2"":-1,""conf"":0.6758,""depth_m"":null,""depth_valid"":false}]",0.6758,441.30,446.13,104.07,84.79,,10.00,10.00,6.67,10.00,,922.23,,,,,922.23
2026-04-24T14:41:02.834,1777030862.834893,exp_latency_final,400_lux,latency_measurement,,,-1.0000,0,0,0,detected=False | in_zone=False | depth_valid=False | z=invalid | valid=0/0 | roi_mode=full,SAFE (z=invalid),0,0,1,0,"[{""cx"":441.3,""cy"":446.13,""w"":104.07,""h"":84.79,""x1"":-1,""y1"":-1,""x2"":-1,""y2"":-1,""conf"":0.6758,""depth_m"":null,""depth_valid"":false}]",0.6758,441.30,446.13,104.07,84.79,,9.99,9.99,5.00,9.99,,1034.04,,,,,1034.04
2026-04-24T14:41:02.944,1777030862.943938,exp_latency_final,400_lux,latency_measurement,,,-1.0000,0,0,0,detected=False | in_zone=False | depth_valid=False | z=invalid | valid=0/0 | roi_mode=full,SAFE (z=invalid),0,0,1,0,"[{""cx"":440.62,""cy"":445.21,""w"":103.03,""h"":86.55,""x1"":65,""y1"":67,""x2"":82,""y2"":81,""conf"":0.7271,""depth_m"":null,""depth_valid"":false}]",0.7271,440.62,445.21,103.03,86.55,,7.85,9.82,5.89,7.85,,1034.04,,,,,1034.04
2026-04-24T14:41:03.034,1777030863.034508,exp_latency_final,400_lux,latency_measurement,,,-1.0000,0,0,0,detected=False | in_zone=False | depth_valid=False | z=invalid | valid=0/0 | roi_mode=full,SAFE (z=invalid),0,0,1,0,"[{""cx"":439.83,""cy"":444.41,""w"":101.7,""h"":88.34,""x1"":65,""y1"":67,""x2"":82,""y2"":81,""conf"":0.7756,""depth_m"":null,""depth_valid"":false}]",0.7756,439.83,444.41,101.70,88.34,,8.33,10.00,6.67,8.33,163.86,1145.17,,,,,1145.17
2026-04-24T14:41:03.140,1777030863.140051,exp_latency_final,400_lux,latency_measurement,,,-1.0000,0,0,0,detected=False | in_zone=False | depth_valid=False | z=invalid | valid=0/0 | roi_mode=full,SAFE (z=invalid),0,0,1,0,"[{""cx"":439.83,""cy"":444.41,""w"":101.7,""h"":88.34,""x1"":65,""y1"":67,""x2"":82,""y2"":81,""conf"":0.7756,""depth_m"":null,""depth_valid"":false}]",0.7756,439.83,444.41,101.70,88.34,,9.92,9.92,5.67,8.51,15.20,1221.58,,,,,1221.58
2026-04-24T14:41:03.234,1777030863.234895,exp_latency_final,400_lux,latency_measurement,,,-1.0000,0,0,0,detected=False | in_zone=False | depth_valid=False | z=invalid | valid=0/0 | roi_mode=full,SAFE (z=invalid),0,0,1,0,"[{""cx"":434.17,""cy"":441.43,""w"":94.24,""h"":95.29,""x1"":65,""y1"":66,""x2"":80,""y2"":82,""conf"":0.8536,""depth_m"":null,""depth_valid"":false}]",0.8536,434.17,441.43,94.24,95.29,,8.75,10.00,6.25,7.50,15.20,1221.58,,,,,1221.58
2026-04-24T14:41:03.334,1777030863.334753,exp_latency_final,400_lux,latency_measurement,,,-1.0000,0,0,0,detected=False | in_zone=False | depth_valid=False | z=invalid | valid=0/0 | roi_mode=full,SAFE (z=invalid),0,0,2,0,"[{""cx"":433.13,""cy"":440.63,""w"":95.7,""h"":96.42,""x1"":64,""y1"":65,""x2"":80,""y2"":81,""conf"":0.8627,""depth_m"":null,""depth_valid"":false},{""cx"":662.01,""cy"":449.45,""w"":98.75,""h"":99.31,""x1"":102,""y1"":67,""x2"":119,""y2"":83,""conf"":0.6124,""depth_m"":null,""depth_valid"":false}]",0.6124,662.01,449.45,98.75,99.31,,8.89,10.00,6.67,7.78,10.71,1114.42,,,,,1114.42
2026-04-24T14:41:03.434,1777030863.434682,exp_latency_final,400_lux,latency_measurement,,,-1.0000,0,0,0,detected=False | in_zone=False | depth_valid=False | z=invalid | valid=0/0 | roi_mode=full,SAFE (z=invalid),0,0,1,0,"[{""cx"":432.56,""cy"":440.58,""w"":92.97,""h"":96.97,""x1"":65,""y1"":65,""x2"":80,""y2"":82,""conf"":0.8602,""depth_m"":null,""depth_valid"":false}]",0.8602,432.56,440.58,92.97,96.97,,10.00,10.00,7.00,8.00,10.31,1120.14,,,,,1120.14
2026-04-24T14:41:03.534,1777030863.534511,exp_latency_final,400_lux,latency_measurement,,,-1.0000,0,0,0,detected=False | in_zone=False | depth_valid=False | z=invalid | valid=0/0 | roi_mode=full,SAFE (z=invalid),0,0,1,0,"[{""cx"":432.56,""cy"":440.58,""w"":92.97,""h"":96.97,""x1"":65,""y1"":65,""x2"":80,""y2"":82,""conf"":0.8602,""depth_m"":null,""depth_valid"":false}]",0.8602,432.56,440.58,92.97,96.97,,0.00,10.02,0.00,0.00,10.31,1120.14,,,,,1120.14
2026-04-24T14:41:03.634,1777030863.634684,exp_latency_final,400_lux,latency_measurement,,,-1.0000,0,0,0,detected=False | in_zone=False | depth_valid=False | z=invalid | valid=0/0 | roi_mode=full,SAFE (z=invalid),0,0,2,0,"[{""cx"":431.9,""cy"":440.74,""w"":91.26,""h"":96.79,""x1"":65,""y1"":65,""x2"":80,""y2"":82,""conf"":0.853,""depth_m"":null,""depth_valid"":false},{""cx"":661.89,""cy"":449.69,""w"":98.59,""h"":99.55,""x1"":102,""y1"":67,""x2"":119,""y2"":83,""conf"":0.6035,""depth_m"":null,""depth_valid"":false}]",0.6035,661.89,449.69,98.59,99.55,,5.00,10.00,5.00,5.00,11.10,1101.55,,,,,1101.55
2026-04-24T14:41:03.734,1777030863.734573,exp_latency_final,400_lux,latency_measurement,,,-1.0000,0,0,0,detected=False | in_zone=False | depth_valid=False | z=invalid | valid=0/0 | roi_mode=full,SAFE (z=invalid),0,0,2,0,"[{""cx"":432.26,""cy"":440.23,""w"":93.67,""h"":97.26,""x1"":64,""y1"":65,""x2"":80,""y2"":81,""conf"":0.8611,""depth_m"":null,""depth_valid"":false},{""cx"":662.22,""cy"":449.57,""w"":98.7,""h"":99.81,""x1"":102,""y1"":67,""x2"":119,""y2"":83,""conf"":0.608,""depth_m"":null,""depth_valid"":false}]",0.6080,662.22,449.57,98.70,99.81,,6.67,10.00,6.67,6.67,2.82,1051.81,,,,,1051.81
2026-04-24T14:41:03.834,1777030863.834686,exp_latency_final,400_lux,latency_measurement,,,-1.0000,0,0,0,detected=False | in_zone=False | depth_valid=False | z=invalid | valid=0/0 | roi_mode=full,SAFE (z=invalid),0,0,2,0,"[{""cx"":432.26,""cy"":440.23,""w"":93.67,""h"":97.26,""x1"":64,""y1"":65,""x2"":80,""y2"":81,""conf"":0.8611,""depth_m"":null,""depth_valid"":false},{""cx"":662.22,""cy"":449.57,""w"":98.7,""h"":99.81,""x1"":102,""y1"":67,""x2"":119,""y2"":83,""conf"":0.608,""depth_m"":null,""depth_valid"":false}]",0.6080,662.22,449.57,98.70,99.81,,10.00,10.00,5.00,7.50,12.61,1157.44,,,,,1157.44
2026-04-24T14:41:03.937,1777030863.937367,exp_latency_final,400_lux,latency_measurement,,,-1.0000,0,0,0,detected=False | in_zone=False | depth_valid=False | z=invalid | valid=0/0 | roi_mode=full,SAFE (z=invalid),0,0,2,0,"[{""cx"":432.43,""cy"":440.15,""w"":95.27,""h"":97.67,""x1"":64,""y1"":65,""x2"":80,""y2"":81,""conf"":0.8565,""depth_m"":null,""depth_valid"":false},{""cx"":662.41,""cy"":449.54,""w"":98.53,""h"":100.13,""x1"":103,""y1"":67,""x2"":119,""y2"":83,""conf"":0.6392,""depth_m"":null,""depth_valid"":false}]",0.6392,662.41,449.54,98.53,100.13,,11.94,9.95,5.97,5.97,12.61,1157.44,,,,,1157.44
2026-04-24T14:41:04.035,1777030864.035235,exp_latency_final,400_lux,latency_measurement,,,-1.0000,0,0,0,detected=False | in_zone=False | depth_valid=False | z=invalid | valid=0/0 | roi_mode=full,SAFE (z=invalid),0,0,2,0,"[{""cx"":432.43,""cy"":440.15,""w"":95.27,""h"":97.67,""x1"":64,""y1"":65,""x2"":80,""y2"":81,""conf"":0.8565,""depth_m"":null,""depth_valid"":false},{""cx"":662.41,""cy"":449.54,""w"":98.53,""h"":100.13,""x1"":103,""y1"":67,""x2"":119,""y2"":83,""conf"":0.6392,""depth_m"":null,""depth_valid"":false}]",0.6392,662.41,449.54,98.53,100.13,,11.66,9.99,5.00,6.66,10.59,1244.94,,,,,1244.94
2026-04-24T14:41:04.134,1777030864.134907,exp_latency_final,400_lux,latency_measurement,,,-1.0000,0,0,0,detected=False | in_zone=False | depth_valid=False | z=invalid | valid=0/0 | roi_mode=full,SAFE (z=invalid),0,0,1,0,"[{""cx"":430.65,""cy"":439.69,""w"":94.88,""h"":99.0,""x1"":64,""y1"":65,""x2"":80,""y2"":82,""conf"":0.8371,""depth_m"":null,""depth_valid"":false}]",0.8371,430.65,439.69,94.88,99.00,,11.42,10.00,5.71,5.71,10.59,1244.94,,,,,1244.94
2026-04-24T14:41:04.234,1777030864.234568,exp_latency_final,400_lux,latency_measurement,,,-1.0000,0,0,0,detected=False | in_zone=False | depth_valid=False | z=invalid | valid=0/0 | roi_mode=full,SAFE (z=invalid),0,0,1,0,"[{""cx"":429.37,""cy"":439.64,""w"":93.85,""h"":98.7,""x1"":64,""y1"":65,""x2"":80,""y2"":81,""conf"":0.8334,""depth_m"":null,""depth_valid"":false}]",0.8334,429.37,439.64,93.85,98.70,,11.25,10.00,6.25,6.25,10.75,1228.35,,,,,1228.35
2026-04-24T14:41:04.334,1777030864.334616,exp_latency_final,400_lux,latency_measurement,,,-1.0000,0,0,0,detected=False | in_zone=False | depth_valid=False | z=invalid | valid=0/0 | roi_mode=full,SAFE (z=invalid),0,0,1,0,"[{""cx"":429.37,""cy"":439.64,""w"":93.85,""h"":98.7,""x1"":64,""y1"":65,""x2"":80,""y2"":81,""conf"":0.8334,""depth_m"":null,""depth_valid"":false}]",0.8334,429.37,439.64,93.85,98.70,,11.11,10.00,5.56,6.67,128.29,1270.73,,,,,1270.73
2026-04-24T14:41:04.434,1777030864.434651,exp_latency_final,400_lux,latency_measurement,,,-1.0000,0,0,0,detected=False | in_zone=False | depth_valid=False | z=invalid | valid=0/0 | roi_mode=full,SAFE (z=invalid),0,0,1,0,"[{""cx"":428.53,""cy"":439.69,""w"":93.48,""h"":98.81,""x1"":64,""y1"":65,""x2"":79,""y2"":82,""conf"":0.838,""depth_m"":null,""depth_valid"":false}]",0.8380,428.53,439.69,93.48,98.81,,11.00,10.00,6.00,7.00,126.76,1347.27,,,,,1347.27
2026-04-24T14:41:04.534,1777030864.534659,exp_latency_final,400_lux,latency_measurement,,,-1.0000,0,0,0,detected=False | in_zone=False | depth_valid=False | z=invalid | valid=0/0 | roi_mode=full,SAFE (z=invalid),0,0,1,0,"[{""cx"":428.58,""cy"":439.59,""w"":93.93,""h"":98.85,""x1"":64,""y1"":65,""x2"":80,""y2"":82,""conf"":0.8303,""depth_m"":null,""depth_valid"":false}]",0.8303,428.58,439.59,93.93,98.85,,10.00,10.00,6.36,6.36,126.76,1347.27,,,,,1347.27
2026-04-24T14:41:04.634,1777030864.634587,exp_latency_final,400_lux,latency_measurement,,,1.5545,1,1,1,detected=True | in_zone=True | depth_valid=True | z=1.55 m | valid=144/272 | roi_mode=full,SAFE (z=invalid),0,0,1,0,"[{""cx"":428.58,""cy"":439.59,""w"":93.93,""h"":98.85,""x1"":64,""y1"":65,""x2"":80,""y2"":82,""conf"":0.8303,""depth_m"":null,""depth_valid"":false}]",0.8303,428.58,439.59,93.93,98.85,,20.01,10.01,0.00,10.01,4.66,1458.87,,,,,1458.87
2026-04-24T14:41:04.734,1777030864.734586,exp_latency_final,400_lux,latency_measurement,,,1.4367,1,1,1,detected=True | in_zone=True | depth_valid=True | z=1.44 m | valid=233/256 | roi_mode=full,WARNING (z=1.47m),1,1,2,0,"[{""cx"":429.48,""cy"":440.54,""w"":93.47,""h"":96.54,""x1"":64,""y1"":65,""x2"":80,""y2"":81,""conf"":0.8178,""depth_m"":null,""depth_valid"":false},{""cx"":662.56,""cy"":449.78,""w"":98.1,""h"":100.37,""x1"":103,""y1"":67,""x2"":119,""y2"":83,""conf"":0.6163,""depth_m"":null,""depth_valid"":false}]",0.6163,662.56,449.78,98.10,100.37,,20.01,10.00,5.00,10.00,97.86,919.45,,,,,919.45
2026-04-24T14:41:04.834,1777030864.834609,exp_latency_final,400_lux,latency_measurement,,,1.4490,1,1,1,detected=True | in_zone=True | depth_valid=True | z=1.45 m | valid=256/256 | roi_mode=full,WARNING (z=1.45m),1,1,2,0,"[{""cx"":429.48,""cy"":440.54,""w"":93.47,""h"":96.54,""x1"":64,""y1"":65,""x2"":80,""y2"":81,""conf"":0.8178,""depth_m"":null,""depth_valid"":false},{""cx"":662.56,""cy"":449.78,""w"":98.1,""h"":100.37,""x1"":103,""y1"":67,""x2"":119,""y2"":83,""conf"":0.6163,""depth_m"":null,""depth_valid"":false}]",0.6163,662.56,449.78,98.10,100.37,,20.00,10.00,3.33,10.00,12.98,1043.52,,,,,1043.52
2026-04-24T14:41:04.934,1777030864.934597,exp_latency_final,400_lux,latency_measurement,,,1.4490,1,1,1,detected=True | in_zone=True | depth_valid=True | z=1.45 m | valid=256/256 | roi_mode=full,WARNING (z=1.45m),1,0,2,0,"[{""cx"":429.51,""cy"":440.31,""w"":92.84,""h"":96.41,""x1"":64,""y1"":65,""x2"":80,""y2"":81,""conf"":0.8063,""depth_m"":null,""depth_valid"":false},{""cx"":662.11,""cy"":449.87,""w"":98.39,""h"":100.48,""x1"":102,""y1"":67,""x2"":119,""y2"":83,""conf"":0.6169,""depth_m"":null,""depth_valid"":false}]",0.6169,662.11,449.87,98.39,100.48,,15.00,10.00,5.00,7.50,12.98,1043.52,,,,,1043.52
2026-04-24T14:41:05.034,1777030865.034625,exp_latency_final,400_lux,latency_measurement,,,1.4542,1,1,1,detected=True | in_zone=True | depth_valid=True | z=1.45 m | valid=256/256 | roi_mode=full,WARNING (z=1.45m),1,0,2,0,"[{""cx"":429.22,""cy"":440.31,""w"":92.62,""h"":96.32,""x1"":64,""y1"":65,""x2"":80,""y2"":81,""conf"":0.8188,""depth_m"":null,""depth_valid"":false},{""cx"":117.34,""cy"":411.13,""w"":233.82,""h"":813.51,""x1"":0,""y1"":1,""x2"":39,""y2"":136,""conf"":0.7959,""depth_m"":null,""depth_valid"":false}]",0.7959,117.34,411.13,233.82,813.51,,14.00,10.00,6.00,8.00,4.51,1178.77,,,,,1178.77
2026-04-24T14:41:05.135,1777030865.135003,exp_latency_final,400_lux,latency_measurement,,,1.4853,1,1,1,detected=True | in_zone=True | depth_valid=True | z=1.45 m | valid=256/256 | roi_mode=full,WARNING (z=1.45m),1,0,3,0,"[{""cx"":134.09,""cy"":475.64,""w"":266.78,""h"":942.85,""x1"":0,""y1"":1,""x2"":45,""y2"":158,""conf"":0.9293,""depth_m"":null,""depth_valid"":false},{""cx"":429.66,""cy"":440.57,""w"":94.47,""h"":96.45,""x1"":64,""y1"":65,""x2"":80,""y2"":81,""conf"":0.817,""depth_m"":null,""depth_valid"":false},{""cx"":662.46,""cy"":449.61,""w"":98.04,""h"":99.68,""x1"":103,""y1"":67,""x2"":119,""y2"":83,""conf"":0.6345,""depth_m"":null,""depth_valid"":false}]",0.9293,134.09,475.64,266.78,942.85,,13.33,9.99,6.66,6.66,4.51,1178.77,,,,,1178.77
2026-04-24T14:41:05.234,1777030865.234689,exp_latency_final,400_lux,latency_measurement,,,1.4993,1,1,1,detected=True | in_zone=True | depth_valid=True | z=1.50 m | valid=188/256 | roi_mode=full,WARNING (z=1.49m),1,1,3,0,"[{""cx"":134.09,""cy"":475.64,""w"":266.78,""h"":942.85,""x1"":0,""y1"":1,""x2"":45,""y2"":158,""conf"":0.9293,""depth_m"":null,""depth_valid"":false},{""cx"":429.66,""cy"":440.57,""w"":94.47,""h"":96.45,""x1"":64,""y1"":65,""x2"":80,""y2"":81,""conf"":0.817,""depth_m"":null,""depth_valid"":false},{""cx"":662.46,""cy"":449.61,""w"":98.04,""h"":99.68,""x1"":103,""y1"":67,""x2"":119,""y2"":83,""conf"":0.6345,""depth_m"":null,""depth_valid"":false}]",0.9293,134.09,475.64,266.78,942.85,,12.86,10.00,5.71,7.14,24.91,1130.63,,,,,1130.63
2026-04-24T14:41:05.334,1777030865.334589,exp_latency_final,400_lux,latency_measurement,,,1.4981,1,1,1,detected=True | in_zone=True | depth_valid=True | z=1.50 m | valid=210/256 | roi_mode=full,WARNING (z=1.50m),1,1,3,0,"[{""cx"":252.42,""cy"":477.18,""w"":502.44,""h"":944.26,""x1"":0,""y1"":1,""x2"":84,""y2"":158,""conf"":0.9418,""depth_m"":null,""depth_valid"":false},{""cx"":429.15,""cy"":440.77,""w"":93.98,""h"":95.86,""x1"":64,""y1"":65,""x2"":80,""y2"":81,""conf"":0.8054,""depth_m"":null,""depth_valid"":false},{""cx"":662.3,""cy"":449.24,""w"":98.41,""h"":99.67,""x1"":103,""y1"":67,""x2"":119,""y2"":83,""conf"":0.6364,""depth_m"":null,""depth_valid"":false}]",0.9418,252.42,477.18,502.44,944.26,,12.50,10.00,6.25,7.50,9.38,1040.83,,,,,1040.83
2026-04-24T14:41:05.434,1777030865.434673,exp_latency_final,400_lux,latency_measurement,,,1.4981,1,1,1,detected=True | in_zone=True | depth_valid=True | z=1.50 m | valid=210/256 | roi_mode=full,WARNING (z=1.50m),1,0,3,0,"[{""cx"":252.42,""cy"":477.18,""w"":502.44,""h"":944.26,""x1"":0,""y1"":1,""x2"":84,""y2"":158,""conf"":0.9418,""depth_m"":null,""depth_valid"":false},{""cx"":429.15,""cy"":440.77,""w"":93.98,""h"":95.86,""x1"":64,""y1"":65,""x2"":80,""y2"":81,""conf"":0.8054,""depth_m"":null,""depth_valid"":false},{""cx"":662.3,""cy"":449.24,""w"":98.41,""h"":99.67,""x1"":103,""y1"":67,""x2"":119,""y2"":83,""conf"":0.6364,""depth_m"":null,""depth_valid"":false}]",0.9418,252.42,477.18,502.44,944.26,,11.11,10.00,5.56,6.67,9.38,1040.83,,,,,1040.83
2026-04-24T14:41:05.534,1777030865.534530,exp_latency_final,400_lux,latency_measurement,,,1.4981,1,1,1,detected=True | in_zone=True | depth_valid=True | z=1.50 m | valid=210/256 | roi_mode=full,WARNING (z=1.50m),1,0,3,0,"[{""cx"":291.41,""cy"":478.57,""w"":582.82,""h"":948.83,""x1"":0,""y1"":1,""x2"":97,""y2"":159,""conf"":0.926,""depth_m"":null,""depth_valid"":false},{""cx"":434.71,""cy"":441.23,""w"":86.22,""h"":95.88,""x1"":65,""y1"":66,""x2"":80,""y2"":82,""conf"":0.7956,""depth_m"":null,""depth_valid"":false},{""cx"":662.48,""cy"":449.02,""w"":98.28,""h"":99.39,""x1"":103,""y1"":67,""x2"":119,""y2"":83,""conf"":0.6097,""depth_m"":null,""depth_valid"":false}]",0.9260,291.41,478.57,582.82,948.83,,10.00,10.00,6.00,6.00,9.38,1040.83,,,,,1040.83
2026-04-24T14:41:05.634,1777030865.634496,exp_latency_final,400_lux,latency_measurement,,,1.5021,1,1,1,detected=True | in_zone=True | depth_valid=True | z=1.50 m | valid=254/256 | roi_mode=full,SAFE (z=1.50m),0,1,1,0,"[{""cx"":288.59,""cy"":481.78,""w"":577.19,""h"":956.45,""x1"":0,""y1"":1,""x2"":96,""y2"":160,""conf"":0.945,""depth_m"":null,""depth_valid"":false}]",0.9450,288.59,481.78,577.19,956.45,,10.91,10.00,6.36,7.27,5.20,1259.08,,,,,1259.08
2026-04-24T14:41:05.734,1777030865.734814,exp_latency_final,400_lux,latency_measurement,,,1.8621,1,1,1,detected=True | in_zone=True | depth_valid=True | z=1.86 m | valid=4861/15264 | roi_mode=full,SAFE (z=1.50m),0,0,2,0,"[{""cx"":294.6,""cy"":477.43,""w"":554.04,""h"":948.14,""x1"":3,""y1"":1,""x2"":96,""y2"":159,""conf"":0.9404,""depth_m"":null,""depth_valid"":false},{""cx"":662.66,""cy"":449.27,""w"":97.79,""h"":99.8,""x1"":103,""y1"":67,""x2"":119,""y2"":83,""conf"":0.5658,""depth_m"":null,""depth_valid"":false}]",0.9404,294.60,477.43,554.04,948.14,,9.97,9.97,9.97,0.00,5.20,1259.08,,,,,1259.08
2026-04-24T14:41:05.834,1777030865.834627,exp_latency_final,400_lux,latency_measurement,,,1.5498,1,1,1,detected=True | in_zone=True | depth_valid=True | z=1.55 m | valid=237/256 | roi_mode=full,SAFE (z=1.57m),0,1,2,0,"[{""cx"":294.6,""cy"":477.43,""w"":554.04,""h"":948.14,""x1"":3,""y1"":1,""x2"":96,""y2"":159,""conf"":0.9404,""depth_m"":null,""depth_valid"":false},{""cx"":662.66,""cy"":449.27,""w"":97.79,""h"":99.8,""x1"":103,""y1"":67,""x2"":119,""y2"":83,""conf"":0.5658,""depth_m"":null,""depth_valid"":false}]",0.9404,294.60,477.43,554.04,948.14,,14.99,9.99,5.00,5.00,8.55,1328.74,,,,,1328.74
2026-04-24T14:41:05.934,1777030865.934664,exp_latency_final,400_lux,latency_measurement,,,1.5498,1,1,1,detected=True | in_zone=True | depth_valid=True | z=1.55 m | valid=237/256 | roi_mode=full,SAFE (z=1.57m),0,0,2,0,"[{""cx"":315.8,""cy"":478.89,""w"":553.94,""h"":952.37,""x1"":6,""y1"":0,""x2"":99,""y2"":159,""conf"":0.9416,""depth_m"":null,""depth_valid"":false},{""cx"":662.98,""cy"":449.33,""w"":97.52,""h"":98.64,""x1"":103,""y1"":67,""x2"":119,""y2"":83,""conf"":0.6165,""depth_m"":null,""depth_valid"":false}]",0.9416,315.80,478.89,553.94,952.37,,9.99,9.99,6.66,3.33,8.55,1328.74,,,,,1328.74
2026-04-24T14:41:06.034,1777030866.034780,exp_latency_final,400_lux,latency_measurement,,,1.5482,1,1,1,detected=True | in_zone=True | depth_valid=True | z=1.55 m | valid=251/256 | roi_mode=full,SAFE (z=1.55m),0,1,2,0,"[{""cx"":315.8,""cy"":478.89,""w"":553.94,""h"":952.37,""x1"":6,""y1"":0,""x2"":99,""y2"":159,""conf"":0.9416,""depth_m"":null,""depth_valid"":false},{""cx"":662.98,""cy"":449.33,""w"":97.52,""h"":98.64,""x1"":103,""y1"":67,""x2"":119,""y2"":83,""conf"":0.6165,""depth_m"":null,""depth_valid"":false}]",0.9416,315.80,478.89,553.94,952.37,,9.99,9.99,5.00,5.00,14.53,1515.93,,,,,1515.93
2026-04-24T14:41:06.136,1777030866.136373,exp_latency_final,400_lux,latency_measurement,,,1.5778,1,1,1,detected=True | in_zone=True | depth_valid=True | z=1.58 m | valid=7369/14151 | roi_mode=full,SAFE (z=1.58m),0,1,1,0,"[{""cx"":498.4,""cy"":476.73,""w"":530.13,""h"":949.74,""x1"":39,""y1"":0,""x2"":128,""y2"":159,""conf"":0.9319,""depth_m"":null,""depth_valid"":false}]",0.9319,498.40,476.73,530.13,949.74,,9.96,9.96,5.98,5.98,13.25,1303.52,,,,,1303.52
2026-04-24T14:41:06.236,1777030866.236191,exp_latency_final,400_lux,latency_measurement,,,1.5880,1,1,1,detected=True | in_zone=True | depth_valid=True | z=1.59 m | valid=6833/10335 | roi_mode=full,SAFE (z=1.59m),0,1,1,0,"[{""cx"":582.42,""cy"":478.14,""w"":388.31,""h"":951.37,""x1"":65,""y1"":0,""x2"":130,""y2"":159,""conf"":0.9481,""depth_m"":null,""depth_valid"":false}]",0.9481,582.42,478.14,388.31,951.37,,9.97,9.97,6.65,6.65,4.58,941.00,,,,,941.00
2026-04-24T14:41:06.341,1777030866.341831,exp_latency_final,400_lux,latency_measurement,,,1.5880,1,1,1,detected=True | in_zone=True | depth_valid=True | z=1.59 m | valid=6833/10335 | roi_mode=full,SAFE (z=1.59m),0,0,1,0,"[{""cx"":582.42,""cy"":478.14,""w"":388.31,""h"":951.37,""x1"":65,""y1"":0,""x2"":130,""y2"":159,""conf"":0.9481,""depth_m"":null,""depth_valid"":false}]",0.9481,582.42,478.14,388.31,951.37,,8.48,9.90,5.66,5.66,4.58,941.00,,,,,941.00
2026-04-24T14:41:06.434,1777030866.434644,exp_latency_final,400_lux,latency_measurement,,,1.5945,1,1,1,detected=True | in_zone=True | depth_valid=True | z=1.59 m | valid=6901/10335 | roi_mode=full,SAFE (z=1.59m),0,0,1,0,"[{""cx"":606.98,""cy"":480.06,""w"":384.22,""h"":954.92,""x1"":69,""y1"":0,""x2"":134,""y2"":160,""conf"":0.9413,""depth_m"":null,""depth_valid"":false}]",0.9413,606.98,480.06,384.22,954.92,,8.75,10.00,6.25,6.25,13.91,1073.15,,,,,1073.15
2026-04-24T14:41:06.534,1777030866.534752,exp_latency_final,400_lux,latency_measurement,,,1.5965,1,1,1,detected=True | in_zone=True | depth_valid=True | z=1.60 m | valid=7701/11289 | roi_mode=full,SAFE (z=1.60m),0,1,2,0,"[{""cx"":685.37,""cy"":479.16,""w"":420.44,""h"":953.31,""x1"":79,""y1"":0,""x2"":150,""y2"":159,""conf"":0.939,""depth_m"":null,""depth_valid"":false},{""cx"":427.43,""cy"":441.16,""w"":89.26,""h"":96.05,""x1"":64,""y1"":66,""x2"":79,""y2"":82,""conf"":0.6927,""depth_m"":null,""depth_valid"":false}]",0.9390,685.37,479.16,420.44,953.31,,10.00,10.00,6.66,6.66,136.13,1121.02,,,,,1121.02
2026-04-24T14:41:06.637,1777030866.637412,exp_latency_final,400_lux,latency_measurement,,,1.5961,1,1,1,detected=True | in_zone=True | depth_valid=True | z=1.60 m | valid=7675/11289 | roi_mode=full,SAFE (z=1.60m),0,0,2,0,"[{""cx"":688.43,""cy"":480.87,""w"":432.08,""h"":958.25,""x1"":79,""y1"":0,""x2"":151,""y2"":160,""conf"":0.9359,""depth_m"":null,""depth_valid"":false},{""cx"":432.29,""cy"":441.04,""w"":97.6,""h"":96.35,""x1"":64,""y1"":65,""x2"":80,""y2"":82,""conf"":0.8136,""depth_m"":null,""depth_valid"":false}]",0.9359,688.43,480.87,432.08,958.25,,10.97,9.97,6.98,6.98,13.30,924.05,,,,,924.05
2026-04-24T14:41:06.734,1777030866.734492,exp_latency_final,400_lux,latency_measurement,,,1.6005,1,1,1,detected=True | in_zone=True | depth_valid=True | z=1.60 m | valid=7600/11520 | roi_mode=full,SAFE (z=1.60m),0,0,2,0,"[{""cx"":688.43,""cy"":480.87,""w"":432.08,""h"":958.25,""x1"":79,""y1"":0,""x2"":151,""y2"":160,""conf"":0.9359,""depth_m"":null,""depth_valid"":false},{""cx"":432.29,""cy"":441.04,""w"":97.6,""h"":96.35,""x1"":64,""y1"":65,""x2"":80,""y2"":82,""conf"":0.8136,""depth_m"":null,""depth_valid"":false}]",0.9359,688.43,480.87,432.08,958.25,,20.60,10.30,0.00,10.30,14.59,939.06,,,,,939.06
2026-04-24T14:41:06.834,1777030866.834572,exp_latency_final,400_lux,latency_measurement,,,1.6014,1,1,1,detected=True | in_zone=True | depth_valid=True | z=1.60 m | valid=7705/11360 | roi_mode=full,SAFE (z=1.60m),0,0,2,0,"[{""cx"":677.65,""cy"":480.84,""w"":427.16,""h"":958.33,""x1"":78,""y1"":0,""x2"":149,""y2"":160,""conf"":0.9422,""depth_m"":null,""depth_valid"":false},{""cx"":428.53,""cy"":441.2,""w"":89.69,""h"":96.75,""x1"":64,""y1"":65,""x2"":79,""y2"":82,""conf"":0.8327,""depth_m"":null,""depth_valid"":false}]",0.9422,677.65,480.84,427.16,958.33,,15.22,10.14,5.07,5.07,14.59,939.06,,,,,939.06
2026-04-24T14:41:06.934,1777030866.934684,exp_latency_final,400_lux,latency_measurement,,,1.6105,1,1,1,detected=True | in_zone=True | depth_valid=True | z=1.61 m | valid=7687/11360 | roi_mode=full,SAFE (z=1.61m),0,1,2,0,"[{""cx"":670.9,""cy"":480.88,""w"":415.27,""h"":958.24,""x1"":77,""y1"":0,""x2"":147,""y2"":160,""conf"":0.9443,""depth_m"":null,""depth_valid"":false},{""cx"":428.0,""cy"":441.19,""w"":88.31,""h"":96.41,""x1"":64,""y1"":65,""x2"":79,""y2"":82,""conf"":0.8206,""depth_m"":null,""depth_valid"":false}]",0.9443,670.90,480.88,415.27,958.24,,13.46,10.09,6.73,6.73,6.42,1018.28,,,,,1018.28
2026-04-24T14:41:07.034,1777030867.034573,exp_latency_final,400_lux,latency_measurement,,,1.6123,1,1,1,detected=True | in_zone=True | depth_valid=True | z=1.61 m | valid=7722/11200 | roi_mode=full,SAFE (z=1.61m),0,0,2,0,"[{""cx"":670.9,""cy"":480.88,""w"":415.27,""h"":958.24,""x1"":77,""y1"":0,""x2"":147,""y2"":160,""conf"":0.9443,""depth_m"":null,""depth_valid"":false},{""cx"":428.0,""cy"":441.19,""w"":88.31,""h"":96.41,""x1"":64,""y1"":65,""x2"":79,""y2"":82,""conf"":0.8206,""depth_m"":null,""depth_valid"":false}]",0.9443,670.90,480.88,415.27,958.24,,12.59,10.07,5.04,5.04,6.42,1018.28,,,,,1018.28
2026-04-24T14:41:07.134,1777030867.134786,exp_latency_final,400_lux,latency_measurement,,,1.6172,1,1,1,detected=True | in_zone=True | depth_valid=True | z=1.62 m | valid=7690/11200 | roi_mode=full,SAFE (z=1.62m),0,1,2,0,"[{""cx"":666.77,""cy"":481.01,""w"":407.07,""h"":957.98,""x1"":77,""y1"":0,""x2"":146,""y2"":160,""conf"":0.9471,""depth_m"":null,""depth_valid"":false},{""cx"":427.45,""cy"":441.16,""w"":88.22,""h"":96.07,""x1"":64,""y1"":66,""x2"":79,""y2"":82,""conf"":0.8102,""depth_m"":null,""depth_valid"":false}]",0.9471,666.77,481.01,407.07,957.98,,12.06,10.05,6.03,6.03,138.47,1153.47,,,,,1153.47
2026-04-24T14:41:07.234,1777030867.234612,exp_latency_final,400_lux,latency_measurement,,,1.6229,1,1,1,detected=True | in_zone=True | depth_valid=True | z=1.62 m | valid=7691/11040 | roi_mode=full,SAFE (z=1.62m),0,0,2,0,"[{""cx"":664.16,""cy"":480.69,""w"":401.25,""h"":957.02,""x1"":77,""y1"":0,""x2"":145,""y2"":160,""conf"":0.9467,""depth_m"":null,""depth_valid"":false},{""cx"":427.41,""cy"":441.12,""w"":87.92,""h"":96.28,""x1"":64,""y1"":65,""x2"":79,""y2"":82,""conf"":0.8077,""depth_m"":null,""depth_valid"":false}]",0.9467,664.16,480.69,401.25,957.02,,13.40,10.05,6.70,6.70,3.93,1225.59,,,,,1225.59
2026-04-24T14:41:07.335,1777030867.335340,exp_latency_final,400_lux,latency_measurement,,,1.6245,1,1,1,detected=True | in_zone=True | depth_valid=True | z=1.62 m | valid=7587/10880 | roi_mode=full,SAFE (z=1.62m),0,0,2,0,"[{""cx"":664.16,""cy"":480.69,""w"":401.25,""h"":957.02,""x1"":77,""y1"":0,""x2"":145,""y2"":160,""conf"":0.9467,""depth_m"":null,""depth_valid"":false},{""cx"":427.41,""cy"":441.12,""w"":87.92,""h"":96.28,""x1"":64,""y1"":65,""x2"":79,""y2"":82,""conf"":0.8077,""depth_m"":null,""depth_valid"":false}]",0.9467,664.16,480.69,401.25,957.02,,14.33,10.03,5.73,7.16,53.84,1316.37,,,,,1316.37
2026-04-24T14:41:07.434,1777030867.434700,exp_latency_final,400_lux,latency_measurement,,,1.6245,1,1,1,detected=True | in_zone=True | depth_valid=True | z=1.62 m | valid=7587/10880 | roi_mode=full,SAFE (z=1.62m),0,0,2,0,"[{""cx"":664.14,""cy"":481.34,""w"":396.63,""h"":957.26,""x1"":78,""y1"":0,""x2"":144,""y2"":160,""conf"":0.9452,""depth_m"":null,""depth_valid"":false},{""cx"":430.39,""cy"":440.65,""w"":93.18,""h"":96.21,""x1"":64,""y1"":65,""x2"":80,""y2"":81,""conf"":0.8145,""depth_m"":null,""depth_valid"":false}]",0.9452,664.14,481.34,396.63,957.26,,12.54,10.03,6.27,6.27,53.84,1316.37,,,,,1316.37
2026-04-24T14:41:07.535,1777030867.535230,exp_latency_final,400_lux,latency_measurement,,,1.6342,1,1,1,detected=True | in_zone=True | depth_valid=True | z=1.63 m | valid=7361/10560 | roi_mode=full,SAFE (z=1.63m),0,1,2,0,"[{""cx"":667.41,""cy"":480.97,""w"":393.93,""h"":955.97,""x1"":79,""y1"":0,""x2"":145,""y2"":160,""conf"":0.9445,""depth_m"":null,""depth_valid"":false},{""cx"":432.07,""cy"":440.91,""w"":95.7,""h"":96.44,""x1"":64,""y1"":65,""x2"":80,""y2"":82,""conf"":0.8117,""depth_m"":null,""depth_valid"":false}]",0.9445,667.41,480.97,393.93,955.97,,13.37,10.02,6.68,6.68,14.80,1351.23,,,,,1351.23
2026-04-24T14:41:07.634,1777030867.634778,exp_latency_final,400_lux,latency_measurement,,,1.6353,1,1,1,detected=True | in_zone=True | depth_valid=True | z=1.64 m | valid=7341/10560 | roi_mode=full,SAFE (z=1.64m),0,1,2,0,"[{""cx"":667.41,""cy"":480.97,""w"":393.93,""h"":955.97,""x1"":79,""y1"":0,""x2"":145,""y2"":160,""conf"":0.9445,""depth_m"":null,""depth_valid"":false},{""cx"":432.07,""cy"":440.91,""w"":95.7,""h"":96.44,""x1"":64,""y1"":65,""x2"":80,""y2"":82,""conf"":0.8117,""depth_m"":null,""depth_valid"":false}]",0.9445,667.41,480.97,393.93,955.97,,13.03,10.03,6.02,7.02,12.31,1391.46,,,,,1391.46
2026-04-24T14:41:07.734,1777030867.734591,exp_latency_final,400_lux,latency_measurement,,,1.6355,1,1,1,detected=True | in_zone=True | depth_valid=True | z=1.64 m | valid=7489/10560 | roi_mode=full,SAFE (z=1.64m),0,0,2,0,"[{""cx"":666.85,""cy"":481.09,""w"":395.11,""h"":956.09,""x1"":78,""y1"":1,""x2"":145,""y2"":160,""conf"":0.9452,""depth_m"":null,""depth_valid"":false},{""cx"":431.52,""cy"":440.78,""w"":95.76,""h"":96.31,""x1"":64,""y1"":65,""x2"":80,""y2"":81,""conf"":0.8228,""depth_m"":null,""depth_valid"":false}]",0.9452,666.85,481.09,395.11,956.09,,12.76,10.03,6.38,6.38,12.31,1391.46,,,,,1391.46
2026-04-24T14:41:07.835,1777030867.835410,exp_latency_final,400_lux,latency_measurement,,,1.6411,1,1,1,detected=True | in_zone=True | depth_valid=True | z=1.64 m | valid=7160/10494 | roi_mode=full,SAFE (z=1.64m),0,0,2,0,"[{""cx"":665.4,""cy"":480.91,""w"":395.34,""h"":955.76,""x1"":78,""y1"":1,""x2"":144,""y2"":160,""conf"":0.9456,""depth_m"":null,""depth_valid"":false},{""cx"":430.95,""cy"":440.86,""w"":94.53,""h"":96.58,""x1"":64,""y1"":65,""x2"":80,""y2"":82,""conf"":0.8205,""depth_m"":null,""depth_valid"":false}]",0.9456,665.40,480.91,395.34,955.76,,19.84,9.92,9.92,9.92,4.65,1462.95,,,,,1462.95
2026-04-24T14:41:07.934,1777030867.934682,exp_latency_final,400_lux,latency_measurement,,,1.6460,1,1,1,detected=True | in_zone=True | depth_valid=True | z=1.65 m | valid=7332/10494 | roi_mode=full,SAFE (z=1.65m),0,1,2,0,"[{""cx"":665.4,""cy"":480.91,""w"":395.34,""h"":955.76,""x1"":78,""y1"":1,""x2"":144,""y2"":160,""conf"":0.9456,""depth_m"":null,""depth_valid"":false},{""cx"":430.95,""cy"":440.86,""w"":94.53,""h"":96.58,""x1"":64,""y1"":65,""x2"":80,""y2"":82,""conf"":0.8205,""depth_m"":null,""depth_valid"":false}]",0.9456,665.40,480.91,395.34,955.76,,14.99,10.00,5.00,10.00,4.39,1575.46,,,,,1575.46
2026-04-24T14:41:08.034,1777030868.034752,exp_latency_final,400_lux,latency_measurement,,,1.6470,1,1,1,detected=True | in_zone=True | depth_valid=True | z=1.65 m | valid=7554/10560 | roi_mode=full,SAFE (z=1.65m),0,0,2,0,"[{""cx"":663.6,""cy"":480.14,""w"":395.26,""h"":954.58,""x1"":78,""y1"":0,""x2"":144,""y2"":160,""conf"":0.9466,""depth_m"":null,""depth_valid"":false},{""cx"":430.38,""cy"":440.88,""w"":93.49,""h"":96.55,""x1"":64,""y1"":65,""x2"":80,""y2"":82,""conf"":0.8319,""depth_m"":null,""depth_valid"":false}]",0.9466,663.60,480.14,395.26,954.58,,13.33,10.00,6.66,6.66,4.39,1575.46,,,,,1575.46
2026-04-24T14:41:08.134,1777030868.134531,exp_latency_final,400_lux,latency_measurement,,,1.6472,1,1,1,detected=True | in_zone=True | depth_valid=True | z=1.65 m | valid=7453/10560 | roi_mode=full,SAFE (z=1.65m),0,0,2,0,"[{""cx"":649.59,""cy"":481.31,""w"":388.35,""h"":956.86,""x1"":76,""y1"":0,""x2"":141,""y2"":160,""conf"":0.9521,""depth_m"":null,""depth_valid"":false},{""cx"":429.05,""cy"":440.61,""w"":91.16,""h"":96.69,""x1"":64,""y1"":65,""x2"":79,""y2"":81,""conf"":0.8196,""depth_m"":null,""depth_valid"":false}]",0.9521,649.59,481.31,388.35,956.86,,12.50,10.00,7.50,7.50,17.62,1710.59,,,,,1710.59
2026-04-24T14:41:08.234,1777030868.234679,exp_latency_final,400_lux,latency_measurement,,,1.6419,1,1,1,detected=True | in_zone=True | depth_valid=True | z=1.64 m | valid=7337/10400 | roi_mode=full,SAFE (z=1.65m),0,0,2,0,"[{""cx"":649.59,""cy"":481.31,""w"":388.35,""h"":956.86,""x1"":76,""y1"":0,""x2"":141,""y2"":160,""conf"":0.9521,""depth_m"":null,""depth_valid"":false},{""cx"":429.05,""cy"":440.61,""w"":91.16,""h"":96.69,""x1"":64,""y1"":65,""x2"":79,""y2"":81,""conf"":0.8196,""depth_m"":null,""depth_valid"":false}]",0.9521,649.59,481.31,388.35,956.86,,12.00,10.00,6.00,6.00,17.62,1710.59,,,,,1710.59
2026-04-24T14:41:08.334,1777030868.334630,exp_latency_final,400_lux,latency_measurement,,,1.6462,1,1,1,detected=True | in_zone=True | depth_valid=True | z=1.65 m | valid=7483/10335 | roi_mode=full,SAFE (z=1.65m),0,0,2,0,"[{""cx"":655.94,""cy"":478.71,""w"":385.43,""h"":951.77,""x1"":77,""y1"":0,""x2"":142,""y2"":159,""conf"":0.9509,""depth_m"":null,""depth_valid"":false},{""cx"":430.72,""cy"":440.59,""w"":94.47,""h"":96.69,""x1"":64,""y1"":65,""x2"":80,""y2"":81,""conf"":0.8348,""depth_m"":null,""depth_valid"":false}]",0.9509,655.94,478.71,385.43,951.77,,11.67,10.00,6.67,6.67,13.10,1085.00,,,,,1085.00
2026-04-24T14:41:08.435,1777030868.435267,exp_latency_final,400_lux,latency_measurement,,,1.6470,1,1,1,detected=True | in_zone=True | depth_valid=True | z=1.65 m | valid=7265/10335 | roi_mode=full,SAFE (z=1.65m),0,0,2,0,"[{""cx"":655.94,""cy"":478.71,""w"":385.43,""h"":951.77,""x1"":77,""y1"":0,""x2"":142,""y2"":159,""conf"":0.9509,""depth_m"":null,""depth_valid"":false},{""cx"":430.72,""cy"":440.59,""w"":94.47,""h"":96.69,""x1"":64,""y1"":65,""x2"":80,""y2"":81,""conf"":0.8348,""depth_m"":null,""depth_valid"":false}]",0.9509,655.94,478.71,385.43,951.77,,11.42,9.99,5.71,5.71,13.10,1085.00,,,,,1085.00
2026-04-24T14:41:08.535,1777030868.535823,exp_latency_final,400_lux,latency_measurement,,,1.6470,1,1,1,detected=True | in_zone=True | depth_valid=True | z=1.65 m | valid=7265/10335 | roi_mode=full,SAFE (z=1.65m),0,0,2,0,"[{""cx"":659.46,""cy"":477.6,""w"":383.88,""h"":948.87,""x1"":78,""y1"":1,""x2"":142,""y2"":159,""conf"":0.9477,""depth_m"":null,""depth_valid"":false},{""cx"":429.48,""cy"":441.0,""w"":94.9,""h"":97.12,""x1"":64,""y1"":65,""x2"":80,""y2"":82,""conf"":0.8321,""depth_m"":null,""depth_valid"":false}]",0.9477,659.46,477.60,383.88,948.87,,9.98,9.98,6.24,4.99,13.10,1085.00,,,,,1085.00
2026-04-24T14:41:08.636,1777030868.636774,exp_latency_final,400_lux,latency_measurement,,,1.6419,1,1,1,detected=True | in_zone=True | depth_valid=True | z=1.64 m | valid=6744/10112 | roi_mode=full,SAFE (z=1.64m),0,1,2,0,"[{""cx"":659.28,""cy"":477.22,""w"":380.41,""h"":948.34,""x1"":78,""y1"":1,""x2"":142,""y2"":159,""conf"":0.9436,""depth_m"":null,""depth_valid"":false},{""cx"":429.61,""cy"":440.68,""w"":96.15,""h"":96.86,""x1"":64,""y1"":65,""x2"":80,""y2"":82,""conf"":0.8143,""depth_m"":null,""depth_valid"":false}]",0.9436,659.28,477.22,380.41,948.34,,9.98,9.98,6.65,5.54,4.72,1033.70,,,,,1033.70
2026-04-24T14:41:08.736,1777030868.736493,exp_latency_final,400_lux,latency_measurement,,,1.6470,1,1,1,detected=True | in_zone=True | depth_valid=True | z=1.65 m | valid=7329/10112 | roi_mode=full,SAFE (z=1.65m),0,1,2,0,"[{""cx"":659.28,""cy"":477.22,""w"":380.41,""h"":948.34,""x1"":78,""y1"":1,""x2"":142,""y2"":159,""conf"":0.9436,""depth_m"":null,""depth_valid"":false},{""cx"":429.61,""cy"":440.68,""w"":96.15,""h"":96.86,""x1"":64,""y1"":65,""x2"":80,""y2"":82,""conf"":0.8143,""depth_m"":null,""depth_valid"":false}]",0.9436,659.28,477.22,380.41,948.34,,10.98,9.98,5.99,5.99,12.04,1159.17,,,,,1159.17
2026-04-24T14:41:08.834,1777030868.834667,exp_latency_final,400_lux,latency_measurement,,,1.6472,1,1,1,detected=True | in_zone=True | depth_valid=True | z=1.65 m | valid=7373/10017 | roi_mode=full,SAFE (z=1.65m),0,0,2,0,"[{""cx"":660.24,""cy"":477.48,""w"":379.16,""h"":949.05,""x1"":79,""y1"":0,""x2"":142,""y2"":159,""conf"":0.9416,""depth_m"":null,""depth_valid"":false},{""cx"":429.87,""cy"":440.88,""w"":95.38,""h"":97.13,""x1"":64,""y1"":65,""x2"":80,""y2"":82,""conf"":0.7996,""depth_m"":null,""depth_valid"":false}]",0.9416,660.24,477.48,379.16,949.05,,10.19,10.19,10.19,0.00,12.04,1159.17,,,,,1159.17
2026-04-24T14:41:08.956,1777030868.956134,exp_latency_final,400_lux,latency_measurement,,,1.6472,1,1,1,detected=True | in_zone=True | depth_valid=True | z=1.65 m | valid=7439/10017 | roi_mode=full,SAFE (z=1.65m),0,0,2,0,"[{""cx"":669.01,""cy"":474.53,""w"":381.52,""h"":944.27,""x1"":80,""y1"":0,""x2"":144,""y2"":158,""conf"":0.9343,""depth_m"":null,""depth_valid"":false},{""cx"":431.76,""cy"":440.96,""w"":98.59,""h"":97.14,""x1"":64,""y1"":65,""x2"":80,""y2"":82,""conf"":0.7849,""depth_m"":null,""depth_valid"":false}]",0.9343,669.01,474.53,381.52,944.27,,13.66,9.11,9.11,4.55,17.53,1278.10,,,,,1278.10
2026-04-24T14:41:09.034,1777030869.034605,exp_latency_final,400_lux,latency_measurement,,,1.6472,1,1,1,detected=True | in_zone=True | depth_valid=True | z=1.65 m | valid=7344/10112 | roi_mode=full,SAFE (z=1.65m),0,0,2,0,"[{""cx"":669.01,""cy"":474.53,""w"":381.52,""h"":944.27,""x1"":80,""y1"":0,""x2"":144,""y2"":158,""conf"":0.9343,""depth_m"":null,""depth_valid"":false},{""cx"":431.76,""cy"":440.96,""w"":98.59,""h"":97.14,""x1"":64,""y1"":65,""x2"":80,""y2"":82,""conf"":0.7849,""depth_m"":null,""depth_valid"":false}]",0.9343,669.01,474.53,381.52,944.27,,13.42,10.06,6.71,6.71,4.97,1261.81,,,,,1261.81
2026-04-24T14:41:09.134,1777030869.134580,exp_latency_final,400_lux,latency_measurement,,,1.6472,1,1,1,detected=True | in_zone=True | depth_valid=True | z=1.65 m | valid=7340/10335 | roi_mode=full,SAFE (z=1.65m),0,0,2,0,"[{""cx"":672.99,""cy"":476.83,""w"":383.57,""h"":948.6,""x1"":80,""y1"":0,""x2"":145,""y2"":159,""conf"":0.942,""depth_m"":null,""depth_valid"":false},{""cx"":432.54,""cy"":440.99,""w"":100.53,""h"":96.84,""x1"":64,""y1"":65,""x2"":81,""y2"":82,""conf"":0.7495,""depth_m"":null,""depth_valid"":false}]",0.9420,672.99,476.83,383.57,948.60,,12.56,10.05,7.54,5.02,4.97,1261.81,,,,,1261.81
2026-04-24T14:41:09.235,1777030869.235443,exp_latency_final,400_lux,latency_measurement,,,1.6472,1,1,1,detected=True | in_zone=True | depth_valid=True | z=1.65 m | valid=7205/10335 | roi_mode=full,SAFE (z=1.65m),0,0,2,0,"[{""cx"":674.75,""cy"":476.62,""w"":383.48,""h"":948.3,""x1"":81,""y1"":0,""x2"":145,""y2"":158,""conf"":0.9402,""depth_m"":null,""depth_valid"":false},{""cx"":431.14,""cy"":441.17,""w"":97.8,""h"":96.49,""x1"":64,""y1"":65,""x2"":80,""y2"":82,""conf"":0.7224,""depth_m"":null,""depth_valid"":false}]",0.9402,674.75,476.62,383.48,948.30,,12.03,10.02,8.02,6.01,85.40,1271.03,,,,,1271.03
2026-04-24T14:41:09.334,1777030869.334497,exp_latency_final,400_lux,latency_measurement,,,1.6462,1,1,1,detected=True | in_zone=True | depth_valid=True | z=1.65 m | valid=7242/10112 | roi_mode=full,SAFE (z=1.65m),0,0,2,0,"[{""cx"":674.75,""cy"":476.62,""w"":383.48,""h"":948.3,""x1"":81,""y1"":0,""x2"":145,""y2"":158,""conf"":0.9402,""depth_m"":null,""depth_valid"":false},{""cx"":431.14,""cy"":441.17,""w"":97.8,""h"":96.49,""x1"":64,""y1"":65,""x2"":80,""y2"":82,""conf"":0.7224,""depth_m"":null,""depth_valid"":false}]",0.9402,674.75,476.62,383.48,948.30,,13.38,10.03,6.69,6.69,3.53,1336.94,,,,,1336.94
2026-04-24T14:41:09.434,1777030869.434683,exp_latency_final,400_lux,latency_measurement,,,1.6462,1,1,1,detected=True | in_zone=True | depth_valid=True | z=1.65 m | valid=7242/10112 | roi_mode=full,SAFE (z=1.65m),0,0,2,0,"[{""cx"":674.59,""cy"":475.51,""w"":381.83,""h"":945.82,""x1"":81,""y1"":0,""x2"":145,""y2"":158,""conf"":0.9404,""depth_m"":null,""depth_valid"":false},{""cx"":431.84,""cy"":441.02,""w"":100.02,""h"":96.55,""x1"":64,""y1"":65,""x2"":81,""y2"":82,""conf"":0.7378,""depth_m"":null,""depth_valid"":false}]",0.9404,674.59,475.51,381.83,945.82,,11.46,10.03,7.16,5.73,3.53,1336.94,,,,,1336.94
2026-04-24T14:41:09.536,1777030869.536735,exp_latency_final,400_lux,latency_measurement,,,1.6462,1,1,1,detected=True | in_zone=True | depth_valid=True | z=1.65 m | valid=7242/10112 | roi_mode=full,SAFE (z=1.65m),0,0,2,0,"[{""cx"":674.52,""cy"":474.7,""w"":381.28,""h"":944.3,""x1"":81,""y1"":0,""x2"":145,""y2"":158,""conf"":0.9376,""depth_m"":null,""depth_valid"":false},{""cx"":431.7,""cy"":441.12,""w"":98.9,""h"":96.67,""x1"":64,""y1"":65,""x2"":80,""y2"":82,""conf"":0.7213,""depth_m"":null,""depth_valid"":false}]",0.9376,674.52,474.70,381.28,944.30,,10.00,10.00,7.50,5.00,3.53,1336.94,,,,,1336.94
2026-04-24T14:41:09.635,1777030869.635366,exp_latency_final,400_lux,latency_measurement,,,1.6419,1,1,1,detected=True | in_zone=True | depth_valid=True | z=1.64 m | valid=7279/10112 | roi_mode=full,SAFE (z=1.65m),0,0,2,0,"[{""cx"":674.52,""cy"":474.7,""w"":381.28,""h"":944.3,""x1"":81,""y1"":0,""x2"":145,""y2"":158,""conf"":0.9376,""depth_m"":null,""depth_valid"":false},{""cx"":431.7,""cy"":441.12,""w"":98.9,""h"":96.67,""x1"":64,""y1"":65,""x2"":80,""y2"":82,""conf"":0.7213,""depth_m"":null,""depth_valid"":false}]",0.9376,674.52,474.70,381.28,944.30,,11.13,10.01,6.68,5.56,9.54,1321.57,,,,,1321.57
2026-04-24T14:41:09.735,1777030869.735493,exp_latency_final,400_lux,latency_measurement,,,1.6414,1,1,1,detected=True | in_zone=True | depth_valid=True | z=1.64 m | valid=7349/10176 | roi_mode=full,SAFE (z=1.64m),0,1,2,0,"[{""cx"":675.73,""cy"":476.95,""w"":380.28,""h"":948.86,""x1"":81,""y1"":0,""x2"":145,""y2"":159,""conf"":0.9426,""depth_m"":null,""depth_valid"":false},{""cx"":430.81,""cy"":440.99,""w"":97.34,""h"":96.05,""x1"":64,""y1"":65,""x2"":80,""y2"":82,""conf"":0.687,""depth_m"":null,""depth_valid"":false}]",0.9426,675.73,476.95,380.28,948.86,,12.01,10.01,7.01,6.01,9.89,1083.38,,,,,1083.38
2026-04-24T14:41:09.834,1777030869.834689,exp_latency_final,400_lux,latency_measurement,,,1.6414,1,1,1,detected=True | in_zone=True | depth_valid=True | z=1.64 m | valid=7338/10176 | roi_mode=full,SAFE (z=1.64m),0,0,2,0,"[{""cx"":676.1,""cy"":476.93,""w"":380.75,""h"":948.67,""x1"":81,""y1"":0,""x2"":145,""y2"":159,""conf"":0.9415,""depth_m"":null,""depth_valid"":false},{""cx"":430.05,""cy"":441.14,""w"":95.73,""h"":96.0,""x1"":64,""y1"":66,""x2"":80,""y2"":82,""conf"":0.6968,""depth_m"":null,""depth_valid"":false}]",0.9415,676.10,476.93,380.75,948.67,,11.84,10.02,7.28,5.46,9.89,1083.38,,,,,1083.38
2026-04-24T14:41:09.934,1777030869.934588,exp_latency_final,400_lux,latency_measurement,,,1.6414,1,1,1,detected=True | in_zone=True | depth_valid=True | z=1.64 m | valid=7338/10176 | roi_mode=full,SAFE (z=1.64m),0,0,2,0,"[{""cx"":676.1,""cy"":476.93,""w"":380.75,""h"":948.67,""x1"":81,""y1"":0,""x2"":145,""y2"":159,""conf"":0.9415,""depth_m"":null,""depth_valid"":false},{""cx"":430.05,""cy"":441.14,""w"":95.73,""h"":96.0,""x1"":64,""y1"":66,""x2"":80,""y2"":82,""conf"":0.6968,""depth_m"":null,""depth_valid"":false}]",0.9415,676.10,476.93,380.75,948.67,,0.00,10.01,0.00,0.00,9.89,1083.38,,,,,1083.38
2026-04-24T14:41:10.034,1777030870.034666,exp_latency_final,400_lux,latency_measurement,,,1.6414,1,1,1,detected=True | in_zone=True | depth_valid=True | z=1.64 m | valid=7410/10176 | roi_mode=full,SAFE (z=1.64m),0,0,2,0,"[{""cx"":676.12,""cy"":477.1,""w"":380.67,""h"":949.19,""x1"":81,""y1"":0,""x2"":145,""y2"":159,""conf"":0.9427,""depth_m"":null,""depth_valid"":false},{""cx"":430.74,""cy"":441.1,""w"":96.17,""h"":96.04,""x1"":64,""y1"":66,""x2"":80,""y2"":82,""conf"":0.6944,""depth_m"":null,""depth_valid"":false}]",0.9427,676.12,477.10,380.67,949.19,,10.00,10.00,5.00,5.00,14.15,1289.58,,,,,1289.58
2026-04-24T14:41:10.135,1777030870.135897,exp_latency_final,400_lux,latency_measurement,,,1.6414,1,1,1,detected=True | in_zone=True | depth_valid=True | z=1.64 m | valid=7329/10176 | roi_mode=full,SAFE (z=1.64m),0,0,2,0,"[{""cx"":676.12,""cy"":477.1,""w"":380.67,""h"":949.19,""x1"":81,""y1"":0,""x2"":145,""y2"":159,""conf"":0.9427,""depth_m"":null,""depth_valid"":false},{""cx"":430.74,""cy"":441.1,""w"":96.17,""h"":96.04,""x1"":64,""y1"":66,""x2"":80,""y2"":82,""conf"":0.6944,""depth_m"":null,""depth_valid"":false}]",0.9427,676.12,477.10,380.67,949.19,,9.96,9.96,3.32,6.64,11.66,1413.48,,,,,1413.48
2026-04-24T14:41:10.235,1777030870.235205,exp_latency_final,400_lux,latency_measurement,,,1.6414,1,1,1,detected=True | in_zone=True | depth_valid=True | z=1.64 m | valid=7329/10176 | roi_mode=full,SAFE (z=1.64m),0,0,2,0,"[{""cx"":676.17,""cy"":475.87,""w"":381.13,""h"":946.78,""x1"":81,""y1"":0,""x2"":145,""y2"":158,""conf"":0.9412,""depth_m"":null,""depth_valid"":false},{""cx"":429.69,""cy"":441.04,""w"":95.98,""h"":96.19,""x1"":64,""y1"":65,""x2"":80,""y2"":82,""conf"":0.6861,""depth_m"":null,""depth_valid"":false}]",0.9412,676.17,475.87,381.13,946.78,,7.49,9.99,4.99,4.99,11.66,1413.48,,,,,1413.48
2026-04-24T14:41:10.334,1777030870.334649,exp_latency_final,400_lux,latency_measurement,,,1.6414,1,1,1,detected=True | in_zone=True | depth_valid=True | z=1.64 m | valid=7377/10112 | roi_mode=full,SAFE (z=1.64m),0,0,2,0,"[{""cx"":676.25,""cy"":476.74,""w"":381.44,""h"":948.66,""x1"":81,""y1"":0,""x2"":145,""y2"":159,""conf"":0.9422,""depth_m"":null,""depth_valid"":false},{""cx"":431.96,""cy"":441.11,""w"":99.86,""h"":96.37,""x1"":64,""y1"":65,""x2"":81,""y2"":82,""conf"":0.7171,""depth_m"":null,""depth_valid"":false}]",0.9422,676.25,476.74,381.44,948.66,,8.00,10.00,6.00,6.00,13.15,1498.39,,,,,1498.39
2026-04-24T14:41:10.435,1777030870.435201,exp_latency_final,400_lux,latency_measurement,,,1.6403,1,1,1,detected=True | in_zone=True | depth_valid=True | z=1.64 m | valid=7352/10176 | roi_mode=full,SAFE (z=1.64m),0,0,2,0,"[{""cx"":676.13,""cy"":477.59,""w"":381.43,""h"":950.18,""x1"":81,""y1"":0,""x2"":145,""y2"":159,""conf"":0.9429,""depth_m"":null,""depth_valid"":false},{""cx"":430.34,""cy"":441.04,""w"":96.74,""h"":96.02,""x1"":64,""y1"":66,""x2"":80,""y2"":82,""conf"":0.7026,""depth_m"":null,""depth_valid"":false}]",0.9429,676.13,477.59,381.43,950.18,,9.99,9.99,6.66,6.66,9.36,1539.37,,,,,1539.37
2026-04-24T14:41:10.542,1777030870.542038,exp_latency_final,400_lux,latency_measurement,,,1.6403,1,1,1,detected=True | in_zone=True | depth_valid=True | z=1.64 m | valid=7352/10176 | roi_mode=full,SAFE (z=1.64m),0,0,2,0,"[{""cx"":676.13,""cy"":477.59,""w"":381.43,""h"":950.18,""x1"":81,""y1"":0,""x2"":145,""y2"":159,""conf"":0.9429,""depth_m"":null,""depth_valid"":false},{""cx"":430.34,""cy"":441.04,""w"":96.74,""h"":96.02,""x1"":64,""y1"":66,""x2"":80,""y2"":82,""conf"":0.7026,""depth_m"":null,""depth_valid"":false}]",0.9429,676.13,477.59,381.43,950.18,,8.48,9.90,5.65,5.65,9.36,1539.37,,,,,1539.37
2026-04-24T14:41:10.637,1777030870.637597,exp_latency_final,400_lux,latency_measurement,,,1.6360,1,1,1,detected=True | in_zone=True | depth_valid=True | z=1.64 m | valid=7442/10176 | roi_mode=full,SAFE (z=1.64m),0,0,2,0,"[{""cx"":675.56,""cy"":476.74,""w"":380.4,""h"":948.39,""x1"":81,""y1"":0,""x2"":145,""y2"":158,""conf"":0.9399,""depth_m"":null,""depth_valid"":false},{""cx"":430.94,""cy"":441.17,""w"":97.37,""h"":96.04,""x1"":64,""y1"":66,""x2"":80,""y2"":82,""conf"":0.7035,""depth_m"":null,""depth_valid"":false}]",0.9399,675.56,476.74,380.40,948.39,,8.72,9.96,6.23,6.23,15.67,1665.24,,,,,1665.24
2026-04-24T14:41:10.734,1777030870.734654,exp_latency_final,400_lux,latency_measurement,,,1.6356,1,1,1,detected=True | in_zone=True | depth_valid=True | z=1.64 m | valid=7458/10112 | roi_mode=full,SAFE (z=1.64m),0,0,2,0,"[{""cx"":675.56,""cy"":476.74,""w"":380.4,""h"":948.39,""x1"":81,""y1"":0,""x2"":145,""y2"":158,""conf"":0.9399,""depth_m"":null,""depth_valid"":false},{""cx"":430.94,""cy"":441.17,""w"":97.37,""h"":96.04,""x1"":64,""y1"":66,""x2"":80,""y2"":82,""conf"":0.7035,""depth_m"":null,""depth_valid"":false}]",0.9399,675.56,476.74,380.40,948.39,,8.89,10.00,5.56,5.56,15.67,1665.24,,,,,1665.24
2026-04-24T14:41:10.834,1777030870.834680,exp_latency_final,400_lux,latency_measurement,,,1.6356,1,1,1,detected=True | in_zone=True | depth_valid=True | z=1.64 m | valid=7419/10112 | roi_mode=full,SAFE (z=1.64m),0,0,2,0,"[{""cx"":675.65,""cy"":477.12,""w"":380.87,""h"":949.36,""x1"":81,""y1"":0,""x2"":145,""y2"":159,""conf"":0.9407,""depth_m"":null,""depth_valid"":false},{""cx"":431.27,""cy"":441.08,""w"":98.28,""h"":96.09,""x1"":64,""y1"":66,""x2"":80,""y2"":82,""conf"":0.7131,""depth_m"":null,""depth_valid"":false}]",0.9407,675.65,477.12,380.87,949.36,,9.00,10.00,6.00,6.00,6.55,1596.75,,,,,1596.75
2026-04-24T14:41:10.934,1777030870.934867,exp_latency_final,400_lux,latency_measurement,,,1.6304,1,1,1,detected=True | in_zone=True | depth_valid=True | z=1.63 m | valid=7320/10176 | roi_mode=full,SAFE (z=1.63m),0,1,2,0,"[{""cx"":675.49,""cy"":477.54,""w"":380.71,""h"":950.04,""x1"":81,""y1"":0,""x2"":145,""y2"":159,""conf"":0.9408,""depth_m"":null,""depth_valid"":false},{""cx"":429.6,""cy"":441.04,""w"":94.25,""h"":96.06,""x1"":64,""y1"":66,""x2"":80,""y2"":82,""conf"":0.725,""depth_m"":null,""depth_valid"":false}]",0.9408,675.49,477.54,380.71,950.04,,9.09,10.00,6.36,6.36,135.17,1725.36,,,,,1725.36
2026-04-24T14:41:11.035,1777030871.035370,exp_latency_final,400_lux,latency_measurement,,,1.6344,1,1,1,detected=True | in_zone=True | depth_valid=True | z=1.63 m | valid=7514/10176 | roi_mode=full,SAFE (z=1.63m),0,0,2,0,"[{""cx"":675.49,""cy"":477.54,""w"":380.71,""h"":950.04,""x1"":81,""y1"":0,""x2"":145,""y2"":159,""conf"":0.9408,""depth_m"":null,""depth_valid"":false},{""cx"":429.6,""cy"":441.04,""w"":94.25,""h"":96.06,""x1"":64,""y1"":66,""x2"":80,""y2"":82,""conf"":0.725,""depth_m"":null,""depth_valid"":false}]",0.9408,675.49,477.54,380.71,950.04,,19.90,9.95,0.00,9.95,15.35,1579.94,,,,,1579.94
2026-04-24T14:41:11.134,1777030871.134605,exp_latency_final,400_lux,latency_measurement,,,1.6345,1,1,1,detected=True | in_zone=True | depth_valid=True | z=1.63 m | valid=7669/10176 | roi_mode=full,SAFE (z=1.63m),0,0,2,0,"[{""cx"":675.21,""cy"":476.95,""w"":382.24,""h"":949.07,""x1"":81,""y1"":0,""x2"":145,""y2"":159,""conf"":0.9399,""depth_m"":null,""depth_valid"":false},{""cx"":433.7,""cy"":441.25,""w"":101.78,""h"":96.44,""x1"":64,""y1"":66,""x2"":81,""y2"":82,""conf"":0.7497,""depth_m"":null,""depth_valid"":false}]",0.9399,675.21,476.95,382.24,949.07,,20.03,10.01,5.01,5.01,15.35,1579.94,,,,,1579.94
2026-04-24T14:41:11.234,1777030871.234788,exp_latency_final,400_lux,latency_measurement,,,1.6303,1,1,1,detected=True | in_zone=True | depth_valid=True | z=1.63 m | valid=7298/10176 | roi_mode=full,SAFE (z=1.63m),0,0,2,0,"[{""cx"":674.86,""cy"":476.94,""w"":382.18,""h"":948.85,""x1"":81,""y1"":0,""x2"":145,""y2"":159,""conf"":0.9406,""depth_m"":null,""depth_valid"":false},{""cx"":433.56,""cy"":441.25,""w"":99.09,""h"":95.9,""x1"":64,""y1"":66,""x2"":81,""y2"":82,""conf"":0.7392,""depth_m"":null,""depth_valid"":false}]",0.9406,674.86,476.94,382.18,948.85,,16.67,10.00,6.67,6.67,14.48,1431.95,,,,,1431.95
2026-04-24T14:41:11.334,1777030871.334652,exp_latency_final,400_lux,latency_measurement,,,1.6196,1,1,1,detected=True | in_zone=True | depth_valid=True | z=1.62 m | valid=7198/10176 | roi_mode=full,SAFE (z=1.63m),0,0,2,0,"[{""cx"":674.86,""cy"":476.94,""w"":382.18,""h"":948.85,""x1"":81,""y1"":0,""x2"":145,""y2"":159,""conf"":0.9406,""depth_m"":null,""depth_valid"":false},{""cx"":433.56,""cy"":441.25,""w"":99.09,""h"":95.9,""x1"":64,""y1"":66,""x2"":81,""y2"":82,""conf"":0.7392,""depth_m"":null,""depth_valid"":false}]",0.9406,674.86,476.94,382.18,948.85,,17.51,10.01,5.00,7.50,12.82,1371.27,,,,,1371.27
2026-04-24T14:41:11.434,1777030871.434751,exp_latency_final,400_lux,latency_measurement,,,1.6135,1,1,1,detected=True | in_zone=True | depth_valid=True | z=1.61 m | valid=7175/10176 | roi_mode=full,SAFE (z=1.61m),0,1,2,0,"[{""cx"":675.01,""cy"":476.99,""w"":382.38,""h"":948.92,""x1"":81,""y1"":0,""x2"":145,""y2"":159,""conf"":0.9408,""depth_m"":null,""depth_valid"":false},{""cx"":433.88,""cy"":441.22,""w"":101.91,""h"":96.13,""x1"":64,""y1"":66,""x2"":81,""y2"":82,""conf"":0.7682,""depth_m"":null,""depth_valid"":false}]",0.9408,675.01,476.99,382.38,948.92,,16.00,10.00,6.00,8.00,4.78,1479.75,,,,,1479.75
2026-04-24T14:41:11.534,1777030871.534552,exp_latency_final,400_lux,latency_measurement,,,1.6135,1,1,1,detected=True | in_zone=True | depth_valid=True | z=1.61 m | valid=7175/10176 | roi_mode=full,SAFE (z=1.61m),0,0,2,0,"[{""cx"":675.01,""cy"":476.99,""w"":382.38,""h"":948.92,""x1"":81,""y1"":0,""x2"":145,""y2"":159,""conf"":0.9408,""depth_m"":null,""depth_valid"":false},{""cx"":433.88,""cy"":441.22,""w"":101.91,""h"":96.13,""x1"":64,""y1"":66,""x2"":81,""y2"":82,""conf"":0.7682,""depth_m"":null,""depth_valid"":false}]",0.9408,675.01,476.99,382.38,948.92,,13.34,10.01,5.00,6.67,4.78,1479.75,,,,,1479.75
2026-04-24T14:41:11.634,1777030871.634552,exp_latency_final,400_lux,latency_measurement,,,1.5577,1,1,1,detected=True | in_zone=True | depth_valid=True | z=1.56 m | valid=5744/10112 | roi_mode=full,SAFE (z=1.60m),0,1,2,0,"[{""cx"":675.14,""cy"":476.38,""w"":382.52,""h"":947.57,""x1"":81,""y1"":0,""x2"":145,""y2"":158,""conf"":0.9402,""depth_m"":null,""depth_valid"":false},{""cx"":433.59,""cy"":441.39,""w"":101.34,""h"":96.11,""x1"":64,""y1"":66,""x2"":81,""y2"":82,""conf"":0.7535,""depth_m"":null,""depth_valid"":false}]",0.9402,675.14,476.38,382.52,947.57,,14.29,10.00,5.72,7.15,6.49,1542.91,,,,,1542.91
2026-04-24T14:41:11.734,1777030871.734636,exp_latency_final,400_lux,latency_measurement,,,1.5444,1,1,1,detected=True | in_zone=True | depth_valid=True | z=1.54 m | valid=5647/10112 | roi_mode=full,SAFE (z=1.54m),0,1,2,0,"[{""cx"":676.08,""cy"":477.31,""w"":382.77,""h"":949.37,""x1"":81,""y1"":0,""x2"":145,""y2"":159,""conf"":0.9424,""depth_m"":null,""depth_valid"":false},{""cx"":431.88,""cy"":441.39,""w"":98.38,""h"":95.97,""x1"":64,""y1"":66,""x2"":80,""y2"":82,""conf"":0.7518,""depth_m"":null,""depth_valid"":false}]",0.9424,676.08,477.31,382.77,949.37,,13.75,10.00,6.25,7.50,15.37,1446.19,,,,,1446.19
2026-04-24T14:41:11.835,1777030871.835917,exp_latency_final,400_lux,latency_measurement,,,1.4939,1,1,1,detected=True | in_zone=True | depth_valid=True | z=1.49 m | valid=4452/10176 | roi_mode=full,WARNING (z=1.49m),1,1,2,0,"[{""cx"":676.08,""cy"":477.31,""w"":382.77,""h"":949.37,""x1"":81,""y1"":0,""x2"":145,""y2"":159,""conf"":0.9424,""depth_m"":null,""depth_valid"":false},{""cx"":431.88,""cy"":441.39,""w"":98.38,""h"":95.97,""x1"":64,""y1"":66,""x2"":80,""y2"":82,""conf"":0.7518,""depth_m"":null,""depth_valid"":false}]",0.9424,676.08,477.31,382.77,949.37,,13.32,9.99,5.55,7.77,11.31,1277.03,,,,,1277.03
2026-04-24T14:41:11.934,1777030871.934662,exp_latency_final,400_lux,latency_measurement,,,1.4761,1,1,1,detected=True | in_zone=True | depth_valid=True | z=1.48 m | valid=3952/10176 | roi_mode=full,WARNING (z=1.49m),1,0,2,0,"[{""cx"":677.32,""cy"":477.02,""w"":383.36,""h"":949.09,""x1"":81,""y1"":0,""x2"":145,""y2"":159,""conf"":0.9429,""depth_m"":null,""depth_valid"":false},{""cx"":430.46,""cy"":441.11,""w"":94.52,""h"":95.4,""x1"":64,""y1"":66,""x2"":80,""y2"":81,""conf"":0.7125,""depth_m"":null,""depth_valid"":false}]",0.9429,677.32,477.02,383.36,949.09,,13.00,10.00,6.00,7.00,11.31,1277.03,,,,,1277.03
2026-04-24T14:41:12.036,1777030872.036656,exp_latency_final,400_lux,latency_measurement,,,1.4177,1,1,1,detected=True | in_zone=True | depth_valid=True | z=1.42 m | valid=2327/10176 | roi_mode=full,WARNING (z=1.42m),1,1,2,0,"[{""cx"":667.02,""cy"":479.81,""w"":402.25,""h"":955.36,""x1"":78,""y1"":0,""x2"":145,""y2"":160,""conf"":0.9382,""depth_m"":null,""depth_valid"":false},{""cx"":429.46,""cy"":441.61,""w"":91.76,""h"":96.06,""x1"":64,""y1"":66,""x2"":79,""y2"":82,""conf"":0.744,""depth_m"":null,""depth_valid"":false}]",0.9382,667.02,479.81,402.25,955.36,,12.71,9.98,6.35,7.26,14.42,1268.51,,,,,1268.51
2026-04-24T14:41:12.134,1777030872.134902,exp_latency_final,400_lux,latency_measurement,,,1.3227,1,1,1,detected=True | in_zone=True | depth_valid=True | z=1.32 m | valid=199/240 | roi_mode=full,WARNING (z=1.32m),1,1,2,0,"[{""cx"":667.02,""cy"":479.81,""w"":402.25,""h"":955.36,""x1"":78,""y1"":0,""x2"":145,""y2"":160,""conf"":0.9382,""depth_m"":null,""depth_valid"":false},{""cx"":429.46,""cy"":441.61,""w"":91.76,""h"":96.06,""x1"":64,""y1"":66,""x2"":79,""y2"":82,""conf"":0.744,""depth_m"":null,""depth_valid"":false}]",0.9382,667.02,479.81,402.25,955.36,,20.36,10.18,0.00,10.18,3.82,985.60,,,,,985.60
2026-04-24T14:41:12.234,1777030872.234567,exp_latency_final,400_lux,latency_measurement,,,1.3227,1,1,1,detected=True | in_zone=True | depth_valid=True | z=1.32 m | valid=199/240 | roi_mode=full,WARNING (z=1.32m),1,0,1,0,"[{""cx"":652.05,""cy"":481.6,""w"":403.82,""h"":956.79,""x1"":75,""y1"":1,""x2"":143,""y2"":160,""conf"":0.9424,""depth_m"":null,""depth_valid"":false}]",0.9424,652.05,481.60,403.82,956.79,,10.11,10.11,5.05,5.05,3.82,985.60,,,,,985.60
2026-04-24T14:41:12.334,1777030872.334656,exp_latency_final,400_lux,latency_measurement,,,1.6827,1,1,1,detected=True | in_zone=True | depth_valid=True | z=1.68 m | valid=2700/10812 | roi_mode=full,SAFE (z=1.68m),0,1,1,0,"[{""cx"":644.33,""cy"":481.63,""w"":406.21,""h"":956.75,""x1"":74,""y1"":1,""x2"":142,""y2"":160,""conf"":0.9418,""depth_m"":null,""depth_valid"":false}]",0.9418,644.33,481.63,406.21,956.75,,10.07,10.07,6.71,6.71,14.24,957.79,,,,,957.79
2026-04-24T14:41:12.434,1777030872.434549,exp_latency_final,400_lux,latency_measurement,,,1.9606,1,1,1,detected=True | in_zone=True | depth_valid=True | z=1.96 m | valid=2580/10812 | roi_mode=full,SAFE (z=1.96m),0,1,1,0,"[{""cx"":644.33,""cy"":481.63,""w"":406.21,""h"":956.75,""x1"":74,""y1"":1,""x2"":142,""y2"":160,""conf"":0.9418,""depth_m"":null,""depth_valid"":false}]",0.9418,644.33,481.63,406.21,956.75,,10.05,10.05,5.03,7.54,136.94,1039.89,,,,,1039.89
2026-04-24T14:41:12.534,1777030872.534699,exp_latency_final,400_lux,latency_measurement,,,2.0162,1,1,1,detected=True | in_zone=True | depth_valid=True | z=2.02 m | valid=2973/11766 | roi_mode=full,SAFE (z=2.02m),0,1,1,0,"[{""cx"":606.61,""cy"":478.42,""w"":443.51,""h"":950.86,""x1"":64,""y1"":0,""x2"":138,""y2"":159,""conf"":0.9233,""depth_m"":null,""depth_valid"":false}]",0.9233,606.61,478.42,443.51,950.86,,10.04,10.04,6.02,8.03,3.59,1037.83,,,,,1037.83
2026-04-24T14:41:12.636,1777030872.636845,exp_latency_final,400_lux,latency_measurement,,,2.0273,1,1,1,detected=True | in_zone=True | depth_valid=True | z=2.03 m | valid=3095/11766 | roi_mode=full,SAFE (z=2.03m),0,1,1,0,"[{""cx"":573.52,""cy"":481.14,""w"":447.13,""h"":957.43,""x1"":59,""y1"":0,""x2"":133,""y2"":160,""conf"":0.9355,""depth_m"":null,""depth_valid"":false}]",0.9355,573.52,481.14,447.13,957.43,,10.00,10.00,6.66,8.33,4.97,1155.69,,,,,1155.69
2026-04-24T14:41:12.734,1777030872.734486,exp_latency_final,400_lux,latency_measurement,,,2.0300,1,1,1,detected=True | in_zone=True | depth_valid=True | z=2.03 m | valid=3436/11840 | roi_mode=full,SAFE (z=2.03m),0,0,1,0,"[{""cx"":573.52,""cy"":481.14,""w"":447.13,""h"":957.43,""x1"":59,""y1"":0,""x2"":133,""y2"":160,""conf"":0.9355,""depth_m"":null,""depth_valid"":false}]",0.9355,573.52,481.14,447.13,957.43,,11.46,10.03,5.73,8.60,9.68,1170.32,,,,,1170.32
2026-04-24T14:41:12.834,1777030872.834610,exp_latency_final,400_lux,latency_measurement,,,2.0221,1,1,1,detected=True | in_zone=True | depth_valid=True | z=2.02 m | valid=3569/12084 | roi_mode=full,SAFE (z=2.03m),0,0,1,0,"[{""cx"":533.59,""cy"":477.66,""w"":455.11,""h"":952.11,""x1"":51,""y1"":0,""x2"":127,""y2"":159,""conf"":0.9512,""depth_m"":null,""depth_valid"":false}]",0.9512,533.59,477.66,455.11,952.11,,12.53,10.03,6.27,7.52,9.68,1170.32,,,,,1170.32
2026-04-24T14:41:12.936,1777030872.936472,exp_latency_final,400_lux,latency_measurement,,,2.0220,1,1,1,detected=True | in_zone=True | depth_valid=True | z=2.02 m | valid=3715/12084 | roi_mode=full,SAFE (z=2.03m),0,0,1,0,"[{""cx"":527.42,""cy"":479.69,""w"":480.08,""h"":954.95,""x1"":48,""y1"":0,""x2"":128,""y2"":160,""conf"":0.9553,""depth_m"":null,""depth_valid"":false}]",0.9553,527.42,479.69,480.08,954.95,,13.34,10.00,6.67,7.78,13.14,1168.37,,,,,1168.37
2026-04-24T14:41:13.034,1777030873.034695,exp_latency_final,400_lux,latency_measurement,,,2.0213,1,1,1,detected=True | in_zone=True | depth_valid=True | z=2.02 m | valid=4112/12800 | roi_mode=full,SAFE (z=2.02m),0,1,1,0,"[{""cx"":527.42,""cy"":479.69,""w"":480.08,""h"":954.95,""x1"":48,""y1"":0,""x2"":128,""y2"":160,""conf"":0.9553,""depth_m"":null,""depth_valid"":false}]",0.9553,527.42,479.69,480.08,954.95,,13.03,10.02,6.01,8.02,10.39,1287.22,,,,,1287.22
2026-04-24T14:41:13.134,1777030873.134849,exp_latency_final,400_lux,latency_measurement,,,2.0284,1,1,1,detected=True | in_zone=True | depth_valid=True | z=2.03 m | valid=4283/13746 | roi_mode=full,SAFE (z=2.03m),0,1,2,0,"[{""cx"":467.73,""cy"":478.58,""w"":519.36,""h"":949.29,""x1"":35,""y1"":1,""x2"":122,""y2"":159,""conf"":0.8452,""depth_m"":null,""depth_valid"":false},{""cx"":662.02,""cy"":451.03,""w"":97.04,""h"":103.29,""x1"":103,""y1"":67,""x2"":119,""y2"":84,""conf"":0.6426,""depth_m"":null,""depth_valid"":false}]",0.8452,467.73,478.58,519.36,949.29,,12.75,10.02,6.37,8.20,122.52,1275.39,,,,,1275.39
2026-04-24T14:41:13.234,1777030873.234611,exp_latency_final,400_lux,latency_measurement,,,2.0220,1,1,1,detected=True | in_zone=True | depth_valid=True | z=2.02 m | valid=4309/13746 | roi_mode=full,SAFE (z=2.02m),0,1,2,0,"[{""cx"":467.73,""cy"":478.58,""w"":519.36,""h"":949.29,""x1"":35,""y1"":1,""x2"":122,""y2"":159,""conf"":0.8452,""depth_m"":null,""depth_valid"":false},{""cx"":662.02,""cy"":451.03,""w"":97.04,""h"":103.29,""x1"":103,""y1"":67,""x2"":119,""y2"":84,""conf"":0.6426,""depth_m"":null,""depth_valid"":false}]",0.8452,467.73,478.58,519.36,949.29,,10.02,10.02,0.00,10.02,5.53,1380.90,,,,,1380.90
2026-04-24T14:41:13.335,1777030873.335244,exp_latency_final,400_lux,latency_measurement,,,2.0220,1,1,1,detected=True | in_zone=True | depth_valid=True | z=2.02 m | valid=4309/13746 | roi_mode=full,SAFE (z=2.02m),0,0,2,0,"[{""cx"":393.13,""cy"":479.74,""w"":477.25,""h"":954.24,""x1"":26,""y1"":0,""x2"":106,""y2"":159,""conf"":0.9172,""depth_m"":null,""depth_valid"":false},{""cx"":662.17,""cy"":449.92,""w"":98.63,""h"":100.65,""x1"":102,""y1"":67,""x2"":119,""y2"":83,""conf"":0.6455,""depth_m"":null,""depth_valid"":false}]",0.9172,393.13,479.74,477.25,954.24,,4.99,9.98,4.99,4.99,5.53,1380.90,,,,,1380.90
2026-04-24T14:41:13.434,1777030873.434582,exp_latency_final,400_lux,latency_measurement,,,2.0588,1,1,1,detected=True | in_zone=True | depth_valid=True | z=2.06 m | valid=3324/10586 | roi_mode=full,SAFE (z=2.03m),0,1,2,0,"[{""cx"":204.09,""cy"":479.55,""w"":402.2,""h"":951.71,""x1"":1,""y1"":1,""x2"":68,""y2"":159,""conf"":0.955,""depth_m"":null,""depth_valid"":false},{""cx"":430.31,""cy"":441.27,""w"":95.18,""h"":94.84,""x1"":64,""y1"":66,""x2"":80,""y2"":81,""conf"":0.8057,""depth_m"":null,""depth_valid"":false}]",0.9550,204.09,479.55,402.20,951.71,,10.01,10.01,6.67,6.67,6.09,1452.84,,,,,1452.84
2026-04-24T14:41:13.534,1777030873.534564,exp_latency_final,400_lux,latency_measurement,,,2.0723,1,1,1,detected=True | in_zone=True | depth_valid=True | z=2.07 m | valid=3439/10586 | roi_mode=full,SAFE (z=2.03m),0,0,2,0,"[{""cx"":204.09,""cy"":479.55,""w"":402.2,""h"":951.71,""x1"":1,""y1"":1,""x2"":68,""y2"":159,""conf"":0.955,""depth_m"":null,""depth_valid"":false},{""cx"":430.31,""cy"":441.27,""w"":95.18,""h"":94.84,""x1"":64,""y1"":66,""x2"":80,""y2"":81,""conf"":0.8057,""depth_m"":null,""depth_valid"":false}]",0.9550,204.09,479.55,402.20,951.71,,10.01,10.01,5.00,5.00,6.09,1452.84,,,,,1452.84
2026-04-24T14:41:13.636,1777030873.636937,exp_latency_final,400_lux,latency_measurement,,,2.0590,1,1,1,detected=True | in_zone=True | depth_valid=True | z=2.06 m | valid=3377/10744 | roi_mode=full,SAFE (z=2.07m),0,1,3,0,"[{""cx"":203.2,""cy"":478.01,""w"":406.4,""h"":946.18,""x1"":0,""y1"":1,""x2"":68,""y2"":159,""conf"":0.9149,""depth_m"":null,""depth_valid"":false},{""cx"":429.98,""cy"":441.12,""w"":93.28,""h"":95.1,""x1"":64,""y1"":66,""x2"":80,""y2"":81,""conf"":0.7973,""depth_m"":null,""depth_valid"":false},{""cx"":662.6,""cy"":449.28,""w"":97.65,""h"":99.96,""x1"":103,""y1"":67,""x2"":119,""y2"":83,""conf"":0.6226,""depth_m"":null,""depth_valid"":false}]",0.9149,203.20,478.01,406.40,946.18,,11.95,9.96,5.97,5.97,3.67,1177.62,,,,,1177.62
2026-04-24T14:41:13.734,1777030873.734483,exp_latency_final,400_lux,latency_measurement,,,2.0574,1,1,1,detected=True | in_zone=True | depth_valid=True | z=2.06 m | valid=3365/10744 | roi_mode=full,SAFE (z=2.06m),0,1,1,0,"[{""cx"":430.31,""cy"":441.2,""w"":93.76,""h"":94.78,""x1"":64,""y1"":66,""x2"":80,""y2"":81,""conf"":0.8058,""depth_m"":null,""depth_valid"":false}]",0.8058,430.31,441.20,93.76,94.78,,11.67,10.01,6.67,6.67,99.31,1309.84,,,,,1309.84
2026-04-24T14:41:13.835,1777030873.835352,exp_latency_final,400_lux,latency_measurement,,,2.0574,0,1,0,detected=False | in_zone=False | depth_valid=True | z=2.06 m | valid=0/0 | roi_mode=full,SAFE (z=2.06m),0,0,1,0,"[{""cx"":430.31,""cy"":441.2,""w"":93.76,""h"":94.78,""x1"":64,""y1"":66,""x2"":80,""y2"":81,""conf"":0.8058,""depth_m"":null,""depth_valid"":false}]",0.8058,430.31,441.20,93.76,94.78,,11.42,9.99,5.71,5.71,99.31,1309.84,,,,,1309.84
2026-04-24T14:41:13.935,1777030873.935039,exp_latency_final,400_lux,latency_measurement,,,2.0574,0,1,0,detected=False | in_zone=False | depth_valid=True | z=2.06 m | valid=0/0 | roi_mode=full,SAFE (z=2.06m),0,0,1,0,"[{""cx"":429.93,""cy"":441.34,""w"":93.19,""h"":94.98,""x1"":64,""y1"":66,""x2"":80,""y2"":81,""conf"":0.8082,""depth_m"":null,""depth_valid"":false}]",0.8082,429.93,441.34,93.19,94.98,,11.25,10.00,6.25,6.25,56.32,1122.15,,,,,1122.15
2026-04-24T14:41:14.034,1777030874.034846,exp_latency_final,400_lux,latency_measurement,,,2.0574,0,1,0,detected=False | in_zone=False | depth_valid=True | z=2.06 m | valid=0/0 | roi_mode=full,SAFE (z=2.06m),0,0,1,0,"[{""cx"":429.93,""cy"":441.34,""w"":93.19,""h"":94.98,""x1"":64,""y1"":66,""x2"":80,""y2"":81,""conf"":0.8082,""depth_m"":null,""depth_valid"":false}]",0.8082,429.93,441.34,93.19,94.98,,12.22,10.00,5.56,6.67,120.43,1069.09,,,,,1069.09
2026-04-24T14:41:14.134,1777030874.134575,exp_latency_final,400_lux,latency_measurement,,,-1.0000,0,0,0,detected=False | in_zone=False | depth_valid=False | z=invalid | valid=0/0 | roi_mode=full,SAFE (z=invalid),0,1,1,0,"[{""cx"":429.36,""cy"":441.36,""w"":92.22,""h"":94.97,""x1"":64,""y1"":66,""x2"":79,""y2"":81,""conf"":0.808,""depth_m"":null,""depth_valid"":false}]",0.8080,429.36,441.36,92.22,94.97,,12.00,10.00,6.00,7.00,12.51,1033.43,,,,,1033.43
2026-04-24T14:41:14.236,1777030874.236180,exp_latency_final,400_lux,latency_measurement,,,-1.0000,0,0,0,detected=False | in_zone=False | depth_valid=False | z=invalid | valid=0/0 | roi_mode=full,SAFE (z=invalid),0,0,1,0,"[{""cx"":429.84,""cy"":441.24,""w"":93.44,""h"":94.76,""x1"":64,""y1"":66,""x2"":80,""y2"":81,""conf"":0.7979,""depth_m"":null,""depth_valid"":false}]",0.7979,429.84,441.24,93.44,94.76,,11.80,9.99,6.36,6.36,12.51,1033.43,,,,,1033.43
2026-04-24T14:41:14.334,1777030874.334918,exp_latency_final,400_lux,latency_measurement,,,-1.0000,0,0,0,detected=False | in_zone=False | depth_valid=False | z=invalid | valid=0/0 | roi_mode=full,SAFE (z=invalid),0,0,1,0,"[{""cx"":429.84,""cy"":441.24,""w"":93.44,""h"":94.76,""x1"":64,""y1"":66,""x2"":80,""y2"":81,""conf"":0.7979,""depth_m"":null,""depth_valid"":false}]",0.7979,429.84,441.24,93.44,94.76,,0.00,10.13,0.00,0.00,12.51,1033.43,,,,,1033.43
2026-04-24T14:41:14.434,1777030874.434417,exp_latency_final,400_lux,latency_measurement,,,-1.0000,0,0,0,detected=False | in_zone=False | depth_valid=False | z=invalid | valid=0/0 | roi_mode=full,SAFE (z=invalid),0,0,1,0,"[{""cx"":430.61,""cy"":441.25,""w"":94.35,""h"":95.14,""x1"":64,""y1"":66,""x2"":80,""y2"":81,""conf"":0.8059,""depth_m"":null,""depth_valid"":false}]",0.8059,430.61,441.25,94.35,95.14,,10.09,10.09,5.04,5.04,226.26,942.79,,,,,942.79
2026-04-24T14:41:14.534,1777030874.534661,exp_latency_final,400_lux,latency_measurement,,,-1.0000,0,0,0,detected=False | in_zone=False | depth_valid=False | z=invalid | valid=0/0 | roi_mode=full,SAFE (z=invalid),0,0,1,0,"[{""cx"":430.61,""cy"":441.25,""w"":94.35,""h"":95.14,""x1"":64,""y1"":66,""x2"":80,""y2"":81,""conf"":0.8059,""depth_m"":null,""depth_valid"":false}]",0.8059,430.61,441.25,94.35,95.14,,6.70,10.05,3.35,3.35,226.26,942.79,,,,,942.79
2026-04-24T14:41:14.634,1777030874.634764,exp_latency_final,400_lux,latency_measurement,,,-1.0000,0,0,0,detected=False | in_zone=False | depth_valid=False | z=invalid | valid=0/0 | roi_mode=full,SAFE (z=invalid),0,0,1,0,"[{""cx"":430.1,""cy"":441.27,""w"":94.09,""h"":95.1,""x1"":64,""y1"":66,""x2"":80,""y2"":81,""conf"":0.8086,""depth_m"":null,""depth_valid"":false}]",0.8086,430.10,441.27,94.09,95.10,,10.03,10.03,5.02,5.02,17.81,812.87,,,,,812.87
2026-04-24T14:41:14.734,1777030874.734543,exp_latency_final,400_lux,latency_measurement,,,-1.0000,0,0,0,detected=False | in_zone=False | depth_valid=False | z=invalid | valid=0/0 | roi_mode=full,SAFE (z=invalid),0,0,1,0,"[{""cx"":430.1,""cy"":441.27,""w"":94.09,""h"":95.1,""x1"":64,""y1"":66,""x2"":80,""y2"":81,""conf"":0.8086,""depth_m"":null,""depth_valid"":false}]",0.8086,430.10,441.27,94.09,95.10,,12.04,10.03,4.01,6.02,5.63,928.89,,,,,928.89
2026-04-24T14:41:14.834,1777030874.834616,exp_latency_final,400_lux,latency_measurement,,,-1.0000,0,0,0,detected=False | in_zone=False | depth_valid=False | z=invalid | valid=0/0 | roi_mode=full,SAFE (z=invalid),0,0,1,0,"[{""cx"":430.55,""cy"":441.31,""w"":93.35,""h"":95.22,""x1"":64,""y1"":66,""x2"":80,""y2"":81,""conf"":0.8037,""depth_m"":null,""depth_valid"":false}]",0.8037,430.55,441.31,93.35,95.22,,10.03,10.03,5.01,5.01,5.63,928.89,,,,,928.89
2026-04-24T14:41:14.952,1777030874.952060,exp_latency_final,400_lux,latency_measurement,,,-1.0000,0,0,0,detected=False | in_zone=False | depth_valid=False | z=invalid | valid=0/0 | roi_mode=full,SAFE (z=invalid),0,0,1,0,"[{""cx"":430.39,""cy"":441.14,""w"":94.05,""h"":95.17,""x1"":64,""y1"":66,""x2"":80,""y2"":81,""conf"":0.8053,""depth_m"":null,""depth_valid"":false}]",0.8053,430.39,441.14,94.05,95.17,,9.78,9.78,5.59,5.59,200.82,1074.62,,,,,1074.62
2026-04-24T14:41:15.035,1777030875.035105,exp_latency_final,400_lux,latency_measurement,,,-1.0000,0,0,0,detected=False | in_zone=False | depth_valid=False | z=invalid | valid=0/0 | roi_mode=full,SAFE (z=invalid),0,0,1,0,"[{""cx"":430.39,""cy"":441.14,""w"":94.05,""h"":95.17,""x1"":64,""y1"":66,""x2"":80,""y2"":81,""conf"":0.8053,""depth_m"":null,""depth_valid"":false}]",0.8053,430.39,441.14,94.05,95.17,,12.52,10.01,5.01,6.26,4.10,1037.19,,,,,1037.19
2026-04-24T14:41:15.145,1777030875.145492,exp_latency_final,400_lux,latency_measurement,,,-1.0000,0,0,0,detected=False | in_zone=False | depth_valid=False | z=invalid | valid=0/0 | roi_mode=full,SAFE (z=invalid),0,0,1,0,"[{""cx"":428.85,""cy"":441.07,""w"":94.01,""h"":96.38,""x1"":64,""y1"":65,""x2"":80,""y2"":82,""conf"":0.8274,""depth_m"":null,""depth_valid"":false}]",0.8274,428.85,441.07,94.01,96.38,,12.10,9.90,5.50,5.50,4.10,1037.19,,,,,1037.19
2026-04-24T14:41:15.234,1777030875.234606,exp_latency_final,400_lux,latency_measurement,,,-1.0000,0,0,0,detected=False | in_zone=False | depth_valid=False | z=invalid | valid=0/0 | roi_mode=full,SAFE (z=invalid),0,0,1,0,"[{""cx"":428.85,""cy"":441.07,""w"":94.01,""h"":96.38,""x1"":64,""y1"":65,""x2"":80,""y2"":82,""conf"":0.8274,""depth_m"":null,""depth_valid"":false}]",0.8274,428.85,441.07,94.01,96.38,,11.02,10.02,5.01,5.01,4.10,1037.19,,,,,1037.19
2026-04-24T14:41:15.335,1777030875.335528,exp_latency_final,400_lux,latency_measurement,,,-1.0000,0,0,0,detected=False | in_zone=False | depth_valid=False | z=invalid | valid=0/0 | roi_mode=full,SAFE (z=invalid),0,0,1,0,"[{""cx"":427.53,""cy"":440.3,""w"":92.53,""h"":98.1,""x1"":64,""y1"":65,""x2"":79,""y2"":82,""conf"":0.8328,""depth_m"":null,""depth_valid"":false}]",0.8328,427.53,440.30,92.53,98.10,,10.92,10.01,5.46,5.46,208.38,785.69,,,,,785.69
2026-04-24T14:41:15.435,1777030875.435400,exp_latency_final,400_lux,latency_measurement,,,-1.0000,0,0,0,detected=False | in_zone=False | depth_valid=False | z=invalid | valid=0/0 | roi_mode=full,SAFE (z=invalid),0,0,1,0,"[{""cx"":427.63,""cy"":439.89,""w"":92.93,""h"":98.59,""x1"":64,""y1"":65,""x2"":79,""y2"":82,""conf"":0.8299,""depth_m"":null,""depth_valid"":false}]",0.8299,427.63,439.89,92.93,98.59,,10.01,10.01,10.01,0.00,208.38,785.69,,,,,785.69
2026-04-24T14:41:15.534,1777030875.534596,exp_latency_final,400_lux,latency_measurement,,,-1.0000,0,0,0,detected=False | in_zone=False | depth_valid=False | z=invalid | valid=0/0 | roi_mode=full,SAFE (z=invalid),0,0,1,0,"[{""cx"":427.63,""cy"":439.89,""w"":92.93,""h"":98.59,""x1"":64,""y1"":65,""x2"":79,""y2"":82,""conf"":0.8299,""depth_m"":null,""depth_valid"":false}]",0.8299,427.63,439.89,92.93,98.59,,10.05,10.05,5.02,5.02,170.19,899.03,,,,,899.03
2026-04-24T14:41:15.634,1777030875.634687,exp_latency_final,400_lux,latency_measurement,,,-1.0000,0,0,0,detected=False | in_zone=False | depth_valid=False | z=invalid | valid=0/0 | roi_mode=full,SAFE (z=invalid),0,0,1,0,"[{""cx"":427.81,""cy"":439.59,""w"":92.39,""h"":99.08,""x1"":64,""y1"":65,""x2"":79,""y2"":82,""conf"":0.8349,""depth_m"":null,""depth_valid"":false}]",0.8349,427.81,439.59,92.39,99.08,,6.69,10.03,6.69,3.34,170.19,899.03,,,,,899.03
2026-04-24T14:41:15.735,1777030875.735296,exp_latency_final,400_lux,latency_measurement,,,-1.0000,0,0,0,detected=False | in_zone=False | depth_valid=False | z=invalid | valid=0/0 | roi_mode=full,SAFE (z=invalid),0,0,1,0,"[{""cx"":427.91,""cy"":438.88,""w"":92.12,""h"":99.79,""x1"":64,""y1"":65,""x2"":79,""y2"":81,""conf"":0.8358,""depth_m"":null,""depth_valid"":false}]",0.8358,427.91,438.88,92.12,99.79,,7.50,10.01,7.50,5.00,2.59,888.22,,,,,888.22
2026-04-24T14:41:15.836,1777030875.836313,exp_latency_final,400_lux,latency_measurement,,,-1.0000,0,0,0,detected=False | in_zone=False | depth_valid=False | z=invalid | valid=0/0 | roi_mode=full,SAFE (z=invalid),0,0,1,0,"[{""cx"":427.69,""cy"":439.02,""w"":92.46,""h"":99.94,""x1"":64,""y1"":65,""x2"":79,""y2"":81,""conf"":0.8355,""depth_m"":null,""depth_valid"":false}]",0.8355,427.69,439.02,92.46,99.94,,7.99,9.98,7.99,5.99,6.72,977.21,,,,,977.21
2026-04-24T14:41:15.937,1777030875.937282,exp_latency_final,400_lux,latency_measurement,,,-1.0000,0,0,0,detected=False | in_zone=False | depth_valid=False | z=invalid | valid=0/0 | roi_mode=full,SAFE (z=invalid),0,0,1,0,"[{""cx"":427.69,""cy"":439.02,""w"":92.46,""h"":99.94,""x1"":64,""y1"":65,""x2"":79,""y2"":81,""conf"":0.8355,""depth_m"":null,""depth_valid"":false}]",0.8355,427.69,439.02,92.46,99.94,,8.31,9.97,6.65,4.99,6.72,977.21,,,,,977.21
2026-04-24T14:41:16.034,1777030876.034608,exp_latency_final,400_lux,latency_measurement,,,-1.0000,0,0,0,detected=False | in_zone=False | depth_valid=False | z=invalid | valid=0/0 | roi_mode=full,SAFE (z=invalid),0,0,1,0,"[{""cx"":427.46,""cy"":439.02,""w"":91.51,""h"":100.28,""x1"":64,""y1"":65,""x2"":79,""y2"":82,""conf"":0.8345,""depth_m"":null,""depth_valid"":false}]",0.8345,427.46,439.02,91.51,100.28,,8.58,10.01,7.15,5.72,13.45,1111.52,,,,,1111.52
2026-04-24T14:41:16.144,1777030876.144513,exp_latency_final,400_lux,latency_measurement,,,-1.0000,0,0,0,detected=False | in_zone=False | depth_valid=False | z=invalid | valid=0/0 | roi_mode=full,SAFE (z=invalid),0,0,1,0,"[{""cx"":427.46,""cy"":439.02,""w"":91.51,""h"":100.28,""x1"":64,""y1"":65,""x2"":79,""y2"":82,""conf"":0.8345,""depth_m"":null,""depth_valid"":false}]",0.8345,427.46,439.02,91.51,100.28,,8.65,9.89,6.18,6.18,11.87,1193.47,,,,,1193.47
2026-04-24T14:41:16.234,1777030876.234622,exp_latency_final,400_lux,latency_measurement,,,-1.0000,0,0,0,detected=False | in_zone=False | depth_valid=False | z=invalid | valid=0/0 | roi_mode=full,SAFE (z=invalid),0,0,1,0,"[{""cx"":427.02,""cy"":438.67,""w"":90.25,""h"":100.56,""x1"":64,""y1"":65,""x2"":79,""y2"":81,""conf"":0.8304,""depth_m"":null,""depth_valid"":false}]",0.8304,427.02,438.67,90.25,100.56,,8.90,10.01,6.67,5.56,11.87,1193.47,,,,,1193.47
2026-04-24T14:41:16.335,1777030876.335770,exp_latency_final,400_lux,latency_measurement,,,-1.0000,0,0,0,detected=False | in_zone=False | depth_valid=False | z=invalid | valid=0/0 | roi_mode=full,SAFE (z=invalid),0,0,1,0,"[{""cx"":427.1,""cy"":438.46,""w"":90.68,""h"":100.42,""x1"":64,""y1"":65,""x2"":79,""y2"":81,""conf"":0.8429,""depth_m"":null,""depth_valid"":false}]",0.8429,427.10,438.46,90.68,100.42,,10.00,10.00,7.00,6.00,22.54,1311.15,,,,,1311.15
2026-04-24T14:41:16.435,1777030876.434944,exp_latency_final,400_lux,latency_measurement,,,-1.0000,0,0,0,detected=False | in_zone=False | depth_valid=False | z=invalid | valid=0/0 | roi_mode=full,SAFE (z=invalid),0,0,1,0,"[{""cx"":427.1,""cy"":438.46,""w"":90.68,""h"":100.42,""x1"":64,""y1"":65,""x2"":79,""y2"":81,""conf"":0.8429,""depth_m"":null,""depth_valid"":false}]",0.8429,427.10,438.46,90.68,100.42,,0.00,10.08,0.00,0.00,22.54,1311.15,,,,,1311.15
2026-04-24T14:41:16.534,1777030876.534827,exp_latency_final,400_lux,latency_measurement,,,-1.0000,0,0,0,detected=False | in_zone=False | depth_valid=False | z=invalid | valid=0/0 | roi_mode=full,SAFE (z=invalid),0,0,1,0,"[{""cx"":427.1,""cy"":438.46,""w"":90.68,""h"":100.42,""x1"":64,""y1"":65,""x2"":79,""y2"":81,""conf"":0.8429,""depth_m"":null,""depth_valid"":false}]",0.8429,427.10,438.46,90.68,100.42,,10.05,10.05,0.00,5.02,18.38,1440.76,,,,,1440.76
2026-04-24T14:41:16.634,1777030876.634611,exp_latency_final,400_lux,latency_measurement,,,-1.0000,0,0,0,detected=False | in_zone=False | depth_valid=False | z=invalid | valid=0/0 | roi_mode=full,SAFE (z=invalid),0,0,2,0,"[{""cx"":427.24,""cy"":438.55,""w"":91.21,""h"":100.66,""x1"":64,""y1"":65,""x2"":79,""y2"":81,""conf"":0.8243,""depth_m"":null,""depth_valid"":false},{""cx"":662.26,""cy"":449.68,""w"":98.68,""h"":100.35,""x1"":102,""y1"":67,""x2"":119,""y2"":83,""conf"":0.6212,""depth_m"":null,""depth_valid"":false}]",0.6212,662.26,449.68,98.68,100.35,,6.69,10.04,3.35,3.35,18.38,1440.76,,,,,1440.76
2026-04-24T14:41:16.735,1777030876.735570,exp_latency_final,400_lux,latency_measurement,,,-1.0000,0,0,0,detected=False | in_zone=False | depth_valid=False | z=invalid | valid=0/0 | roi_mode=full,SAFE (z=invalid),0,0,1,0,"[{""cx"":427.45,""cy"":439.71,""w"":93.29,""h"":98.99,""x1"":64,""y1"":65,""x2"":79,""y2"":82,""conf"":0.831,""depth_m"":null,""depth_valid"":false}]",0.8310,427.45,439.71,93.29,98.99,,5.00,10.00,5.00,2.50,18.38,1440.76,,,,,1440.76
